1584352800,Altenburger Land,0,3,0,0,0,0
1584352800,Eichsfeld,0,3,0,0,0,0
1584352800,Eisenach,0,1,0,0,0,0
1584352800,Erfurt,0,8,2,0,0,1
1584352800,Gera,0,1,0,0,0,0
1584352800,Gotha,0,1,0,0,0,0
1584352800,Greiz,2,3,1,0,0,0
1584352800,Hildburghausen,0,0,0,0,0,0
1584352800,Ilm-Kreis,0,1,0,0,0,0
1584352800,Jena,0,8,0,0,0,0
1584352800,Kyffhäuserkreis,1,7,1,0,0,0
1584352800,Nordhausen,0,2,0,0,0,0
1584352800,Saale-Holzland-Kreis,0,3,0,0,0,0
1584352800,Saale-Orla-Kreis,0,3,1,0,0,0
1584352800,Saalfeld-Rudolstadt,0,5,0,0,0,0
1584352800,Schmalkalden-Meiningen,0,2,0,0,0,0
1584352800,Sömmerda,0,0,0,0,0,0
1584352800,Sonneberg,0,0,0,0,0,0
1584352800,Suhl,0,1,0,0,0,0
1584352800,Unstrut-Hainich-Kreis,0,0,0,0,0,0
1584352800,Wartburgkreis,0,0,0,0,0,0
1584352800,Weimar,1,2,0,0,0,0
1584352800,Weimarer Land,0,1,0,0,0,0
1584439200,Altenburger Land,1,4,1,0,0,0
1584439200,Eichsfeld,0,3,0,0,0,0
1584439200,Eisenach,0,1,0,0,0,0
1584439200,Erfurt,6,14,2,0,0,1
1584439200,Gera,1,2,0,0,0,0
1584439200,Gotha,0,1,0,0,0,0
1584439200,Greiz,0,3,1,0,0,0
1584439200,Hildburghausen,0,0,0,0,0,0
1584439200,Ilm-Kreis,0,1,0,0,0,0
1584439200,Jena,0,8,0,0,0,0
1584439200,Kyffhäuserkreis,1,8,1,0,0,0
1584439200,Nordhausen,0,2,0,0,0,0
1584439200,Saale-Holzland-Kreis,0,3,0,0,0,0
1584439200,Saale-Orla-Kreis,0,3,1,0,0,0
1584439200,Saalfeld-Rudolstadt,0,5,0,0,0,0
1584439200,Schmalkalden-Meiningen,1,3,0,0,0,0
1584439200,Sömmerda,0,0,0,0,0,0
1584439200,Sonneberg,0,0,0,0,0,0
1584439200,Suhl,0,1,0,0,0,0
1584439200,Unstrut-Hainich-Kreis,1,1,0,0,0,0
1584439200,Wartburgkreis,3,3,0,0,0,0
1584439200,Weimar,1,3,0,0,0,0
1584439200,Weimarer Land,1,2,0,0,0,0
1584525600,Altenburger Land,1,5,1,0,0,0
1584525600,Eichsfeld,0,3,0,0,0,0
1584525600,Eisenach,0,1,0,0,0,0
1584525600,Erfurt,4,18,2,0,0,1
1584525600,Gera,0,2,0,0,0,0
1584525600,Gotha,0,1,0,0,0,0
1584525600,Greiz,4,7,2,0,0,0
1584525600,Hildburghausen,0,0,0,0,0,0
1584525600,Ilm-Kreis,0,1,0,0,0,0
1584525600,Jena,0,8,0,0,0,0
1584525600,Kyffhäuserkreis,0,8,0,0,0,0
1584525600,Nordhausen,0,2,0,0,0,0
1584525600,Saale-Holzland-Kreis,1,4,0,0,0,0
1584525600,Saale-Orla-Kreis,1,4,1,0,0,0
1584525600,Saalfeld-Rudolstadt,0,5,0,0,0,0
1584525600,Schmalkalden-Meiningen,0,3,0,0,0,0
1584525600,Sömmerda,0,0,0,0,0,0
1584525600,Sonneberg,0,0,0,0,0,0
1584525600,Suhl,0,1,0,0,0,0
1584525600,Unstrut-Hainich-Kreis,1,2,0,0,0,0
1584525600,Wartburgkreis,1,4,0,0,0,0
1584525600,Weimar,3,6,0,0,0,0
1584525600,Weimarer Land,0,2,1,0,0,0
1584612000,Altenburger Land,0,5,1,0,0,0
1584612000,Eichsfeld,0,3,0,0,0,0
1584612000,Eisenach,0,1,0,0,0,0
1584612000,Erfurt,1,15,2,0,0,1
1584612000,Gera,2,4,0,0,0,0
1584612000,Gotha,0,1,0,0,0,0
1584612000,Greiz,8,15,4,0,0,0
1584612000,Hildburghausen,0,0,0,0,0,0
1584612000,Ilm-Kreis,2,3,0,0,0,0
1584612000,Jena,1,9,0,0,0,0
1584612000,Kyffhäuserkreis,1,8,0,0,0,0
1584612000,Nordhausen,0,2,0,0,0,0
1584612000,Saale-Holzland-Kreis,2,6,0,0,0,0
1584612000,Saale-Orla-Kreis,0,4,1,0,0,1
1584612000,Saalfeld-Rudolstadt,2,8,0,0,0,0
1584612000,Schmalkalden-Meiningen,2,4,0,0,0,0
1584612000,Sömmerda,1,1,0,0,0,0
1584612000,Sonneberg,0,0,0,0,0,0
1584612000,Suhl,0,1,0,0,0,0
1584612000,Unstrut-Hainich-Kreis,0,2,0,0,0,0
1584612000,Wartburgkreis,1,5,0,0,0,0
1584612000,Weimar,1,7,0,0,0,0
1584612000,Weimarer Land,2,4,1,0,0,0
1584698400,Altenburger Land,0,5,1,0,0,0
1584698400,Eichsfeld,1,4,1,0,0,1
1584698400,Eisenach,0,1,0,0,0,0
1584698400,Erfurt,10,25,3,0,0,1
1584698400,Gera,0,4,0,0,0,0
1584698400,Gotha,3,4,0,0,0,0
1584698400,Greiz,7,22,5,0,0,0
1584698400,Hildburghausen,0,0,0,0,0,0
1584698400,Ilm-Kreis,1,4,0,0,0,0
1584698400,Jena,4,13,0,0,0,0
1584698400,Kyffhäuserkreis,2,10,0,0,0,0
1584698400,Nordhausen,0,2,0,0,0,0
1584698400,Saale-Holzland-Kreis,7,13,1,0,0,0
1584698400,Saale-Orla-Kreis,2,6,1,0,0,1
1584698400,Saalfeld-Rudolstadt,4,12,1,0,0,0
1584698400,Schmalkalden-Meiningen,5,9,0,0,0,0
1584698400,Sömmerda,1,2,1,0,0,0
1584698400,Sonneberg,0,0,0,0,0,0
1584698400,Suhl,0,1,0,0,0,0
1584698400,Unstrut-Hainich-Kreis,3,5,0,0,0,0
1584698400,Wartburgkreis,2,7,0,0,0,0
1584698400,Weimar,0,7,0,0,0,0
1584698400,Weimarer Land,1,5,1,0,0,0
1584781200,Altenburger Land,0,5,0,0,0,0
1584781200,Eichsfeld,4,8,0,0,0,1
1584781200,Eisenach,0,1,0,0,0,0
1584781200,Erfurt,2,27,3,0,0,3
1584781200,Gera,0,4,0,0,0,0
1584781200,Gotha,0,4,0,0,0,0
1584781200,Greiz,8,30,4,0,0,6
1584781200,Hildburghausen,1,1,0,0,0,0
1584781200,Ilm-Kreis,3,7,0,0,0,0
1584781200,Jena,8,21,0,0,0,1
1584781200,Kyffhäuserkreis,2,12,0,0,0,5
1584781200,Nordhausen,1,3,0,0,0,0
1584781200,Saale-Holzland-Kreis,1,14,0,0,0,2
1584781200,Saale-Orla-Kreis,1,7,1,0,0,2
1584781200,Saalfeld-Rudolstadt,0,12,1,0,0,2
1584781200,Schmalkalden-Meiningen,4,13,0,0,0,2
1584781200,Sömmerda,1,3,1,0,0,0
1584781200,Sonneberg,0,0,0,0,0,0
1584781200,Suhl,1,2,0,0,0,0
1584781200,Unstrut-Hainich-Kreis,0,5,0,0,0,0
1584781200,Wartburgkreis,2,9,0,0,0,0
1584781200,Weimar,3,10,0,0,0,0
1584781200,Weimarer Land,4,9,1,0,0,0
1584867600,Altenburger Land,2,7,0,0,0,0
1584867600,Eichsfeld,7,15,0,0,0,1
1584867600,Eisenach,0,1,0,0,0,0
1584867600,Erfurt,1,28,3,0,0,3
1584867600,Gera,0,4,0,0,0,0
1584867600,Gotha,0,4,0,0,0,0
1584867600,Greiz,6,36,5,0,0,6
1584867600,Hildburghausen,0,1,0,0,0,0
1584867600,Ilm-Kreis,3,10,0,0,0,0
1584867600,Jena,0,21,0,0,0,1
1584867600,Kyffhäuserkreis,0,12,0,0,0,5
1584867600,Nordhausen,0,3,0,0,0,0
1584867600,Saale-Holzland-Kreis,3,17,0,0,0,5
1584867600,Saale-Orla-Kreis,0,7,1,0,0,2
1584867600,Saalfeld-Rudolstadt,5,17,1,0,0,2
1584867600,Schmalkalden-Meiningen,0,13,0,0,0,2
1584867600,Sömmerda,1,4,1,0,0,0
1584867600,Sonneberg,0,0,0,0,0,0
1584867600,Suhl,2,4,0,0,0,0
1584867600,Unstrut-Hainich-Kreis,0,5,0,0,0,0
1584867600,Wartburgkreis,0,9,0,0,0,0
1584867600,Weimar,0,10,0,0,0,0
1584867600,Weimarer Land,0,9,1,0,0,0
1584954000,Altenburger Land,1,8,0,0,0,0
1584954000,Eichsfeld,3,18,0,0,0,1
1584954000,Eisenach,0,1,0,0,0,0
1584954000,Erfurt,1,29,3,0,0,4
1584954000,Gera,0,4,0,0,0,1
1584954000,Gotha,0,4,0,0,0,0
1584954000,Greiz,9,45,5,0,0,6
1584954000,Hildburghausen,0,1,0,0,0,0
1584954000,Ilm-Kreis,1,11,0,0,0,1
1584954000,Jena,0,21,0,0,1,1
1584954000,Kyffhäuserkreis,0,12,0,0,0,5
1584954000,Nordhausen,0,3,0,0,0,0
1584954000,Saale-Holzland-Kreis,0,17,0,0,0,6
1584954000,Saale-Orla-Kreis,0,7,1,0,0,3
1584954000,Saalfeld-Rudolstadt,0,17,1,0,0,2
1584954000,Schmalkalden-Meiningen,0,13,0,0,0,2
1584954000,Sömmerda,2,6,1,0,0,0
1584954000,Sonneberg,6,6,0,0,0,0
1584954000,Suhl,0,4,0,0,0,0
1584954000,Unstrut-Hainich-Kreis,0,5,0,0,0,1
1584954000,Wartburgkreis,0,9,0,0,0,0
1584954000,Weimar,0,10,0,0,0,0
1584954000,Weimarer Land,3,12,1,0,0,0
1585040400,Altenburger Land,0,8,0,0,0,2
1585040400,Eichsfeld,1,19,1,1,0,2
1585040400,Eisenach,0,1,0,0,0,1
1585040400,Erfurt,15,44,3,0,0,6
1585040400,Gera,0,4,0,0,0,1
1585040400,Gotha,10,14,1,0,0,0
1585040400,Greiz,6,51,6,1,0,8
1585040400,Hildburghausen,0,1,0,0,0,0
1585040400,Ilm-Kreis,2,13,0,0,0,2
1585040400,Jena,35,55,0,0,1,2
1585040400,Kyffhäuserkreis,0,12,0,0,0,6
1585040400,Nordhausen,3,6,0,0,0,1
1585040400,Saale-Holzland-Kreis,0,17,0,0,0,6
1585040400,Saale-Orla-Kreis,1,8,2,0,0,3
1585040400,Saalfeld-Rudolstadt,0,17,1,0,0,3
1585040400,Schmalkalden-Meiningen,2,15,0,0,0,3
1585040400,Sömmerda,2,8,1,0,0,2
1585040400,Sonneberg,0,6,0,0,0,1
1585040400,Suhl,0,4,0,0,0,0
1585040400,Unstrut-Hainich-Kreis,2,7,2,0,0,1
1585040400,Wartburgkreis,5,14,1,0,0,0
1585040400,Weimar,3,13,0,0,0,1
1585040400,Weimarer Land,0,12,1,0,0,1
1585126800,Altenburger Land,9,17,1,0,0,2
1585126800,Eichsfeld,9,28,1,1,0,2
1585126800,Eisenach,0,1,0,0,0,1
1585126800,Erfurt,10,54,3,0,0,8
1585126800,Gera,3,7,0,0,0,1
1585126800,Gotha,2,16,2,0,0,0
1585126800,Greiz,7,58,8,1,1,8
1585126800,Hildburghausen,1,2,0,0,0,0
1585126800,Ilm-Kreis,6,19,0,0,0,3
1585126800,Jena,0,55,0,0,1,5
1585126800,Kyffhäuserkreis,3,15,0,0,0,6
1585126800,Nordhausen,0,6,0,0,0,1
1585126800,Saale-Holzland-Kreis,2,19,0,0,0,7
1585126800,Saale-Orla-Kreis,0,8,2,0,0,3
1585126800,Saalfeld-Rudolstadt,3,20,1,0,0,3
1585126800,Schmalkalden-Meiningen,4,19,0,0,0,4
1585126800,Sömmerda,2,10,2,0,0,2
1585126800,Sonneberg,2,8,0,0,0,1
1585126800,Suhl,1,5,1,0,0,0
1585126800,Unstrut-Hainich-Kreis,0,7,2,0,0,1
1585126800,Wartburgkreis,1,15,2,1,0,0
1585126800,Weimar,6,19,1,0,0,5
1585126800,Weimarer Land,3,15,3,0,0,1
1585213200,Altenburger Land,0,17,1,0,0,0
1585213200,Eichsfeld,10,38,1,1,0,0
1585213200,Eisenach,2,3,0,1,0,0
1585213200,Erfurt,8,62,3,0,0,0
1585213200,Gera,1,8,0,0,0,0
1585213200,Gotha,1,17,2,0,0,0
1585213200,Greiz,28,86,8,2,1,0
1585213200,Hildburghausen,1,3,0,0,0,0
1585213200,Ilm-Kreis,11,30,0,0,1,0
1585213200,Jena,6,61,0,0,1,0
1585213200,Kyffhäuserkreis,2,17,0,0,0,0
1585213200,Nordhausen,1,7,0,0,0,0
1585213200,Saale-Holzland-Kreis,1,20,0,0,0,0
1585213200,Saale-Orla-Kreis,2,10,2,0,0,0
1585213200,Saalfeld-Rudolstadt,5,25,1,0,0,0
1585213200,Schmalkalden-Meiningen,2,21,0,0,0,0
1585213200,Sömmerda,4,14,2,0,0,0
1585213200,Sonneberg,1,9,0,0,0,0
1585213200,Suhl,0,5,1,0,0,0
1585213200,Unstrut-Hainich-Kreis,1,8,2,0,0,0
1585213200,Wartburgkreis,0,15,2,1,0,0
1585213200,Weimar,2,21,1,0,0,0
1585213200,Weimarer Land,0,15,3,0,0,0
1585299600,Altenburger Land,1,18,1,1,0,0
1585299600,Eichsfeld,1,39,2,1,0,0
1585299600,Eisenach,0,3,2,1,0,0
1585299600,Erfurt,4,66,3,0,0,0
1585299600,Gera,0,8,0,0,0,0
1585299600,Gotha,3,20,2,0,0,0
1585299600,Greiz,17,103,13,2,2,0
1585299600,Hildburghausen,3,6,0,0,0,0
1585299600,Ilm-Kreis,9,39,0,0,1,0
1585299600,Jena,0,61,2,0,1,0
1585299600,Kyffhäuserkreis,0,17,0,0,0,0
1585299600,Nordhausen,2,9,1,1,0,0
1585299600,Saale-Holzland-Kreis,1,21,0,0,0,0
1585299600,Saale-Orla-Kreis,1,11,2,0,0,0
1585299600,Saalfeld-Rudolstadt,0,25,3,0,0,0
1585299600,Schmalkalden-Meiningen,4,25,0,0,0,0
1585299600,Sömmerda,6,20,2,0,0,0
1585299600,Sonneberg,4,13,0,0,0,0
1585299600,Suhl,0,5,1,0,0,0
1585299600,Unstrut-Hainich-Kreis,2,10,2,0,0,0
1585299600,Wartburgkreis,0,15,2,1,0,0
1585299600,Weimar,2,23,1,0,0,0
1585299600,Weimarer Land,0,17,2,0,0,0
1585386000,Altenburger Land,1,19,1,1,0,0
1585386000,Eichsfeld,1,42,2,1,1,0
1585386000,Eisenach,1,4,2,1,0,0
1585386000,Erfurt,5,71,3,0,0,0
1585386000,Gera,6,14,0,0,0,0
1585386000,Gotha,3,20,2,0,0,0
1585386000,Greiz,8,111,13,2,2,0
1585386000,Hildburghausen,1,7,1,0,0,0
1585386000,Ilm-Kreis,12,51,0,0,1,0
1585386000,Jena,25,86,3,0,1,0
1585386000,Kyffhäuserkreis,2,19,0,0,0,0
1585386000,Nordhausen,1,10,2,1,0,0
1585386000,Saale-Holzland-Kreis,1,22,0,0,0,0
1585386000,Saale-Orla-Kreis,16,27,2,0,0,0
1585386000,Saalfeld-Rudolstadt,8,33,3,0,0,0
1585386000,Schmalkalden-Meiningen,2,27,0,0,0,0
1585386000,Sömmerda,2,22,2,0,0,0
1585386000,Sonneberg,2,15,0,0,0,0
1585386000,Suhl,0,5,1,0,0,0
1585386000,Unstrut-Hainich-Kreis,0,10,2,0,0,0
1585386000,Wartburgkreis,0,15,2,1,0,0
1585386000,Weimar,1,24,2,0,0,0
1585386000,Weimarer Land,1,18,3,0,0,0
1585468800,Altenburger Land,1,20,1,1,0,0
1585468800,Eichsfeld,5,47,3,1,1,0
1585468800,Eisenach,0,4,2,1,0,0
1585468800,Erfurt,3,74,3,0,0,0
1585468800,Gera,4,18,1,0,0,0
1585468800,Gotha,0,20,2,0,0,0
1585468800,Greiz,10,121,18,2,2,0
1585468800,Hildburghausen,0,7,1,0,0,0
1585468800,Ilm-Kreis,4,55,0,0,1,0
1585468800,Jena,15,101,3,0,1,0
1585468800,Kyffhäuserkreis,0,19,0,0,0,0
1585468800,Nordhausen,1,11,3,1,0,0
1585468800,Saale-Holzland-Kreis,5,27,1,0,0,0
1585468800,Saale-Orla-Kreis,0,27,2,0,0,0
1585468800,Saalfeld-Rudolstadt,0,33,3,0,0,0
1585468800,Schmalkalden-Meiningen,1,28,1,0,0,0
1585468800,Sömmerda,0,22,2,0,0,0
1585468800,Sonneberg,4,19,1,0,0,0
1585468800,Suhl,1,6,2,0,0,0
1585468800,Unstrut-Hainich-Kreis,0,10,2,0,0,0
1585468800,Wartburgkreis,2,17,2,1,0,0
1585468800,Weimar,5,29,2,0,0,0
1585468800,Weimarer Land,3,21,3,0,0,0
1585555200,Altenburger Land,0,20,1,1,0,0
1585555200,Eichsfeld,2,49,3,1,1,0
1585555200,Eisenach,0,4,2,1,0,0
1585555200,Erfurt,2,76,3,0,0,0
1585555200,Gera,1,19,2,0,0,0
1585555200,Gotha,1,21,4,0,0,0
1585555200,Greiz,9,130,19,4,2,0
1585555200,Hildburghausen,0,7,1,0,0,0
1585555200,Ilm-Kreis,0,55,0,0,1,0
1585555200,Jena,0,101,3,0,1,0
1585555200,Kyffhäuserkreis,0,19,0,0,0,0
1585555200,Nordhausen,1,12,3,1,0,0
1585555200,Saale-Holzland-Kreis,0,27,1,0,0,0
1585555200,Saale-Orla-Kreis,4,31,2,0,0,0
1585555200,Saalfeld-Rudolstadt,0,33,3,0,0,0
1585555200,Schmalkalden-Meiningen,2,30,1,1,0,0
1585555200,Sömmerda,0,22,2,0,0,0
1585555200,Sonneberg,1,20,2,0,0,0
1585555200,Suhl,0,6,2,0,0,0
1585555200,Unstrut-Hainich-Kreis,1,11,2,0,0,0
1585555200,Wartburgkreis,0,17,2,1,0,0
1585555200,Weimar,0,29,2,0,0,0
1585555200,Weimarer Land,1,22,3,0,0,0
1585641600,Altenburger Land,1,21,2,1,0,0
1585641600,Eichsfeld,1,50,5,1,1,0
1585641600,Eisenach,0,4,2,1,0,0
1585641600,Erfurt,-1,75,5,0,0,0
1585641600,Gera,0,19,2,0,0,0
1585641600,Gotha,2,23,4,0,0,0
1585641600,Greiz,2,132,21,4,3,0
1585641600,Hildburghausen,0,7,1,0,0,0
1585641600,Ilm-Kreis,3,58,1,1,1,0
1585641600,Jena,10,111,4,0,1,0
1585641600,Kyffhäuserkreis,0,19,0,0,0,0
1585641600,Nordhausen,3,15,3,1,0,0
1585641600,Saale-Holzland-Kreis,2,29,1,0,0,0
1585641600,Saale-Orla-Kreis,3,34,2,0,0,0
1585641600,Saalfeld-Rudolstadt,6,39,3,0,0,0
1585641600,Schmalkalden-Meiningen,0,30,1,1,0,0
1585641600,Sömmerda,1,23,2,0,0,0
1585641600,Sonneberg,2,22,4,1,0,0
1585641600,Suhl,1,7,2,2,0,0
1585641600,Unstrut-Hainich-Kreis,5,16,2,0,0,0
1585641600,Wartburgkreis,1,18,2,1,0,0
1585641600,Weimar,0,29,2,0,0,0
1585641600,Weimarer Land,2,24,3,0,0,0
1585728000,Altenburger Land,3,24,2,1,0,0
1585728000,Eichsfeld,5,55,7,2,1,0
1585728000,Eisenach,0,4,2,1,0,0
1585728000,Erfurt,7,82,6,1,0,0
1585728000,Gera,3,22,2,0,0,0
1585728000,Gotha,3,26,4,0,0,0
1585728000,Greiz,7,139,22,4,4,0
1585728000,Hildburghausen,0,7,1,0,0,0
1585728000,Ilm-Kreis,7,65,1,1,1,0
1585728000,Jena,2,113,5,0,1,0
1585728000,Kyffhäuserkreis,4,23,1,0,0,0
1585728000,Nordhausen,0,15,3,1,0,0
1585728000,Saale-Holzland-Kreis,1,30,1,0,0,0
1585728000,Saale-Orla-Kreis,3,37,9,0,0,0
1585728000,Saalfeld-Rudolstadt,0,39,3,0,0,0
1585728000,Schmalkalden-Meiningen,3,33,1,1,0,0
1585728000,Sömmerda,1,24,2,0,0,0
1585728000,Sonneberg,6,28,4,1,0,0
1585728000,Suhl,0,7,2,2,0,0
1585728000,Unstrut-Hainich-Kreis,2,18,3,0,0,0
1585728000,Wartburgkreis,0,18,2,1,0,0
1585728000,Weimar,0,29,2,0,0,0
1585728000,Weimarer Land,2,26,3,0,0,0
1585814400,Altenburger Land,4,28,2,1,0,0
1585814400,Eichsfeld,4,59,7,2,1,0
1585814400,Eisenach,2,6,2,1,0,0
1585814400,Erfurt,5,87,6,1,0,0
1585814400,Gera,3,25,2,0,0,0
1585814400,Gotha,1,27,4,0,0,0
1585814400,Greiz,15,154,27,5,4,0
1585814400,Hildburghausen,0,7,1,0,0,0
1585814400,Ilm-Kreis,0,65,5,1,1,0
1585814400,Jena,4,117,6,0,1,0
1585814400,Kyffhäuserkreis,0,23,1,0,0,0
1585814400,Nordhausen,1,16,3,1,0,0
1585814400,Saale-Holzland-Kreis,1,31,1,0,0,0
1585814400,Saale-Orla-Kreis,4,41,9,0,0,0
1585814400,Saalfeld-Rudolstadt,6,45,3,0,0,0
1585814400,Schmalkalden-Meiningen,0,33,1,1,0,0
1585814400,Sömmerda,3,27,3,0,0,0
1585814400,Sonneberg,2,30,4,1,1,0
1585814400,Suhl,0,7,3,2,0,0
1585814400,Unstrut-Hainich-Kreis,3,21,3,0,0,0
1585814400,Wartburgkreis,8,26,3,1,0,0
1585814400,Weimar,5,34,4,0,0,0
1585814400,Weimarer Land,3,29,4,0,0,0
1585900800,Altenburger Land,2,30,2,1,0,0
1585900800,Eichsfeld,2,61,8,2,1,0
1585900800,Eisenach,0,6,2,1,0,0
1585900800,Erfurt,2,89,6,1,0,0
1585900800,Gera,9,34,3,0,0,0
1585900800,Gotha,7,34,5,0,0,0
1585900800,Greiz,12,166,28,5,5,0
1585900800,Hildburghausen,0,7,1,0,0,0
1585900800,Ilm-Kreis,9,74,5,1,1,0
1585900800,Jena,0,117,6,0,1,0
1585900800,Kyffhäuserkreis,2,25,1,0,0,0
1585900800,Nordhausen,4,20,3,1,0,0
1585900800,Saale-Holzland-Kreis,4,35,1,0,0,0
1585900800,Saale-Orla-Kreis,9,50,10,0,0,0
1585900800,Saalfeld-Rudolstadt,2,47,3,0,0,0
1585900800,Schmalkalden-Meiningen,2,35,1,1,0,0
1585900800,Sömmerda,2,29,3,0,0,0
1585900800,Sonneberg,3,33,4,1,1,0
1585900800,Suhl,0,7,3,2,0,0
1585900800,Unstrut-Hainich-Kreis,4,25,4,0,0,0
1585900800,Wartburgkreis,2,28,3,1,0,0
1585900800,Weimar,5,39,5,0,0,0
1585900800,Weimarer Land,1,30,4,0,0,0
1585987200,Altenburger Land,0,30,2,1,0,0
1585987200,Eichsfeld,3,64,8,2,1,0
1585987200,Eisenach,2,8,2,1,0,0
1585987200,Erfurt,5,94,6,1,0,0
1585987200,Gera,2,36,3,0,0,0
1585987200,Gotha,0,34,5,0,0,0
1585987200,Greiz,9,175,29,6,5,0
1585987200,Hildburghausen,0,7,1,0,0,0
1585987200,Ilm-Kreis,6,80,5,2,1,0
1585987200,Jena,0,117,6,0,1,0
1585987200,Kyffhäuserkreis,2,27,1,0,0,0
1585987200,Nordhausen,0,20,3,1,0,0
1585987200,Saale-Holzland-Kreis,1,36,1,0,0,0
1585987200,Saale-Orla-Kreis,11,61,11,0,1,0
1585987200,Saalfeld-Rudolstadt,1,48,3,0,0,0
1585987200,Schmalkalden-Meiningen,0,35,1,1,0,0
1585987200,Sömmerda,0,29,3,0,0,0
1585987200,Sonneberg,1,34,4,1,1,0
1585987200,Suhl,2,9,4,2,0,0
1585987200,Unstrut-Hainich-Kreis,4,29,4,0,0,0
1585987200,Wartburgkreis,0,28,3,1,0,0
1585987200,Weimar,4,43,5,0,0,0
1585987200,Weimarer Land,6,36,4,0,0,0
1586073600,Altenburger Land,0,30,3,1,0,0
1586073600,Eichsfeld,4,68,8,2,1,0
1586073600,Eisenach,0,8,2,1,0,0
1586073600,Erfurt,1,95,6,1,0,0
1586073600,Gera,0,36,3,0,0,0
1586073600,Gotha,0,34,5,0,0,0
1586073600,Greiz,7,182,32,6,5,0
1586073600,Hildburghausen,0,7,1,0,0,0
1586073600,Ilm-Kreis,13,93,5,2,1,0
1586073600,Jena,16,133,7,0,1,0
1586073600,Kyffhäuserkreis,0,27,1,0,0,0
1586073600,Nordhausen,0,20,3,1,0,0
1586073600,Saale-Holzland-Kreis,5,41,1,0,0,0
1586073600,Saale-Orla-Kreis,4,65,11,0,1,0
1586073600,Saalfeld-Rudolstadt,0,48,3,0,0,0
1586073600,Schmalkalden-Meiningen,1,36,1,1,0,0
1586073600,Sömmerda,0,29,3,0,0,0
1586073600,Sonneberg,1,35,4,1,1,0
1586073600,Suhl,1,10,4,2,0,0
1586073600,Unstrut-Hainich-Kreis,6,35,4,0,0,0
1586073600,Wartburgkreis,0,28,3,1,0,0
1586073600,Weimar,0,43,5,0,0,0
1586073600,Weimarer Land,5,41,5,0,0,0
1586160000,Altenburger Land,1,31,3,1,0,0
1586160000,Eichsfeld,0,68,8,2,1,0
1586160000,Eisenach,0,8,2,1,0,0
1586160000,Erfurt,1,96,6,1,0,0
1586160000,Gera,0,36,3,0,0,0
1586160000,Gotha,3,37,6,0,0,0
1586160000,Greiz,12,194,35,7,6,0
1586160000,Hildburghausen,0,7,1,0,0,0
1586160000,Ilm-Kreis,0,93,5,2,1,0
1586160000,Jena,3,136,8,0,1,0
1586160000,Kyffhäuserkreis,0,27,1,0,0,0
1586160000,Nordhausen,1,21,3,1,0,0
1586160000,Saale-Holzland-Kreis,4,45,1,0,0,0
1586160000,Saale-Orla-Kreis,3,68,11,0,3,0
1586160000,Saalfeld-Rudolstadt,0,48,3,0,0,0
1586160000,Schmalkalden-Meiningen,0,36,1,1,0,0
1586160000,Sömmerda,1,30,4,1,0,0
1586160000,Sonneberg,0,35,4,1,1,0
1586160000,Suhl,0,10,4,2,0,0
1586160000,Unstrut-Hainich-Kreis,0,35,4,0,0,0
1586160000,Wartburgkreis,0,28,3,1,0,0
1586160000,Weimar,3,46,5,0,0,0
1586160000,Weimarer Land,12,53,9,0,0,0
1586246400,Altenburger Land,0,31,4,2,0,0
1586246400,Eichsfeld,3,71,8,2,1,0
1586246400,Eisenach,1,9,3,2,0,0
1586246400,Erfurt,1,97,7,1,0,0
1586246400,Gera,1,37,3,0,0,0
1586246400,Gotha,3,40,6,0,1,0
1586246400,Greiz,7,201,37,8,11,0
1586246400,Hildburghausen,4,11,2,0,0,0
1586246400,Ilm-Kreis,4,97,8,4,1,0
1586246400,Jena,1,137,8,0,1,0
1586246400,Kyffhäuserkreis,0,27,1,0,0,0
1586246400,Nordhausen,0,21,3,1,0,0
1586246400,Saale-Holzland-Kreis,1,46,1,0,0,0
1586246400,Saale-Orla-Kreis,0,68,11,0,3,0
1586246400,Saalfeld-Rudolstadt,3,51,5,0,0,0
1586246400,Schmalkalden-Meiningen,0,36,1,1,0,0
1586246400,Sömmerda,0,30,4,1,0,0
1586246400,Sonneberg,1,36,4,1,1,0
1586246400,Suhl,1,11,4,2,0,0
1586246400,Unstrut-Hainich-Kreis,0,35,4,0,0,0
1586246400,Wartburgkreis,0,28,3,1,0,0
1586246400,Weimar,2,48,7,0,0,0
1586246400,Weimarer Land,1,54,8,0,0,0
1586332800,Altenburger Land,2,33,4,3,0,0
1586332800,Eichsfeld,5,76,11,4,1,0
1586332800,Eisenach,0,9,3,2,0,0
1586332800,Erfurt,6,103,9,1,0,0
1586332800,Gera,3,40,3,0,0,0
1586332800,Gotha,6,46,7,0,1,0
1586332800,Greiz,13,214,40,9,11,0
1586332800,Hildburghausen,0,11,2,0,0,0
1586332800,Ilm-Kreis,1,98,8,4,1,0
1586332800,Jena,7,144,8,0,1,0
1586332800,Kyffhäuserkreis,1,28,1,0,0,0
1586332800,Nordhausen,5,26,3,1,0,0
1586332800,Saale-Holzland-Kreis,1,47,1,0,0,0
1586332800,Saale-Orla-Kreis,7,75,11,0,3,0
1586332800,Saalfeld-Rudolstadt,1,52,5,0,0,0
1586332800,Schmalkalden-Meiningen,5,41,1,1,0,0
1586332800,Sömmerda,1,31,5,1,0,0
1586332800,Sonneberg,2,38,4,1,1,0
1586332800,Suhl,0,11,4,2,0,0
1586332800,Unstrut-Hainich-Kreis,6,41,4,0,0,0
1586332800,Wartburgkreis,2,30,3,1,0,0
1586332800,Weimar,3,51,7,0,0,0
1586332800,Weimarer Land,0,54,8,0,1,0
1586419200,Altenburger Land,0,33,4,3,0,0
1586419200,Eichsfeld,3,79,11,4,1,0
1586419200,Eisenach,1,10,3,2,0,0
1586419200,Erfurt,4,107,10,1,0,0
1586419200,Gera,2,42,3,0,0,0
1586419200,Gotha,5,51,7,0,1,0
1586419200,Greiz,7,221,42,9,12,0
1586419200,Hildburghausen,0,11,2,0,0,0
1586419200,Ilm-Kreis,1,99,8,4,1,0
1586419200,Jena,3,147,8,0,1,0
1586419200,Kyffhäuserkreis,6,34,1,0,0,0
1586419200,Nordhausen,1,27,3,1,0,0
1586419200,Saale-Holzland-Kreis,1,48,1,0,0,0
1586419200,Saale-Orla-Kreis,6,81,11,1,3,0
1586419200,Saalfeld-Rudolstadt,2,54,6,0,0,0
1586419200,Schmalkalden-Meiningen,3,44,1,1,0,0
1586419200,Sömmerda,1,32,5,1,0,0
1586419200,Sonneberg,5,43,4,1,1,0
1586419200,Suhl,0,11,4,2,0,0
1586419200,Unstrut-Hainich-Kreis,2,43,5,0,0,0
1586419200,Wartburgkreis,1,31,3,1,0,0
1586419200,Weimar,1,52,7,0,0,0
1586419200,Weimarer Land,0,54,8,0,1,0
1586505600,Altenburger Land,1,34,4,4,0,0
1586505600,Eichsfeld,6,85,10,4,1,0
1586505600,Eisenach,0,10,3,2,0,0
1586505600,Erfurt,3,110,10,1,1,0
1586505600,Gera,6,48,3,0,0,0
1586505600,Gotha,7,58,7,0,1,0
1586505600,Greiz,4,225,43,9,12,0
1586505600,Hildburghausen,0,11,2,0,1,0
1586505600,Ilm-Kreis,2,101,9,5,1,0
1586505600,Jena,6,153,8,0,1,0
1586505600,Kyffhäuserkreis,2,36,1,0,0,0
1586505600,Nordhausen,2,29,5,3,0,0
1586505600,Saale-Holzland-Kreis,1,49,2,1,0,0
1586505600,Saale-Orla-Kreis,4,85,12,1,3,0
1586505600,Saalfeld-Rudolstadt,1,55,6,0,0,0
1586505600,Schmalkalden-Meiningen,8,52,1,1,0,0
1586505600,Sömmerda,0,32,5,1,0,0
1586505600,Sonneberg,4,47,4,1,1,0
1586505600,Suhl,0,11,4,2,1,0
1586505600,Unstrut-Hainich-Kreis,2,45,5,0,0,0
1586505600,Wartburgkreis,0,31,3,1,0,0
1586505600,Weimar,3,55,7,1,0,0
1586505600,Weimarer Land,4,58,8,0,1,0
1586592000,Altenburger Land,2,36,4,4,0,0
1586592000,Eichsfeld,4,89,11,5,1,0
1586592000,Eisenach,0,10,3,2,0,0
1586592000,Erfurt,0,110,10,1,1,0
1586592000,Gera,3,51,4,0,0,0
1586592000,Gotha,4,62,7,0,1,0
1586592000,Greiz,0,225,43,9,12,0
1586592000,Hildburghausen,0,11,2,0,1,0
1586592000,Ilm-Kreis,1,102,9,5,2,0
1586592000,Jena,0,153,8,0,1,0
1586592000,Kyffhäuserkreis,0,36,1,0,0,0
1586592000,Nordhausen,0,29,5,3,0,0
1586592000,Saale-Holzland-Kreis,1,50,2,1,0,0
1586592000,Saale-Orla-Kreis,3,88,14,1,3,0
1586592000,Saalfeld-Rudolstadt,0,55,6,0,0,0
1586592000,Schmalkalden-Meiningen,2,54,1,1,0,0
1586592000,Sömmerda,0,32,5,1,0,0
1586592000,Sonneberg,0,47,4,1,1,0
1586592000,Suhl,0,11,4,2,1,0
1586592000,Unstrut-Hainich-Kreis,2,47,5,0,0,0
1586592000,Wartburgkreis,0,31,3,1,0,0
1586592000,Weimar,0,55,7,1,0,0
1586592000,Weimarer Land,1,59,8,0,1,0
1586678400,Altenburger Land,0,36,4,4,0,0
1586678400,Eichsfeld,4,89,11,5,1,0
1586678400,Eisenach,2,12,3,2,0,0
1586678400,Erfurt,2,112,10,1,1,0
1586678400,Gera,2,53,4,0,0,0
1586678400,Gotha,1,63,7,0,1,0
1586678400,Greiz,9,234,45,10,12,0
1586678400,Hildburghausen,0,11,2,0,1,0
1586678400,Ilm-Kreis,1,102,9,5,2,0
1586678400,Jena,0,153,8,0,1,0
1586678400,Kyffhäuserkreis,-1,35,1,0,0,0
1586678400,Nordhausen,0,29,5,3,0,0
1586678400,Saale-Holzland-Kreis,0,50,2,1,0,0
1586678400,Saale-Orla-Kreis,4,92,14,1,3,0
1586678400,Saalfeld-Rudolstadt,0,55,6,0,0,0
1586678400,Schmalkalden-Meiningen,0,54,1,1,0,0
1586678400,Sömmerda,0,32,5,1,0,0
1586678400,Sonneberg,2,49,4,1,1,0
1586678400,Suhl,0,11,4,2,1,0
1586678400,Unstrut-Hainich-Kreis,4,51,5,0,0,0
1586678400,Wartburgkreis,2,33,3,1,0,0
1586678400,Weimar,0,55,7,1,0,0
1586678400,Weimarer Land,0,59,8,0,1,0
1586764800,Altenburger Land,0,36,4,4,0,0
1586764800,Eichsfeld,0,89,11,5,2,0
1586764800,Eisenach,0,12,3,2,1,0
1586764800,Erfurt,1,113,10,1,1,0
1586764800,Gera,-1,52,3,0,0,0
1586764800,Gotha,3,66,7,0,1,0
1586764800,Greiz,10,244,46,12,13,0
1586764800,Hildburghausen,0,11,2,0,1,0
1586764800,Ilm-Kreis,0,102,9,5,2,0
1586764800,Jena,2,155,10,0,1,0
1586764800,Kyffhäuserkreis,0,35,1,0,0,0
1586764800,Nordhausen,0,29,5,3,0,0
1586764800,Saale-Holzland-Kreis,0,50,2,1,0,0
1586764800,Saale-Orla-Kreis,3,95,16,1,3,0
1586764800,Saalfeld-Rudolstadt,-1,54,6,0,0,0
1586764800,Schmalkalden-Meiningen,0,54,1,1,0,0
1586764800,Sömmerda,0,32,5,1,0,0
1586764800,Sonneberg,0,49,4,1,1,0
1586764800,Suhl,0,11,4,2,1,0
1586764800,Unstrut-Hainich-Kreis,1,52,6,0,0,0
1586764800,Wartburgkreis,0,33,3,1,0,0
1586764800,Weimar,3,58,7,1,0,0
1586764800,Weimarer Land,0,59,8,0,1,0
1586851200,Altenburger Land,0,36,4,4,0,0
1586851200,Eichsfeld,4,93,11,5,3,0
1586851200,Eisenach,0,12,3,2,1,0
1586851200,Erfurt,0,113,10,1,1,0
1586851200,Gera,3,55,6,0,0,0
1586851200,Gotha,9,75,7,0,1,0
1586851200,Greiz,0,244,47,12,13,0
1586851200,Hildburghausen,0,11,2,0,1,0
1586851200,Ilm-Kreis,0,102,9,5,2,0
1586851200,Jena,0,155,10,0,2,0
1586851200,Kyffhäuserkreis,0,35,1,0,0,0
1586851200,Nordhausen,0,29,5,3,0,0
1586851200,Saale-Holzland-Kreis,0,50,2,1,0,0
1586851200,Saale-Orla-Kreis,1,96,17,1,4,0
1586851200,Saalfeld-Rudolstadt,0,54,6,0,0,0
1586851200,Schmalkalden-Meiningen,1,55,1,1,0,0
1586851200,Sömmerda,0,32,5,1,0,0
1586851200,Sonneberg,1,50,4,1,1,0
1586851200,Suhl,0,11,4,2,1,0
1586851200,Unstrut-Hainich-Kreis,0,52,6,0,0,0
1586851200,Wartburgkreis,0,33,3,1,0,0
1586851200,Weimar,0,58,7,1,1,0
1586851200,Weimarer Land,0,59,8,0,1,0
1586937600,Altenburger Land,1,37,4,4,0,0
1586937600,Eichsfeld,3,96,12,6,3,0
1586937600,Eisenach,1,13,3,2,1,0
1586937600,Erfurt,3,116,10,1,2,0
1586937600,Gera,10,65,8,0,1,0
1586937600,Gotha,9,84,11,0,2,0
1586937600,Greiz,7,251,48,12,14,0
1586937600,Hildburghausen,2,13,2,0,1,0
1586937600,Ilm-Kreis,1,103,9,5,2,0
1586937600,Jena,0,155,10,0,2,0
1586937600,Kyffhäuserkreis,0,35,1,0,0,0
1586937600,Nordhausen,10,39,5,2,0,0
1586937600,Saale-Holzland-Kreis,0,50,2,1,0,0
1586937600,Saale-Orla-Kreis,2,98,18,1,7,0
1586937600,Saalfeld-Rudolstadt,0,54,6,0,0,0
1586937600,Schmalkalden-Meiningen,4,59,2,1,1,0
1586937600,Sömmerda,0,32,5,1,0,0
1586937600,Sonneberg,2,52,4,1,1,0
1586937600,Suhl,0,11,4,2,2,0
1586937600,Unstrut-Hainich-Kreis,1,53,8,0,0,0
1586937600,Wartburgkreis,0,33,4,1,0,0
1586937600,Weimar,0,58,7,1,0,0
1586937600,Weimarer Land,0,59,8,0,1,0
1587024000,Altenburger Land,1,38,4,4,0,0
1587024000,Eichsfeld,3,99,14,6,3,0
1587024000,Eisenach,0,13,3,2,1,0
1587024000,Erfurt,1,117,10,1,2,0
1587024000,Gera,9,74,9,0,1,0
1587024000,Gotha,7,91,13,1,3,0
1587024000,Greiz,2,253,48,12,14,0
1587024000,Hildburghausen,0,13,2,1,1,0
1587024000,Ilm-Kreis,1,104,9,5,2,0
1587024000,Jena,0,155,10,1,3,0
1587024000,Kyffhäuserkreis,0,35,1,0,0,0
1587024000,Nordhausen,4,43,9,6,0,0
1587024000,Saale-Holzland-Kreis,0,50,2,1,1,0
1587024000,Saale-Orla-Kreis,1,99,19,1,7,0
1587024000,Saalfeld-Rudolstadt,0,54,7,0,0,0
1587024000,Schmalkalden-Meiningen,5,64,2,1,1,0
1587024000,Sömmerda,1,33,5,1,0,0
1587024000,Sonneberg,0,52,4,1,1,0
1587024000,Suhl,0,11,4,2,2,0
1587024000,Unstrut-Hainich-Kreis,3,56,10,0,1,0
1587024000,Wartburgkreis,0,33,4,1,0,0
1587024000,Weimar,0,58,8,1,0,0
1587024000,Weimarer Land,0,59,9,0,2,0
1587110400,Altenburger Land,3,41,4,4,0,0
1587110400,Eichsfeld,5,104,13,6,3,0
1587110400,Eisenach,0,13,3,2,1,0
1587110400,Erfurt,3,120,10,1,2,0
1587110400,Gera,5,79,10,0,1,0
1587110400,Gotha,14,105,13,3,3,0
1587110400,Greiz,32,285,48,12,16,0
1587110400,Hildburghausen,3,16,2,1,1,0
1587110400,Ilm-Kreis,2,106,9,5,2,0
1587110400,Jena,0,155,10,5,3,0
1587110400,Kyffhäuserkreis,0,35,1,0,0,0
1587110400,Nordhausen,1,44,10,7,1,0
1587110400,Saale-Holzland-Kreis,0,50,2,1,1,0
1587110400,Saale-Orla-Kreis,2,101,19,1,8,0
1587110400,Saalfeld-Rudolstadt,0,54,7,0,0,0
1587110400,Schmalkalden-Meiningen,5,69,3,1,1,0
1587110400,Sömmerda,1,34,4,1,0,0
1587110400,Sonneberg,1,53,5,1,1,0
1587110400,Suhl,0,11,4,2,2,0
1587110400,Unstrut-Hainich-Kreis,2,58,10,0,1,0
1587110400,Wartburgkreis,0,33,4,1,0,0
1587110400,Weimar,0,58,8,1,0,0
1587110400,Weimarer Land,5,64,9,0,3,0
1587196800,Altenburger Land,0,41,4,4,0,0
1587196800,Eichsfeld,2,106,13,6,3,0
1587196800,Eisenach,0,13,3,2,1,0
1587196800,Erfurt,1,121,10,1,2,0
1587196800,Gera,1,80,10,0,1,0
1587196800,Gotha,6,111,13,3,3,0
1587196800,Greiz,7,292,48,12,16,0
1587196800,Hildburghausen,2,18,2,2,1,0
1587196800,Ilm-Kreis,4,110,9,6,3,0
1587196800,Jena,0,155,10,5,3,0
1587196800,Kyffhäuserkreis,0,35,4,0,0,0
1587196800,Nordhausen,2,46,13,7,1,0
1587196800,Saale-Holzland-Kreis,0,50,2,1,1,0
1587196800,Saale-Orla-Kreis,2,103,19,1,8,0
1587196800,Saalfeld-Rudolstadt,0,54,7,0,0,0
1587196800,Schmalkalden-Meiningen,0,69,3,1,1,0
1587196800,Sömmerda,0,34,4,1,0,0
1587196800,Sonneberg,1,54,5,1,1,0
1587196800,Suhl,1,12,4,2,2,0
1587196800,Unstrut-Hainich-Kreis,3,61,10,0,1,0
1587196800,Wartburgkreis,1,34,4,1,0,0
1587196800,Weimar,0,58,8,1,0,0
1587196800,Weimarer Land,1,65,9,0,3,0
1587283200,Altenburger Land,0,41,4,4,0,0
1587283200,Eichsfeld,2,108,13,6,3,0
1587283200,Eisenach,0,13,3,2,1,0
1587283200,Erfurt,1,122,10,1,2,0
1587283200,Gera,8,88,10,0,1,0
1587283200,Gotha,9,120,13,3,3,0
1587283200,Greiz,11,303,51,12,16,0
1587283200,Hildburghausen,0,18,2,2,1,0
1587283200,Ilm-Kreis,2,112,9,6,3,0
1587283200,Jena,0,155,10,5,3,0
1587283200,Kyffhäuserkreis,0,35,4,0,0,0
1587283200,Nordhausen,4,50,13,7,1,0
1587283200,Saale-Holzland-Kreis,0,50,2,1,1,0
1587283200,Saale-Orla-Kreis,4,107,21,1,8,0
1587283200,Saalfeld-Rudolstadt,0,54,7,0,0,0
1587283200,Schmalkalden-Meiningen,0,69,3,1,1,0
1587283200,Sömmerda,0,34,4,1,0,0
1587283200,Sonneberg,3,57,5,1,1,0
1587283200,Suhl,0,12,4,2,2,0
1587283200,Unstrut-Hainich-Kreis,1,62,11,0,1,0
1587283200,Wartburgkreis,1,35,4,1,0,0
1587283200,Weimar,0,58,8,1,0,0
1587283200,Weimarer Land,0,65,9,0,3,0
1587369600,Altenburger Land,0,41,4,4,0,0
1587369600,Eichsfeld,0,108,13,6,3,0
1587369600,Eisenach,1,14,4,2,1,0
1587369600,Erfurt,0,122,10,1,2,0
1587369600,Gera,3,91,10,0,1,0
1587369600,Gotha,2,122,13,3,3,0
1587369600,Greiz,8,311,52,12,16,0
1587369600,Hildburghausen,0,18,2,2,1,0
1587369600,Ilm-Kreis,0,112,9,6,3,0
1587369600,Jena,0,155,10,5,3,0
1587369600,Kyffhäuserkreis,0,35,4,0,0,0
1587369600,Nordhausen,1,51,14,7,1,0
1587369600,Saale-Holzland-Kreis,0,50,2,1,1,0
1587369600,Saale-Orla-Kreis,1,108,21,1,8,0
1587369600,Saalfeld-Rudolstadt,0,54,7,0,0,0
1587369600,Schmalkalden-Meiningen,2,71,3,1,1,0
1587369600,Sömmerda,0,34,4,1,0,0
1587369600,Sonneberg,2,59,5,1,1,0
1587369600,Suhl,0,12,4,2,2,0
1587369600,Unstrut-Hainich-Kreis,0,62,11,0,1,0
1587369600,Wartburgkreis,0,35,4,1,0,0
1587369600,Weimar,0,58,8,1,0,0
1587369600,Weimarer Land,1,66,9,0,3,0
1587456000,Altenburger Land,3,44,4,4,3,0
1587456000,Eichsfeld,0,108,13,6,3,0
1587456000,Eisenach,0,14,4,2,1,0
1587456000,Erfurt,0,122,10,1,2,0
1587456000,Gera,2,93,10,0,2,0
1587456000,Gotha,7,129,16,4,3,0
1587456000,Greiz,6,317,52,13,19,0
1587456000,Hildburghausen,0,18,2,2,1,0
1587456000,Ilm-Kreis,1,113,9,6,3,0
1587456000,Jena,0,155,11,5,3,0
1587456000,Kyffhäuserkreis,1,36,4,1,0,0
1587456000,Nordhausen,5,56,16,7,2,0
1587456000,Saale-Holzland-Kreis,0,50,2,1,1,0
1587456000,Saale-Orla-Kreis,2,110,23,1,8,0
1587456000,Saalfeld-Rudolstadt,0,54,7,0,0,0
1587456000,Schmalkalden-Meiningen,2,72,3,1,1,0
1587456000,Sömmerda,-1,33,4,1,0,0
1587456000,Sonneberg,1,60,5,1,1,0
1587456000,Suhl,1,13,4,2,2,0
1587456000,Unstrut-Hainich-Kreis,2,64,13,0,1,0
1587456000,Wartburgkreis,0,35,4,1,0,0
1587456000,Weimar,0,58,8,1,0,0
1587456000,Weimarer Land,0,66,9,0,3,0
1587542400,Altenburger Land,1,45,5,4,3,0
1587542400,Eichsfeld,0,108,13,6,3,0
1587542400,Eisenach,0,14,4,2,1,0
1587542400,Erfurt,3,125,10,1,2,0
1587542400,Gera,14,107,10,0,2,0
1587542400,Gotha,7,136,16,5,3,0
1587542400,Greiz,13,330,56,13,19,0
1587542400,Hildburghausen,0,18,2,2,1,0
1587542400,Ilm-Kreis,6,119,9,6,4,0
1587542400,Jena,0,155,11,5,3,0
1587542400,Kyffhäuserkreis,0,36,4,1,0,0
1587542400,Nordhausen,-4,52,14,7,1,0
1587542400,Saale-Holzland-Kreis,1,51,2,1,1,0
1587542400,Saale-Orla-Kreis,2,112,22,1,8,0
1587542400,Saalfeld-Rudolstadt,1,55,7,0,0,0
1587542400,Schmalkalden-Meiningen,2,74,3,1,2,0
1587542400,Sömmerda,3,36,4,1,0,0
1587542400,Sonneberg,1,61,5,1,1,0
1587542400,Suhl,0,13,4,2,2,0
1587542400,Unstrut-Hainich-Kreis,1,65,13,1,1,0
1587542400,Wartburgkreis,1,36,5,1,0,0
1587542400,Weimar,1,59,8,1,0,0
1587542400,Weimarer Land,1,67,9,0,4,0
1587628800,Altenburger Land,2,47,5,4,3,0
1587628800,Eichsfeld,4,112,13,6,3,0
1587628800,Eisenach,0,14,4,2,1,0
1587628800,Erfurt,5,130,10,1,2,0
1587628800,Gera,8,115,10,0,2,0
1587628800,Gotha,26,162,18,6,3,0
1587628800,Greiz,13,343,59,13,21,0
1587628800,Hildburghausen,0,18,2,2,1,0
1587628800,Ilm-Kreis,1,120,9,6,4,0
1587628800,Jena,0,155,11,5,3,0
1587628800,Kyffhäuserkreis,1,37,4,1,0,0
1587628800,Nordhausen,1,53,14,7,1,0
1587628800,Saale-Holzland-Kreis,2,53,3,1,1,0
1587628800,Saale-Orla-Kreis,3,115,24,1,9,0
1587628800,Saalfeld-Rudolstadt,1,56,7,0,0,0
1587628800,Schmalkalden-Meiningen,5,79,3,1,2,0
1587628800,Sömmerda,0,36,4,1,0,0
1587628800,Sonneberg,13,74,8,1,1,0
1587628800,Suhl,0,13,4,2,2,0
1587628800,Unstrut-Hainich-Kreis,3,68,15,1,1,0
1587628800,Wartburgkreis,0,36,5,1,0,0
1587628800,Weimar,0,59,8,1,0,0
1587628800,Weimarer Land,0,67,9,0,4,0
1587715200,Altenburger Land,0,47,5,4,3,0
1587715200,Eichsfeld,1,113,14,7,3,0
1587715200,Eisenach,2,16,5,2,1,0
1587715200,Erfurt,1,131,10,1,2,0
1587715200,Gera,9,124,10,0,2,0
1587715200,Gotha,6,168,21,6,3,0
1587715200,Greiz,21,364,64,14,22,0
1587715200,Hildburghausen,1,19,2,2,1,0
1587715200,Ilm-Kreis,0,120,9,6,4,0
1587715200,Jena,1,156,11,5,3,0
1587715200,Kyffhäuserkreis,0,37,4,1,0,0
1587715200,Nordhausen,3,56,14,7,1,0
1587715200,Saale-Holzland-Kreis,2,55,3,1,1,0
1587715200,Saale-Orla-Kreis,2,117,24,1,9,0
1587715200,Saalfeld-Rudolstadt,0,56,7,0,0,0
1587715200,Schmalkalden-Meiningen,5,84,3,1,2,0
1587715200,Sömmerda,0,36,4,1,0,0
1587715200,Sonneberg,3,77,8,1,1,0
1587715200,Suhl,0,13,4,2,2,0
1587715200,Unstrut-Hainich-Kreis,0,68,15,1,1,0
1587715200,Wartburgkreis,1,37,6,2,0,0
1587715200,Weimar,1,60,8,1,0,0
1587715200,Weimarer Land,0,67,9,0,4,0
1587801600,Altenburger Land,0,47,5,4,3,0
1587801600,Eichsfeld,0,113,14,7,3,0
1587801600,Eisenach,0,16,5,2,1,0
1587801600,Erfurt,1,132,10,1,2,0
1587801600,Gera,7,131,10,0,4,0
1587801600,Gotha,6,174,21,6,6,0
1587801600,Greiz,13,377,67,14,22,0
1587801600,Hildburghausen,1,20,2,3,1,0
1587801600,Ilm-Kreis,1,121,9,6,4,0
1587801600,Jena,0,156,11,5,3,0
1587801600,Kyffhäuserkreis,0,37,4,1,0,0
1587801600,Nordhausen,0,56,14,7,1,0
1587801600,Saale-Holzland-Kreis,0,55,3,1,1,0
1587801600,Saale-Orla-Kreis,0,117,24,1,10,0
1587801600,Saalfeld-Rudolstadt,1,57,7,0,0,0
1587801600,Schmalkalden-Meiningen,5,89,3,1,2,0
1587801600,Sömmerda,0,36,4,1,0,0
1587801600,Sonneberg,5,82,8,1,1,0
1587801600,Suhl,0,13,4,2,2,0
1587801600,Unstrut-Hainich-Kreis,2,70,17,2,1,0
1587801600,Wartburgkreis,1,38,6,2,0,0
1587801600,Weimar,0,60,8,1,0,0
1587801600,Weimarer Land,0,67,9,0,4,0
1587888000,Altenburger Land,0,47,5,4,3,0
1587888000,Eichsfeld,0,115,14,7,3,0
1587888000,Eisenach,0,16,5,2,1,0
1587888000,Erfurt,0,132,10,1,2,0
1587888000,Gera,2,133,10,0,4,0
1587888000,Gotha,9,183,22,6,6,0
1587888000,Greiz,12,389,69,15,23,0
1587888000,Hildburghausen,0,20,2,3,1,0
1587888000,Ilm-Kreis,0,121,9,6,4,0
1587888000,Jena,0,156,11,5,3,0
1587888000,Kyffhäuserkreis,0,37,4,1,0,0
1587888000,Nordhausen,1,57,14,7,1,0
1587888000,Saale-Holzland-Kreis,0,55,3,1,1,0
1587888000,Saale-Orla-Kreis,1,118,24,1,10,0
1587888000,Saalfeld-Rudolstadt,0,57,7,0,0,0
1587888000,Schmalkalden-Meiningen,0,89,3,1,2,0
1587888000,Sömmerda,0,36,4,1,0,0
1587888000,Sonneberg,6,88,8,1,1,0
1587888000,Suhl,0,13,4,2,2,0
1587888000,Unstrut-Hainich-Kreis,0,70,17,2,1,0
1587888000,Wartburgkreis,0,38,6,2,0,0
1587888000,Weimar,1,61,8,1,0,0
1587888000,Weimarer Land,0,67,9,0,4,0
1587974400,Altenburger Land,0,47,5,4,3,0
1587974400,Eichsfeld,1,116,14,7,3,0
1587974400,Eisenach,0,16,5,2,1,0
1587974400,Erfurt,0,132,10,1,2,0
1587974400,Gera,3,136,10,0,5,0
1587974400,Gotha,7,190,22,6,6,0
1587974400,Greiz,7,396,69,15,23,0
1587974400,Hildburghausen,0,20,2,3,1,0
1587974400,Ilm-Kreis,0,121,9,6,4,0
1587974400,Jena,0,156,11,5,3,0
1587974400,Kyffhäuserkreis,0,37,4,1,0,0
1587974400,Nordhausen,1,57,14,7,1,0
1587974400,Saale-Holzland-Kreis,0,55,3,1,1,0
1587974400,Saale-Orla-Kreis,2,120,25,1,10,0
1587974400,Saalfeld-Rudolstadt,0,57,7,0,0,0
1587974400,Schmalkalden-Meiningen,0,89,3,1,2,0
1587974400,Sömmerda,0,36,4,1,0,0
1587974400,Sonneberg,6,88,8,1,2,0
1587974400,Suhl,0,13,4,2,2,0
1587974400,Unstrut-Hainich-Kreis,0,70,17,2,1,0
1587974400,Wartburgkreis,1,39,6,2,0,0
1587974400,Weimar,0,61,8,1,0,0
1587974400,Weimarer Land,0,67,9,0,4,0
1588060800,Altenburger Land,1,48,6,4,3,0
1588060800,Eichsfeld,0,116,14,7,3,0
1588060800,Eisenach,0,16,5,2,1,0
1588060800,Erfurt,1,133,10,1,2,0
1588060800,Gera,3,139,12,0,5,0
1588060800,Gotha,6,196,23,6,8,0
1588060800,Greiz,7,403,71,15,24,0
1588060800,Hildburghausen,0,20,2,3,1,0
1588060800,Ilm-Kreis,0,121,11,6,4,0
1588060800,Jena,1,157,11,5,3,0
1588060800,Kyffhäuserkreis,0,37,4,1,0,0
1588060800,Nordhausen,1,58,14,8,1,0
1588060800,Saale-Holzland-Kreis,1,56,3,1,1,0
1588060800,Saale-Orla-Kreis,0,120,25,1,10,0
1588060800,Saalfeld-Rudolstadt,1,58,8,0,0,0
1588060800,Schmalkalden-Meiningen,2,91,3,1,2,0
1588060800,Sömmerda,0,36,4,1,0,0
1588060800,Sonneberg,0,88,8,1,2,0
1588060800,Suhl,0,13,4,2,2,0
1588060800,Unstrut-Hainich-Kreis,0,70,17,2,2,0
1588060800,Wartburgkreis,1,40,6,2,0,0
1588060800,Weimar,0,61,8,1,0,0
1588060800,Weimarer Land,1,68,9,0,4,0
