Timestamp,Altersgruppe,7T_Hospitalisierung_Inzidenz,7T_Inzidenz
1583107200,00-04,0.00,-1.00
1583107200,05-14,0.00,-1.00
1583107200,15-34,0.00,-1.00
1583107200,35-59,0.00,-1.00
1583107200,60-79,0.00,-1.00
1583107200,80+,0.00,-1.00
1583193600,00-04,0.00,-1.00
1583193600,05-14,0.00,-1.00
1583193600,15-34,0.00,-1.00
1583193600,35-59,0.14,-1.00
1583193600,60-79,0.00,-1.00
1583193600,80+,0.00,-1.00
1583280000,00-04,0.00,-1.00
1583280000,05-14,0.00,-1.00
1583280000,15-34,0.00,-1.00
1583280000,35-59,0.14,-1.00
1583280000,60-79,0.00,-1.00
1583280000,80+,0.00,-1.00
1583366400,00-04,0.00,-1.00
1583366400,05-14,0.00,-1.00
1583366400,15-34,0.00,-1.00
1583366400,35-59,0.14,-1.00
1583366400,60-79,0.00,-1.00
1583366400,80+,0.00,-1.00
1583452800,00-04,0.00,-1.00
1583452800,05-14,0.00,-1.00
1583452800,15-34,0.00,-1.00
1583452800,35-59,0.14,-1.00
1583452800,60-79,0.00,-1.00
1583452800,80+,0.00,-1.00
1583539200,00-04,0.00,0.00
1583539200,05-14,0.00,0.00
1583539200,15-34,0.00,0.00
1583539200,35-59,0.14,0.00
1583539200,60-79,0.00,0.00
1583539200,80+,0.00,0.00
1583625600,00-04,0.00,-1.00
1583625600,05-14,0.00,-1.00
1583625600,15-34,0.00,-1.00
1583625600,35-59,0.14,-1.00
1583625600,60-79,0.18,-1.00
1583625600,80+,0.00,-1.00
1583712000,00-04,0.00,-1.00
1583712000,05-14,0.00,-1.00
1583712000,15-34,0.00,-1.00
1583712000,35-59,0.14,-1.00
1583712000,60-79,0.18,-1.00
1583712000,80+,0.00,-1.00
1583798400,00-04,0.00,0.00
1583798400,05-14,0.00,0.00
1583798400,15-34,0.00,0.00
1583798400,35-59,0.00,0.00
1583798400,60-79,0.18,0.00
1583798400,80+,0.00,0.00
1583884800,00-04,0.00,0.00
1583884800,05-14,0.00,0.00
1583884800,15-34,0.00,0.00
1583884800,35-59,0.14,0.00
1583884800,60-79,0.18,0.00
1583884800,80+,0.00,0.00
1583971200,00-04,0.00,0.00
1583971200,05-14,0.00,0.00
1583971200,15-34,0.00,0.00
1583971200,35-59,0.14,0.00
1583971200,60-79,0.18,0.00
1583971200,80+,0.00,0.00
1584057600,00-04,0.00,0.00
1584057600,05-14,0.00,0.00
1584057600,15-34,0.00,0.00
1584057600,35-59,0.28,0.00
1584057600,60-79,0.18,0.00
1584057600,80+,0.00,0.00
1584144000,00-04,0.00,0.00
1584144000,05-14,0.00,0.00
1584144000,15-34,0.00,0.00
1584144000,35-59,0.42,0.00
1584144000,60-79,0.18,0.00
1584144000,80+,0.00,0.00
1584230400,00-04,0.00,0.00
1584230400,05-14,0.00,0.31
1584230400,15-34,0.00,1.51
1584230400,35-59,0.69,1.97
1584230400,60-79,0.00,0.77
1584230400,80+,0.00,0.00
1584316800,00-04,0.00,0.00
1584316800,05-14,0.00,0.39
1584316800,15-34,0.00,2.26
1584316800,35-59,0.69,2.69
1584316800,60-79,0.00,0.97
1584316800,80+,0.00,0.00
1584403200,00-04,0.00,0.00
1584403200,05-14,0.00,0.63
1584403200,15-34,0.00,3.20
1584403200,35-59,0.69,3.49
1584403200,60-79,0.36,1.22
1584403200,80+,0.00,0.00
1584489600,00-04,0.00,0.16
1584489600,05-14,0.00,0.94
1584489600,15-34,0.00,4.60
1584489600,35-59,0.69,4.60
1584489600,60-79,0.89,1.58
1584489600,80+,0.00,0.00
1584576000,00-04,0.00,0.32
1584576000,05-14,0.00,1.10
1584576000,15-34,0.00,6.51
1584576000,35-59,0.97,6.06
1584576000,60-79,1.25,1.94
1584576000,80+,0.00,0.17
1584662400,00-04,0.00,0.63
1584662400,05-14,0.00,1.57
1584662400,15-34,0.00,8.95
1584662400,35-59,1.11,8.07
1584662400,60-79,1.43,2.42
1584662400,80+,0.56,0.67
1584748800,00-04,0.00,1.11
1584748800,05-14,0.00,2.04
1584748800,15-34,0.26,11.22
1584748800,35-59,1.25,9.99
1584748800,60-79,1.61,3.05
1584748800,80+,1.67,1.43
1584835200,00-04,0.00,1.74
1584835200,05-14,0.00,2.59
1584835200,15-34,0.26,13.70
1584835200,35-59,0.97,12.08
1584835200,60-79,1.79,3.84
1584835200,80+,2.79,2.44
1584921600,00-04,0.00,2.53
1584921600,05-14,0.00,3.22
1584921600,15-34,0.26,16.15
1584921600,35-59,1.38,14.38
1584921600,60-79,1.97,4.73
1584921600,80+,3.35,3.54
1585008000,00-04,0.00,3.32
1585008000,05-14,0.00,3.69
1585008000,15-34,0.26,18.55
1585008000,35-59,1.52,16.91
1585008000,60-79,2.15,5.73
1585008000,80+,3.91,5.14
1585094400,00-04,0.00,3.95
1585094400,05-14,0.00,4.09
1585094400,15-34,0.26,20.82
1585094400,35-59,2.21,19.40
1585094400,60-79,2.32,6.85
1585094400,80+,6.70,7.50
1585180800,00-04,0.00,4.74
1585180800,05-14,0.00,4.64
1585180800,15-34,0.26,22.76
1585180800,35-59,2.35,21.39
1585180800,60-79,2.68,8.20
1585180800,80+,8.93,9.86
1585267200,00-04,0.00,5.22
1585267200,05-14,0.00,4.56
1585267200,15-34,0.26,23.59
1585267200,35-59,2.08,22.74
1585267200,60-79,3.22,9.52
1585267200,80+,8.93,12.56
1585353600,00-04,0.00,5.37
1585353600,05-14,0.00,4.56
1585353600,15-34,0.00,24.52
1585353600,35-59,2.49,24.20
1585353600,60-79,3.58,10.92
1585353600,80+,11.16,15.34
1585440000,00-04,0.00,5.22
1585440000,05-14,0.00,4.40
1585440000,15-34,0.00,25.21
1585440000,35-59,3.18,25.46
1585440000,60-79,5.18,12.15
1585440000,80+,12.28,17.70
1585526400,00-04,0.00,4.90
1585526400,05-14,0.00,4.16
1585526400,15-34,0.00,25.42
1585526400,35-59,2.91,26.14
1585526400,60-79,5.36,13.17
1585526400,80+,12.28,20.23
1585612800,00-04,0.00,4.74
1585612800,05-14,0.00,3.77
1585612800,15-34,0.26,25.14
1585612800,35-59,3.04,26.49
1585612800,60-79,5.18,14.31
1585612800,80+,13.40,22.17
1585699200,00-04,0.00,4.43
1585699200,05-14,0.00,3.30
1585699200,15-34,0.26,23.99
1585699200,35-59,2.63,26.48
1585699200,60-79,6.08,15.30
1585699200,80+,12.28,23.01
1585785600,00-04,0.00,3.95
1585785600,05-14,0.00,2.83
1585785600,15-34,0.26,22.22
1585785600,35-59,2.63,26.71
1585785600,60-79,6.61,16.12
1585785600,80+,12.28,23.94
1585872000,00-04,0.00,3.80
1585872000,05-14,0.00,2.75
1585872000,15-34,0.52,21.04
1585872000,35-59,2.77,26.79
1585872000,60-79,6.97,16.78
1585872000,80+,13.95,24.19
1585958400,00-04,0.00,3.80
1585958400,05-14,0.00,2.75
1585958400,15-34,0.77,19.35
1585958400,35-59,2.35,26.38
1585958400,60-79,6.79,17.29
1585958400,80+,12.28,23.85
1586044800,00-04,0.00,3.95
1586044800,05-14,0.00,2.83
1586044800,15-34,0.77,17.73
1586044800,35-59,1.80,26.10
1586044800,60-79,6.08,17.88
1586044800,80+,11.72,24.61
1586131200,00-04,0.00,3.95
1586131200,05-14,0.00,2.83
1586131200,15-34,0.77,16.33
1586131200,35-59,1.80,25.95
1586131200,60-79,6.26,18.61
1586131200,80+,14.51,24.86
1586217600,00-04,0.00,3.64
1586217600,05-14,0.00,3.06
1586217600,15-34,0.52,15.57
1586217600,35-59,1.94,25.42
1586217600,60-79,6.79,19.00
1586217600,80+,12.84,25.03
1586304000,00-04,0.00,3.48
1586304000,05-14,0.00,3.46
1586304000,15-34,0.52,15.57
1586304000,35-59,1.80,25.13
1586304000,60-79,7.33,19.10
1586304000,80+,12.84,25.71
1586390400,00-04,0.00,3.16
1586390400,05-14,0.00,3.61
1586390400,15-34,0.52,16.22
1586390400,35-59,1.52,24.41
1586390400,60-79,6.79,18.89
1586390400,80+,12.28,26.04
1586476800,00-04,0.00,2.69
1586476800,05-14,0.00,3.61
1586476800,15-34,0.26,16.33
1586476800,35-59,1.80,23.63
1586476800,60-79,6.61,18.36
1586476800,80+,12.84,25.79
1586563200,00-04,0.00,2.21
1586563200,05-14,0.00,3.22
1586563200,15-34,0.00,16.87
1586563200,35-59,1.52,22.85
1586563200,60-79,7.15,17.49
1586563200,80+,13.40,25.79
1586649600,00-04,0.00,1.74
1586649600,05-14,0.00,2.83
1586649600,15-34,0.00,17.33
1586649600,35-59,1.38,21.92
1586649600,60-79,7.15,16.55
1586649600,80+,12.84,24.53
1586736000,00-04,0.00,1.42
1586736000,05-14,0.00,2.51
1586736000,15-34,0.00,17.87
1586736000,35-59,1.38,21.02
1586736000,60-79,7.15,15.33
1586736000,80+,12.28,23.68
1586822400,00-04,0.00,1.27
1586822400,05-14,0.00,2.04
1586822400,15-34,0.00,17.80
1586822400,35-59,1.11,20.03
1586822400,60-79,6.61,13.95
1586822400,80+,13.95,23.77
1586908800,00-04,0.00,1.11
1586908800,05-14,0.00,1.49
1586908800,15-34,0.00,17.33
1586908800,35-59,0.97,18.51
1586908800,60-79,5.54,12.78
1586908800,80+,15.63,23.60
1586995200,00-04,0.00,1.11
1586995200,05-14,0.00,1.26
1586995200,15-34,0.00,16.83
1586995200,35-59,1.11,17.12
1586995200,60-79,5.72,11.87
1586995200,80+,14.51,24.02
1587081600,00-04,0.00,0.95
1587081600,05-14,0.00,1.18
1587081600,15-34,0.26,16.79
1587081600,35-59,0.83,16.03
1587081600,60-79,5.72,11.33
1587081600,80+,15.07,25.20
1587168000,00-04,0.00,0.79
1587168000,05-14,0.54,1.57
1587168000,15-34,0.52,16.69
1587168000,35-59,0.97,15.35
1587168000,60-79,5.18,11.03
1587168000,80+,13.95,27.06
1587254400,00-04,0.00,0.63
1587254400,05-14,0.54,1.96
1587254400,15-34,0.52,16.51
1587254400,35-59,1.11,14.57
1587254400,60-79,4.83,10.62
1587254400,80+,16.74,29.16
1587340800,00-04,0.00,0.48
1587340800,05-14,0.54,2.44
1587340800,15-34,0.52,16.25
1587340800,35-59,0.97,13.83
1587340800,60-79,4.47,10.69
1587340800,80+,15.63,31.52
1587427200,00-04,0.00,0.48
1587427200,05-14,0.54,3.06
1587427200,15-34,1.03,16.58
1587427200,35-59,0.83,13.67
1587427200,60-79,5.72,11.08
1587427200,80+,16.74,33.46
1587513600,00-04,0.00,0.48
1587513600,05-14,1.09,3.61
1587513600,15-34,1.03,17.01
1587513600,35-59,1.11,14.04
1587513600,60-79,5.72,11.69
1587513600,80+,17.86,35.57
1587600000,00-04,0.00,0.63
1587600000,05-14,1.09,3.85
1587600000,15-34,1.03,17.01
1587600000,35-59,1.25,14.41
1587600000,60-79,5.90,12.25
1587600000,80+,20.09,36.75
1587686400,00-04,1.14,0.95
1587686400,05-14,1.09,4.01
1587686400,15-34,0.77,17.12
1587686400,35-59,1.25,14.88
1587686400,60-79,6.44,12.68
1587686400,80+,17.86,37.84
1587772800,00-04,1.14,1.42
1587772800,05-14,0.54,3.69
1587772800,15-34,0.52,17.08
1587772800,35-59,1.52,15.04
1587772800,60-79,6.79,13.11
1587772800,80+,18.42,37.51
1587859200,00-04,1.14,1.90
1587859200,05-14,0.54,3.38
1587859200,15-34,0.77,17.15
1587859200,35-59,1.52,15.41
1587859200,60-79,6.97,13.75
1587859200,80+,16.19,37.09
1587945600,00-04,1.14,2.37
1587945600,05-14,0.54,2.91
1587945600,15-34,0.77,17.30
1587945600,35-59,1.52,15.80
1587945600,60-79,6.97,13.90
1587945600,80+,15.63,36.07
1588032000,00-04,1.14,2.53
1588032000,05-14,0.54,2.36
1588032000,15-34,0.26,16.72
1588032000,35-59,1.66,16.05
1588032000,60-79,6.44,13.93
1588032000,80+,13.95,35.65
1588118400,00-04,1.14,2.84
1588118400,05-14,0.00,1.89
1588118400,15-34,0.26,16.22
1588118400,35-59,1.38,15.94
1588118400,60-79,6.79,13.67
1588118400,80+,17.30,35.06
1588204800,00-04,1.14,2.84
1588204800,05-14,0.00,1.57
1588204800,15-34,0.26,15.64
1588204800,35-59,1.38,15.80
1588204800,60-79,6.97,13.44
1588204800,80+,15.63,35.40
1588291200,00-04,0.00,2.84
1588291200,05-14,0.00,1.18
1588291200,15-34,0.52,14.67
1588291200,35-59,1.52,15.25
1588291200,60-79,6.79,13.11
1588291200,80+,19.53,35.23
1588377600,00-04,0.00,2.53
1588377600,05-14,0.00,1.02
1588377600,15-34,0.52,13.74
1588377600,35-59,1.11,14.81
1588377600,60-79,6.08,12.78
1588377600,80+,18.98,35.99
1588464000,00-04,0.00,2.21
1588464000,05-14,0.00,0.86
1588464000,15-34,0.26,12.73
1588464000,35-59,1.11,14.09
1588464000,60-79,5.72,12.30
1588464000,80+,19.53,36.50
1588550400,00-04,0.00,1.90
1588550400,05-14,0.00,0.86
1588550400,15-34,0.26,11.61
1588550400,35-59,1.11,13.38
1588550400,60-79,5.72,11.92
1588550400,80+,18.42,37.59
1588636800,00-04,0.00,1.74
1588636800,05-14,0.00,0.79
1588636800,15-34,0.26,10.82
1588636800,35-59,0.97,12.33
1588636800,60-79,5.01,11.38
1588636800,80+,18.98,36.75
1588723200,00-04,0.00,1.27
1588723200,05-14,0.00,0.71
1588723200,15-34,0.26,10.25
1588723200,35-59,1.11,11.42
1588723200,60-79,3.93,10.77
1588723200,80+,14.51,36.50
1588809600,00-04,0.00,0.95
1588809600,05-14,0.00,0.71
1588809600,15-34,0.52,9.96
1588809600,35-59,0.83,10.44
1588809600,60-79,3.58,10.04
1588809600,80+,20.09,35.57
1588896000,00-04,0.00,0.63
1588896000,05-14,0.00,0.79
1588896000,15-34,0.26,9.92
1588896000,35-59,0.55,9.88
1588896000,60-79,2.86,9.55
1588896000,80+,18.98,35.06
1588982400,00-04,0.00,0.48
1588982400,05-14,0.00,1.02
1588982400,15-34,0.26,9.96
1588982400,35-59,0.69,9.41
1588982400,60-79,2.86,9.19
1588982400,80+,19.53,34.47
1589068800,00-04,0.00,0.32
1589068800,05-14,0.00,1.26
1589068800,15-34,0.52,10.14
1589068800,35-59,0.69,9.18
1589068800,60-79,3.04,8.97
1589068800,80+,20.09,34.39
1589155200,00-04,0.00,0.16
1589155200,05-14,0.00,1.34
1589155200,15-34,0.52,10.39
1589155200,35-59,0.69,9.08
1589155200,60-79,3.22,8.74
1589155200,80+,20.65,33.63
1589241600,00-04,0.00,0.00
1589241600,05-14,0.00,1.57
1589241600,15-34,0.52,10.72
1589241600,35-59,0.83,9.27
1589241600,60-79,3.04,8.56
1589241600,80+,23.44,33.04
1589328000,00-04,0.00,0.00
1589328000,05-14,0.00,1.89
1589328000,15-34,1.03,10.47
1589328000,35-59,0.83,9.49
1589328000,60-79,3.22,8.30
1589328000,80+,21.77,31.19
1589414400,00-04,0.00,0.00
1589414400,05-14,0.00,2.04
1589414400,15-34,1.03,10.00
1589414400,35-59,0.97,9.78
1589414400,60-79,2.50,8.02
1589414400,80+,16.74,28.91
1589500800,00-04,0.00,0.00
1589500800,05-14,0.00,2.20
1589500800,15-34,1.03,9.32
1589500800,35-59,0.97,9.90
1589500800,60-79,2.50,7.64
1589500800,80+,13.95,26.80
1589587200,00-04,0.00,0.00
1589587200,05-14,0.00,2.28
1589587200,15-34,1.29,8.60
1589587200,35-59,0.83,9.90
1589587200,60-79,3.04,7.08
1589587200,80+,13.95,24.53
1589673600,00-04,0.00,0.00
1589673600,05-14,1.09,2.51
1589673600,15-34,1.03,7.73
1589673600,35-59,0.69,9.90
1589673600,60-79,2.68,6.47
1589673600,80+,12.28,22.08
1589760000,00-04,0.00,0.00
1589760000,05-14,1.09,2.83
1589760000,15-34,1.03,6.73
1589760000,35-59,0.69,9.55
1589760000,60-79,2.50,5.96
1589760000,80+,11.72,19.30
1589846400,00-04,0.00,0.16
1589846400,05-14,1.09,3.06
1589846400,15-34,1.03,5.65
1589846400,35-59,0.55,9.29
1589846400,60-79,2.50,5.63
1589846400,80+,7.81,17.28
1589932800,00-04,0.00,0.32
1589932800,05-14,1.09,3.14
1589932800,15-34,0.52,4.96
1589932800,35-59,0.28,9.20
1589932800,60-79,2.15,5.50
1589932800,80+,8.37,16.01
1590019200,00-04,0.00,0.48
1590019200,05-14,1.09,3.30
1590019200,15-34,0.26,4.46
1590019200,35-59,0.14,9.10
1590019200,60-79,1.97,5.55
1590019200,80+,7.26,15.00
1590105600,00-04,0.00,0.63
1590105600,05-14,1.09,3.46
1590105600,15-34,0.26,4.21
1590105600,35-59,0.14,9.02
1590105600,60-79,1.97,5.53
1590105600,80+,6.14,13.74
1590192000,00-04,0.00,0.79
1590192000,05-14,1.09,3.30
1590192000,15-34,0.00,3.96
1590192000,35-59,0.14,8.96
1590192000,60-79,1.79,5.53
1590192000,80+,6.70,12.39
1590278400,00-04,0.00,0.95
1590278400,05-14,0.00,2.83
1590278400,15-34,0.00,3.78
1590278400,35-59,0.14,8.96
1590278400,60-79,1.61,5.50
1590278400,80+,7.26,11.13
1590364800,00-04,0.00,1.11
1590364800,05-14,0.00,2.51
1590364800,15-34,0.00,3.85
1590364800,35-59,0.14,9.16
1590364800,60-79,1.61,5.47
1590364800,80+,7.26,10.54
1590451200,00-04,0.00,0.95
1590451200,05-14,0.00,2.20
1590451200,15-34,0.00,4.10
1590451200,35-59,0.28,9.08
1590451200,60-79,1.61,5.53
1590451200,80+,7.26,10.28
1590537600,00-04,0.00,0.79
1590537600,05-14,0.00,2.04
1590537600,15-34,0.00,4.35
1590537600,35-59,0.28,8.87
1590537600,60-79,2.15,5.65
1590537600,80+,6.70,10.03
1590624000,00-04,0.00,0.63
1590624000,05-14,0.00,1.96
1590624000,15-34,0.00,4.61
1590624000,35-59,0.14,8.71
1590624000,60-79,2.32,5.76
1590624000,80+,7.26,11.38
1590710400,00-04,0.00,0.63
1590710400,05-14,0.00,1.96
1590710400,15-34,0.00,4.71
1590710400,35-59,0.28,8.50
1590710400,60-79,2.15,6.01
1590710400,80+,9.49,12.64
1590796800,00-04,0.00,0.63
1590796800,05-14,0.00,2.28
1590796800,15-34,0.00,4.82
1590796800,35-59,0.28,8.28
1590796800,60-79,2.32,6.26
1590796800,80+,8.37,14.33
1590883200,00-04,0.00,0.63
1590883200,05-14,0.00,2.75
1590883200,15-34,0.00,4.96
1590883200,35-59,0.28,7.79
1590883200,60-79,2.32,6.57
1590883200,80+,7.81,16.27
1590969600,00-04,0.00,0.63
1590969600,05-14,0.00,2.91
1590969600,15-34,0.00,4.89
1590969600,35-59,0.28,7.23
1590969600,60-79,2.15,6.72
1590969600,80+,8.93,17.95
1591056000,00-04,0.00,0.79
1591056000,05-14,0.00,2.99
1591056000,15-34,0.00,4.46
1591056000,35-59,0.28,6.66
1591056000,60-79,1.97,6.47
1591056000,80+,8.37,18.96
1591142400,00-04,0.00,0.95
1591142400,05-14,0.00,2.91
1591142400,15-34,0.00,4.03
1591142400,35-59,0.28,6.16
1591142400,60-79,1.25,6.06
1591142400,80+,7.26,19.81
1591228800,00-04,0.00,1.11
1591228800,05-14,0.00,2.83
1591228800,15-34,0.00,3.63
1591228800,35-59,0.55,5.59
1591228800,60-79,1.43,5.53
1591228800,80+,6.14,18.21
1591315200,00-04,0.00,1.11
1591315200,05-14,0.00,2.91
1591315200,15-34,0.26,3.38
1591315200,35-59,0.42,5.16
1591315200,60-79,1.43,4.81
1591315200,80+,3.91,16.86
1591401600,00-04,0.00,1.11
1591401600,05-14,0.00,2.83
1591401600,15-34,0.26,3.13
1591401600,35-59,0.55,4.75
1591401600,60-79,1.07,4.18
1591401600,80+,3.35,14.83
1591488000,00-04,0.00,1.11
1591488000,05-14,0.00,2.75
1591488000,15-34,0.26,2.84
1591488000,35-59,0.55,4.58
1591488000,60-79,0.89,3.49
1591488000,80+,2.23,12.31
1591574400,00-04,0.00,1.11
1591574400,05-14,0.00,2.83
1591574400,15-34,0.26,2.70
1591574400,35-59,0.55,4.50
1591574400,60-79,1.07,2.96
1591574400,80+,1.12,10.03
1591660800,00-04,0.00,1.11
1591660800,05-14,0.00,3.06
1591660800,15-34,0.26,2.91
1591660800,35-59,0.42,4.64
1591660800,60-79,1.07,2.75
1591660800,80+,1.67,8.09
1591747200,00-04,0.00,1.11
1591747200,05-14,0.00,3.38
1591747200,15-34,0.26,2.95
1591747200,35-59,0.42,4.64
1591747200,60-79,1.43,2.73
1591747200,80+,1.12,7.00
1591833600,00-04,0.00,1.27
1591833600,05-14,0.00,3.54
1591833600,15-34,0.26,2.99
1591833600,35-59,0.14,4.67
1591833600,60-79,1.79,2.80
1591833600,80+,1.67,7.42
1591920000,00-04,0.00,1.42
1591920000,05-14,0.00,3.14
1591920000,15-34,0.00,2.84
1591920000,35-59,0.14,4.62
1591920000,60-79,1.43,2.98
1591920000,80+,2.23,7.50
1592006400,00-04,0.00,1.58
1592006400,05-14,0.00,2.83
1592006400,15-34,0.00,2.81
1592006400,35-59,0.00,4.60
1592006400,60-79,1.25,3.11
1592006400,80+,1.67,8.26
1592092800,00-04,0.00,1.74
1592092800,05-14,0.00,2.51
1592092800,15-34,0.00,2.73
1592092800,35-59,0.00,4.48
1592092800,60-79,1.43,3.21
1592092800,80+,2.79,9.61
1592179200,00-04,0.00,1.90
1592179200,05-14,0.00,2.20
1592179200,15-34,0.00,2.63
1592179200,35-59,0.14,4.30
1592179200,60-79,1.25,3.26
1592179200,80+,5.02,10.79
1592265600,00-04,0.00,2.05
1592265600,05-14,0.00,1.89
1592265600,15-34,0.00,2.37
1592265600,35-59,0.14,4.09
1592265600,60-79,1.25,3.29
1592265600,80+,4.47,12.14
1592352000,00-04,0.00,2.21
1592352000,05-14,0.00,1.57
1592352000,15-34,0.00,2.23
1592352000,35-59,0.14,3.90
1592352000,60-79,1.25,3.13
1592352000,80+,5.58,12.22
1592438400,00-04,0.00,2.05
1592438400,05-14,0.00,1.26
1592438400,15-34,0.00,2.09
1592438400,35-59,0.14,3.64
1592438400,60-79,0.54,2.90
1592438400,80+,5.02,11.55
1592524800,00-04,0.00,1.74
1592524800,05-14,0.00,1.26
1592524800,15-34,0.00,2.05
1592524800,35-59,0.14,3.41
1592524800,60-79,0.54,2.67
1592524800,80+,4.47,11.13
1592611200,00-04,0.00,1.90
1592611200,05-14,0.00,1.26
1592611200,15-34,0.00,1.87
1592611200,35-59,0.14,3.12
1592611200,60-79,0.54,2.47
1592611200,80+,4.47,10.28
1592697600,00-04,0.00,-1.00
1592697600,05-14,0.00,-1.00
1592697600,15-34,0.00,-1.00
1592697600,35-59,0.14,-1.00
1592697600,60-79,0.54,-1.00
1592697600,80+,4.47,-1.00
1592784000,00-04,0.00,2.05
1592784000,05-14,0.00,1.26
1592784000,15-34,0.00,1.80
1592784000,35-59,0.00,2.86
1592784000,60-79,0.54,2.32
1592784000,80+,2.23,8.93
1592870400,00-04,0.00,2.21
1592870400,05-14,0.00,1.26
1592870400,15-34,0.00,1.69
1592870400,35-59,0.14,2.65
1592870400,60-79,0.54,2.19
1592870400,80+,3.35,7.75
1592956800,00-04,0.00,2.53
1592956800,05-14,0.00,1.02
1592956800,15-34,0.00,1.58
1592956800,35-59,0.14,2.30
1592956800,60-79,0.18,1.96
1592956800,80+,2.79,6.41
1593043200,00-04,0.00,2.85
1593043200,05-14,0.00,0.79
1593043200,15-34,0.00,1.51
1593043200,35-59,0.14,2.06
1593043200,60-79,0.18,1.76
1593043200,80+,2.79,5.56
1593129600,00-04,0.00,3.32
1593129600,05-14,0.00,0.63
1593129600,15-34,0.00,1.37
1593129600,35-59,0.28,1.89
1593129600,60-79,0.18,1.66
1593129600,80+,3.35,5.31
1593216000,00-04,0.00,-1.00
1593216000,05-14,0.00,-1.00
1593216000,15-34,0.00,-1.00
1593216000,35-59,0.42,-1.00
1593216000,60-79,0.18,-1.00
1593216000,80+,4.47,-1.00
1593302400,00-04,0.00,-1.00
1593302400,05-14,0.00,-1.00
1593302400,15-34,0.00,-1.00
1593302400,35-59,0.42,-1.00
1593302400,60-79,0.00,-1.00
1593302400,80+,3.35,-1.00
1593388800,00-04,0.00,3.95
1593388800,05-14,0.00,0.47
1593388800,15-34,0.00,1.26
1593388800,35-59,0.42,1.67
1593388800,60-79,0.00,1.50
1593388800,80+,3.35,5.06
1593475200,00-04,0.00,3.64
1593475200,05-14,0.00,0.47
1593475200,15-34,0.00,1.22
1593475200,35-59,0.28,1.50
1593475200,60-79,0.00,1.35
1593475200,80+,2.23,4.80
1593561600,00-04,0.00,3.32
1593561600,05-14,0.00,0.47
1593561600,15-34,0.00,1.08
1593561600,35-59,0.28,1.30
1593561600,60-79,0.36,1.20
1593561600,80+,1.67,4.55
1593648000,00-04,0.00,3.01
1593648000,05-14,0.00,0.47
1593648000,15-34,0.00,1.08
1593648000,35-59,0.28,1.19
1593648000,60-79,0.36,1.07
1593648000,80+,1.67,4.21
1593734400,00-04,0.00,-1.00
1593734400,05-14,0.00,-1.00
1593734400,15-34,0.00,-1.00
1593734400,35-59,0.14,-1.00
1593734400,60-79,0.54,-1.00
1593734400,80+,1.67,-1.00
1593820800,00-04,0.00,2.37
1593820800,05-14,0.00,0.63
1593820800,15-34,0.00,1.08
1593820800,35-59,0.00,1.21
1593820800,60-79,0.54,1.02
1593820800,80+,0.56,3.96
1593907200,00-04,0.00,1.74
1593907200,05-14,0.00,0.79
1593907200,15-34,0.00,1.08
1593907200,35-59,0.14,1.17
1593907200,60-79,0.54,1.04
1593907200,80+,1.12,3.71
1593993600,00-04,0.00,1.27
1593993600,05-14,0.00,0.94
1593993600,15-34,0.00,1.26
1593993600,35-59,0.14,1.13
1593993600,60-79,0.54,0.99
1593993600,80+,1.12,3.20
1594080000,00-04,0.00,0.79
1594080000,05-14,0.00,1.18
1594080000,15-34,0.00,1.44
1594080000,35-59,0.14,1.13
1594080000,60-79,0.54,1.07
1594080000,80+,1.67,2.78
1594166400,00-04,0.00,0.79
1594166400,05-14,0.00,1.10
1594166400,15-34,0.00,1.66
1594166400,35-59,0.14,1.11
1594166400,60-79,0.36,1.15
1594166400,80+,1.67,2.53
1594252800,00-04,0.00,0.79
1594252800,05-14,0.00,1.02
1594252800,15-34,0.00,1.87
1594252800,35-59,0.14,1.11
1594252800,60-79,0.54,1.27
1594252800,80+,1.67,2.44
1594339200,00-04,0.00,0.79
1594339200,05-14,0.00,0.94
1594339200,15-34,0.00,1.87
1594339200,35-59,0.14,0.95
1594339200,60-79,0.54,1.35
1594339200,80+,1.12,2.28
1594425600,00-04,0.00,0.95
1594425600,05-14,0.00,0.86
1594425600,15-34,0.00,1.98
1594425600,35-59,0.14,0.76
1594425600,60-79,0.54,1.43
1594425600,80+,1.12,2.11
1594512000,00-04,0.00,1.11
1594512000,05-14,0.00,0.79
1594512000,15-34,0.00,2.09
1594512000,35-59,0.00,0.62
1594512000,60-79,0.54,1.43
1594512000,80+,1.12,2.02
1594598400,00-04,0.00,0.95
1594598400,05-14,0.00,0.71
1594598400,15-34,0.00,1.98
1594598400,35-59,0.00,0.53
1594598400,60-79,0.54,1.53
1594598400,80+,1.12,1.94
1594684800,00-04,0.00,0.79
1594684800,05-14,0.00,0.47
1594684800,15-34,0.00,1.87
1594684800,35-59,0.00,0.53
1594684800,60-79,0.89,1.48
1594684800,80+,0.56,1.69
1594771200,00-04,0.00,0.79
1594771200,05-14,0.00,0.39
1594771200,15-34,0.00,1.80
1594771200,35-59,0.00,0.60
1594771200,60-79,0.72,1.40
1594771200,80+,0.56,1.52
1594857600,00-04,0.00,0.79
1594857600,05-14,0.00,0.31
1594857600,15-34,0.26,1.83
1594857600,35-59,0.14,0.74
1594857600,60-79,0.72,1.22
1594857600,80+,0.56,1.35
1594944000,00-04,0.00,0.79
1594944000,05-14,0.00,0.24
1594944000,15-34,0.26,2.05
1594944000,35-59,0.14,0.95
1594944000,60-79,0.54,1.07
1594944000,80+,0.56,1.26
1595030400,00-04,0.00,0.79
1595030400,05-14,0.00,0.16
1595030400,15-34,0.26,2.12
1595030400,35-59,0.14,1.21
1595030400,60-79,0.54,0.91
1595030400,80+,0.56,1.10
1595116800,00-04,0.00,0.79
1595116800,05-14,0.00,0.08
1595116800,15-34,0.26,2.23
1595116800,35-59,0.14,1.42
1595116800,60-79,0.54,0.81
1595116800,80+,0.00,0.93
1595203200,00-04,0.00,0.95
1595203200,05-14,0.00,0.00
1595203200,15-34,0.52,2.45
1595203200,35-59,0.14,1.60
1595203200,60-79,0.54,0.63
1595203200,80+,0.00,0.93
1595289600,00-04,0.00,1.11
1595289600,05-14,0.00,0.00
1595289600,15-34,0.52,2.52
1595289600,35-59,0.14,1.64
1595289600,60-79,0.18,0.53
1595289600,80+,0.56,1.01
1595376000,00-04,0.00,0.95
1595376000,05-14,0.00,0.00
1595376000,15-34,0.52,2.45
1595376000,35-59,0.14,1.56
1595376000,60-79,0.18,0.43
1595376000,80+,0.56,0.93
1595462400,00-04,0.00,0.95
1595462400,05-14,0.00,0.31
1595462400,15-34,0.26,2.30
1595462400,35-59,0.00,1.40
1595462400,60-79,0.00,0.41
1595462400,80+,0.56,1.01
1595548800,00-04,0.00,0.95
1595548800,05-14,0.00,0.63
1595548800,15-34,0.26,2.01
1595548800,35-59,0.00,1.27
1595548800,60-79,0.00,0.38
1595548800,80+,0.56,1.10
1595635200,00-04,0.00,0.95
1595635200,05-14,0.00,1.18
1595635200,15-34,0.26,1.87
1595635200,35-59,0.00,1.11
1595635200,60-79,0.00,0.36
1595635200,80+,0.56,1.26
1595721600,00-04,0.00,0.95
1595721600,05-14,0.00,1.73
1595721600,15-34,0.26,1.69
1595721600,35-59,0.00,0.98
1595721600,60-79,0.00,0.33
1595721600,80+,0.56,1.43
1595808000,00-04,0.00,0.95
1595808000,05-14,0.00,2.36
1595808000,15-34,0.00,1.51
1595808000,35-59,0.00,0.92
1595808000,60-79,0.00,0.31
1595808000,80+,0.56,1.43
1595894400,00-04,0.00,0.95
1595894400,05-14,0.00,2.99
1595894400,15-34,0.00,1.58
1595894400,35-59,0.00,0.92
1595894400,60-79,0.00,0.28
1595894400,80+,0.00,1.52
1595980800,00-04,0.00,1.11
1595980800,05-14,0.00,3.61
1595980800,15-34,0.26,1.69
1595980800,35-59,0.00,1.01
1595980800,60-79,0.00,0.31
1595980800,80+,0.56,1.69
1596067200,00-04,0.00,0.95
1596067200,05-14,0.00,3.61
1596067200,15-34,0.26,1.76
1596067200,35-59,0.14,1.13
1596067200,60-79,0.00,0.33
1596067200,80+,0.56,1.60
1596153600,00-04,0.00,0.79
1596153600,05-14,0.00,3.69
1596153600,15-34,0.26,1.91
1596153600,35-59,0.14,1.21
1596153600,60-79,0.18,0.43
1596153600,80+,1.12,1.60
1596240000,00-04,0.00,0.63
1596240000,05-14,0.00,3.30
1596240000,15-34,0.26,1.94
1596240000,35-59,0.28,1.27
1596240000,60-79,0.18,0.54
1596240000,80+,1.12,1.77
1596326400,00-04,0.00,0.48
1596326400,05-14,0.00,2.91
1596326400,15-34,0.26,1.94
1596326400,35-59,0.28,1.34
1596326400,60-79,0.18,0.64
1596326400,80+,1.67,1.94
1596412800,00-04,0.00,0.32
1596412800,05-14,0.00,2.44
1596412800,15-34,0.26,2.19
1596412800,35-59,0.42,1.34
1596412800,60-79,0.18,0.76
1596412800,80+,1.67,2.19
1596499200,00-04,0.00,0.16
1596499200,05-14,0.00,1.96
1596499200,15-34,0.52,2.26
1596499200,35-59,0.42,1.32
1596499200,60-79,0.18,0.92
1596499200,80+,1.67,2.36
1596585600,00-04,0.00,0.16
1596585600,05-14,0.00,1.49
1596585600,15-34,0.26,2.48
1596585600,35-59,0.42,1.27
1596585600,60-79,0.36,1.09
1596585600,80+,1.12,2.61
1596672000,00-04,0.00,0.47
1596672000,05-14,0.00,1.41
1596672000,15-34,0.26,2.88
1596672000,35-59,0.28,1.27
1596672000,60-79,0.72,1.20
1596672000,80+,1.67,3.03
1596758400,00-04,0.00,1.11
1596758400,05-14,0.00,1.18
1596758400,15-34,0.26,3.42
1596758400,35-59,0.28,1.34
1596758400,60-79,0.54,1.15
1596758400,80+,2.23,3.29
1596844800,00-04,0.00,1.74
1596844800,05-14,0.00,1.18
1596844800,15-34,0.26,4.03
1596844800,35-59,0.14,1.44
1596844800,60-79,0.54,1.09
1596844800,80+,2.23,3.20
1596931200,00-04,0.00,2.37
1596931200,05-14,0.00,1.18
1596931200,15-34,0.26,4.71
1596931200,35-59,0.14,1.50
1596931200,60-79,0.54,1.04
1596931200,80+,1.67,3.12
1597017600,00-04,0.00,3.16
1597017600,05-14,0.00,1.10
1597017600,15-34,0.26,4.96
1597017600,35-59,0.00,1.64
1597017600,60-79,0.54,1.02
1597017600,80+,1.67,3.37
1597104000,00-04,0.00,3.95
1597104000,05-14,0.00,1.10
1597104000,15-34,0.00,5.36
1597104000,35-59,0.00,1.93
1597104000,60-79,0.54,0.94
1597104000,80+,3.35,3.54
1597190400,00-04,0.00,4.43
1597190400,05-14,0.00,1.10
1597190400,15-34,0.00,5.93
1597190400,35-59,0.14,2.30
1597190400,60-79,0.36,0.79
1597190400,80+,3.35,3.54
1597276800,00-04,0.00,4.59
1597276800,05-14,0.00,0.94
1597276800,15-34,0.00,6.47
1597276800,35-59,0.14,2.53
1597276800,60-79,0.18,0.71
1597276800,80+,2.79,3.37
1597363200,00-04,0.00,4.11
1597363200,05-14,0.00,1.10
1597363200,15-34,0.00,6.87
1597363200,35-59,0.14,2.71
1597363200,60-79,0.36,0.71
1597363200,80+,2.23,3.29
1597449600,00-04,0.00,3.64
1597449600,05-14,0.00,1.26
1597449600,15-34,0.00,7.19
1597449600,35-59,0.14,2.88
1597449600,60-79,0.36,0.71
1597449600,80+,2.23,3.37
1597536000,00-04,0.00,3.16
1597536000,05-14,0.00,1.41
1597536000,15-34,0.00,7.48
1597536000,35-59,0.14,3.10
1597536000,60-79,0.36,0.71
1597536000,80+,2.23,3.46
1597622400,00-04,0.00,2.37
1597622400,05-14,0.00,1.73
1597622400,15-34,0.00,7.91
1597622400,35-59,0.14,3.20
1597622400,60-79,0.36,0.66
1597622400,80+,2.23,2.95
1597708800,00-04,0.00,1.74
1597708800,05-14,0.00,1.96
1597708800,15-34,0.00,8.09
1597708800,35-59,0.28,3.18
1597708800,60-79,0.36,0.66
1597708800,80+,0.56,2.53
1597795200,00-04,0.00,1.27
1597795200,05-14,0.00,2.20
1597795200,15-34,0.00,7.73
1597795200,35-59,0.42,2.98
1597795200,60-79,0.54,0.66
1597795200,80+,0.56,2.19
1597881600,00-04,0.00,0.95
1597881600,05-14,0.00,2.67
1597881600,15-34,0.00,7.19
1597881600,35-59,0.42,2.90
1597881600,60-79,0.54,0.63
1597881600,80+,0.56,1.94
1597968000,00-04,0.00,1.11
1597968000,05-14,0.00,2.83
1597968000,15-34,0.52,6.65
1597968000,35-59,0.42,2.79
1597968000,60-79,0.36,0.61
1597968000,80+,0.00,1.69
1598054400,00-04,0.00,1.27
1598054400,05-14,0.00,2.99
1598054400,15-34,0.52,6.15
1598054400,35-59,0.55,2.75
1598054400,60-79,0.36,0.61
1598054400,80+,0.00,1.52
1598140800,00-04,0.00,1.42
1598140800,05-14,0.00,3.30
1598140800,15-34,0.52,5.61
1598140800,35-59,0.55,2.69
1598140800,60-79,0.36,0.63
1598140800,80+,0.00,1.35
1598227200,00-04,0.00,1.74
1598227200,05-14,0.00,3.69
1598227200,15-34,0.52,5.21
1598227200,35-59,0.55,2.69
1598227200,60-79,0.36,0.68
1598227200,80+,0.00,1.43
1598313600,00-04,0.00,1.90
1598313600,05-14,0.00,4.16
1598313600,15-34,0.52,4.96
1598313600,35-59,0.42,2.57
1598313600,60-79,0.36,0.71
1598313600,80+,0.56,1.52
1598400000,00-04,0.00,2.05
1598400000,05-14,0.00,4.63
1598400000,15-34,0.52,4.89
1598400000,35-59,0.14,2.61
1598400000,60-79,0.18,0.79
1598400000,80+,0.56,1.60
1598486400,00-04,0.00,2.21
1598486400,05-14,0.00,5.02
1598486400,15-34,0.52,4.96
1598486400,35-59,0.14,2.61
1598486400,60-79,0.00,0.84
1598486400,80+,0.56,1.60
1598572800,00-04,0.00,2.21
1598572800,05-14,0.00,5.65
1598572800,15-34,0.00,5.32
1598572800,35-59,0.28,2.69
1598572800,60-79,0.00,0.92
1598572800,80+,0.56,1.60
1598659200,00-04,0.00,2.21
1598659200,05-14,0.00,6.36
1598659200,15-34,0.00,5.79
1598659200,35-59,0.14,2.67
1598659200,60-79,0.00,0.97
1598659200,80+,0.56,1.43
1598745600,00-04,0.00,-1.00
1598745600,05-14,0.00,-1.00
1598745600,15-34,0.00,-1.00
1598745600,35-59,0.14,-1.00
1598745600,60-79,0.00,-1.00
1598745600,80+,0.56,-1.00
1598832000,00-04,0.00,2.21
1598832000,05-14,0.00,6.83
1598832000,15-34,0.00,6.33
1598832000,35-59,0.14,2.69
1598832000,60-79,0.00,0.97
1598832000,80+,0.56,1.26
1598918400,00-04,0.00,2.21
1598918400,05-14,0.00,6.98
1598918400,15-34,0.00,6.83
1598918400,35-59,0.14,2.71
1598918400,60-79,0.00,0.97
1598918400,80+,0.00,1.10
1599004800,00-04,0.00,2.05
1599004800,05-14,0.00,7.06
1599004800,15-34,0.00,7.45
1599004800,35-59,0.14,2.84
1599004800,60-79,0.00,0.94
1599004800,80+,0.56,0.93
1599091200,00-04,0.00,1.90
1599091200,05-14,0.00,7.30
1599091200,15-34,0.00,8.24
1599091200,35-59,0.28,2.88
1599091200,60-79,0.00,0.92
1599091200,80+,0.56,0.76
1599177600,00-04,0.00,1.74
1599177600,05-14,0.00,7.30
1599177600,15-34,0.00,9.03
1599177600,35-59,0.14,2.98
1599177600,60-79,0.00,0.97
1599177600,80+,0.56,0.67
1599264000,00-04,0.00,1.42
1599264000,05-14,0.00,6.91
1599264000,15-34,0.00,9.14
1599264000,35-59,0.28,3.00
1599264000,60-79,0.18,0.97
1599264000,80+,0.56,0.59
1599350400,00-04,0.00,1.11
1599350400,05-14,0.00,6.36
1599350400,15-34,0.00,9.06
1599350400,35-59,0.28,3.02
1599350400,60-79,0.18,0.97
1599350400,80+,0.56,0.76
1599436800,00-04,0.00,0.79
1599436800,05-14,0.00,5.81
1599436800,15-34,0.00,9.03
1599436800,35-59,0.28,2.94
1599436800,60-79,0.36,0.99
1599436800,80+,1.67,0.93
1599523200,00-04,0.00,0.48
1599523200,05-14,0.00,5.34
1599523200,15-34,0.00,8.88
1599523200,35-59,0.28,2.90
1599523200,60-79,0.36,1.04
1599523200,80+,1.67,1.01
1599609600,00-04,0.00,0.32
1599609600,05-14,0.00,4.95
1599609600,15-34,0.00,8.70
1599609600,35-59,0.28,2.78
1599609600,60-79,0.54,1.27
1599609600,80+,1.12,1.26
1599696000,00-04,0.00,0.16
1599696000,05-14,0.00,4.32
1599696000,15-34,0.00,8.49
1599696000,35-59,0.14,2.80
1599696000,60-79,0.54,1.50
1599696000,80+,1.12,1.52
1599782400,00-04,0.00,0.00
1599782400,05-14,0.00,3.77
1599782400,15-34,0.00,8.02
1599782400,35-59,0.14,2.77
1599782400,60-79,0.89,1.91
1599782400,80+,1.12,1.94
1599868800,00-04,0.00,0.32
1599868800,05-14,0.00,3.38
1599868800,15-34,0.26,8.09
1599868800,35-59,0.00,2.88
1599868800,60-79,1.07,2.50
1599868800,80+,1.12,2.53
1599955200,00-04,0.00,0.63
1599955200,05-14,0.00,3.06
1599955200,15-34,0.26,8.20
1599955200,35-59,0.00,3.00
1599955200,60-79,1.07,3.24
1599955200,80+,1.12,3.12
1600041600,00-04,0.00,0.95
1600041600,05-14,0.00,2.91
1600041600,15-34,0.26,8.31
1600041600,35-59,0.00,3.27
1600041600,60-79,0.89,4.13
1600041600,80+,1.12,3.71
1600128000,00-04,0.00,1.26
1600128000,05-14,0.00,2.83
1600128000,15-34,0.26,8.38
1600128000,35-59,0.00,3.64
1600128000,60-79,1.07,5.15
1600128000,80+,1.12,4.80
1600214400,00-04,0.00,1.58
1600214400,05-14,0.00,2.59
1600214400,15-34,0.26,8.24
1600214400,35-59,0.00,4.25
1600214400,60-79,0.89,5.96
1600214400,80+,2.23,6.07
1600300800,00-04,0.00,1.89
1600300800,05-14,0.00,2.36
1600300800,15-34,0.26,8.16
1600300800,35-59,0.00,4.83
1600300800,60-79,0.89,6.72
1600300800,80+,2.23,7.42
1600387200,00-04,0.00,2.21
1600387200,05-14,0.00,2.28
1600387200,15-34,0.26,8.38
1600387200,35-59,0.00,5.53
1600387200,60-79,0.54,7.13
1600387200,80+,2.79,8.77
1600473600,00-04,0.00,1.89
1600473600,05-14,0.00,2.28
1600473600,15-34,0.00,8.27
1600473600,35-59,0.28,6.04
1600473600,60-79,0.72,7.31
1600473600,80+,3.35,9.78
1600560000,00-04,0.00,1.58
1600560000,05-14,0.00,2.28
1600560000,15-34,0.00,8.20
1600560000,35-59,0.28,6.58
1600560000,60-79,0.89,7.21
1600560000,80+,3.35,10.37
1600646400,00-04,0.00,1.26
1600646400,05-14,0.00,2.44
1600646400,15-34,0.00,8.27
1600646400,35-59,0.28,7.03
1600646400,60-79,0.89,6.93
1600646400,80+,2.23,11.13
1600732800,00-04,0.00,0.95
1600732800,05-14,0.00,2.59
1600732800,15-34,0.00,8.45
1600732800,35-59,0.28,7.29
1600732800,60-79,1.07,6.39
1600732800,80+,2.79,11.13
1600819200,00-04,0.00,0.63
1600819200,05-14,0.00,2.75
1600819200,15-34,0.00,8.74
1600819200,35-59,0.28,7.36
1600819200,60-79,1.07,5.96
1600819200,80+,1.67,10.45
1600905600,00-04,0.00,0.32
1600905600,05-14,0.00,3.22
1600905600,15-34,0.00,8.70
1600905600,35-59,0.42,7.32
1600905600,60-79,1.43,5.55
1600905600,80+,2.23,9.61
1600992000,00-04,0.00,0.00
1600992000,05-14,0.00,3.61
1600992000,15-34,0.00,8.49
1600992000,35-59,0.42,7.03
1600992000,60-79,1.43,5.27
1600992000,80+,1.67,8.26
1601078400,00-04,0.00,0.00
1601078400,05-14,0.00,4.01
1601078400,15-34,0.00,8.52
1601078400,35-59,0.14,6.78
1601078400,60-79,1.25,5.02
1601078400,80+,1.12,7.25
1601164800,00-04,0.00,0.00
1601164800,05-14,0.00,4.40
1601164800,15-34,0.00,8.52
1601164800,35-59,0.14,6.47
1601164800,60-79,1.25,4.89
1601164800,80+,2.23,6.49
1601251200,00-04,0.00,0.00
1601251200,05-14,0.00,4.40
1601251200,15-34,0.00,8.02
1601251200,35-59,0.14,6.12
1601251200,60-79,1.61,4.66
1601251200,80+,2.23,5.39
1601337600,00-04,0.00,0.00
1601337600,05-14,0.00,4.64
1601337600,15-34,0.00,7.55
1601337600,35-59,0.14,5.75
1601337600,60-79,1.25,4.45
1601337600,80+,1.67,4.72
1601424000,00-04,0.00,0.16
1601424000,05-14,0.00,4.95
1601424000,15-34,0.00,7.26
1601424000,35-59,0.14,5.34
1601424000,60-79,1.25,4.25
1601424000,80+,2.79,4.72
1601510400,00-04,1.14,0.47
1601510400,05-14,0.00,4.87
1601510400,15-34,0.00,7.26
1601510400,35-59,0.00,5.03
1601510400,60-79,1.25,4.05
1601510400,80+,3.35,5.06
1601596800,00-04,2.28,0.79
1601596800,05-14,0.00,4.79
1601596800,15-34,0.00,7.34
1601596800,35-59,0.00,4.97
1601596800,60-79,1.25,3.95
1601596800,80+,3.91,5.90
1601683200,00-04,2.28,1.11
1601683200,05-14,0.54,4.95
1601683200,15-34,0.00,7.44
1601683200,35-59,0.00,5.16
1601683200,60-79,1.25,4.08
1601683200,80+,3.91,6.91
1601769600,00-04,2.28,1.42
1601769600,05-14,0.54,5.10
1601769600,15-34,0.00,7.70
1601769600,35-59,0.00,5.45
1601769600,60-79,1.25,4.18
1601769600,80+,2.79,7.84
1601856000,00-04,2.28,1.74
1601856000,05-14,0.54,5.26
1601856000,15-34,0.00,8.24
1601856000,35-59,0.00,5.77
1601856000,60-79,0.89,4.51
1601856000,80+,2.79,9.02
1601942400,00-04,2.28,2.05
1601942400,05-14,0.54,4.95
1601942400,15-34,0.00,8.67
1601942400,35-59,0.00,6.17
1601942400,60-79,0.89,5.07
1601942400,80+,3.35,10.11
1602028800,00-04,2.28,2.21
1602028800,05-14,0.54,4.87
1602028800,15-34,0.00,9.14
1602028800,35-59,0.00,6.78
1602028800,60-79,0.89,5.63
1602028800,80+,3.35,10.54
1602115200,00-04,1.14,2.05
1602115200,05-14,0.54,5.18
1602115200,15-34,0.00,9.60
1602115200,35-59,0.14,7.38
1602115200,60-79,0.72,6.57
1602115200,80+,2.79,10.45
1602201600,00-04,0.00,2.05
1602201600,05-14,0.54,5.65
1602201600,15-34,0.00,10.25
1602201600,35-59,0.42,7.97
1602201600,60-79,1.43,7.77
1602201600,80+,2.23,10.45
1602288000,00-04,0.00,2.05
1602288000,05-14,0.00,5.81
1602288000,15-34,0.00,10.97
1602288000,35-59,0.42,8.43
1602288000,60-79,1.97,8.91
1602288000,80+,3.91,10.45
1602374400,00-04,0.00,2.05
1602374400,05-14,0.00,5.97
1602374400,15-34,0.00,11.51
1602374400,35-59,0.42,8.86
1602374400,60-79,1.97,10.11
1602374400,80+,5.02,10.54
1602460800,00-04,0.00,2.21
1602460800,05-14,0.00,6.28
1602460800,15-34,0.00,12.51
1602460800,35-59,0.42,9.72
1602460800,60-79,1.97,11.46
1602460800,80+,5.02,10.70
1602547200,00-04,0.00,2.37
1602547200,05-14,0.00,6.83
1602547200,15-34,0.00,13.95
1602547200,35-59,0.83,10.85
1602547200,60-79,2.50,12.94
1602547200,80+,6.14,11.21
1602633600,00-04,0.00,2.37
1602633600,05-14,0.00,6.98
1602633600,15-34,0.26,15.61
1602633600,35-59,1.11,12.06
1602633600,60-79,2.68,14.64
1602633600,80+,6.14,12.31
1602720000,00-04,0.00,2.53
1602720000,05-14,0.00,6.67
1602720000,15-34,0.26,17.30
1602720000,35-59,0.97,13.54
1602720000,60-79,3.22,16.05
1602720000,80+,6.14,13.99
1602806400,00-04,0.00,2.53
1602806400,05-14,0.00,6.59
1602806400,15-34,0.26,19.63
1602806400,35-59,0.83,15.60
1602806400,60-79,2.68,17.04
1602806400,80+,6.70,15.68
1602892800,00-04,0.00,2.69
1602892800,05-14,0.00,6.59
1602892800,15-34,0.26,22.04
1602892800,35-59,1.11,17.71
1602892800,60-79,2.50,18.08
1602892800,80+,6.70,16.60
1602979200,00-04,0.00,2.84
1602979200,05-14,0.00,6.59
1602979200,15-34,0.26,25.10
1602979200,35-59,1.11,19.77
1602979200,60-79,2.86,19.25
1602979200,80+,6.14,17.87
1603065600,00-04,0.00,2.84
1603065600,05-14,0.00,6.98
1603065600,15-34,0.26,27.73
1603065600,35-59,1.11,21.35
1603065600,60-79,3.04,20.20
1603065600,80+,6.70,19.30
1603152000,00-04,0.00,3.00
1603152000,05-14,0.00,7.69
1603152000,15-34,0.77,30.42
1603152000,35-59,1.11,23.05
1603152000,60-79,2.86,21.04
1603152000,80+,7.81,21.41
1603238400,00-04,0.00,3.48
1603238400,05-14,0.00,9.03
1603238400,15-34,0.52,33.52
1603238400,35-59,1.11,25.19
1603238400,60-79,3.93,22.03
1603238400,80+,8.93,23.60
1603324800,00-04,0.00,4.11
1603324800,05-14,0.00,11.07
1603324800,15-34,0.77,37.72
1603324800,35-59,1.38,27.55
1603324800,60-79,3.75,23.22
1603324800,80+,10.05,26.21
1603411200,00-04,0.00,5.38
1603411200,05-14,0.00,12.64
1603411200,15-34,1.03,41.43
1603411200,35-59,1.66,29.75
1603411200,60-79,4.83,25.11
1603411200,80+,13.40,29.42
1603497600,00-04,1.14,7.75
1603497600,05-14,0.00,15.62
1603497600,15-34,1.03,46.03
1603497600,35-59,1.94,32.34
1603497600,60-79,5.01,27.04
1603497600,80+,14.51,36.50
1603584000,00-04,1.14,10.12
1603584000,05-14,0.00,18.76
1603584000,15-34,1.55,50.02
1603584000,35-59,2.08,35.40
1603584000,60-79,5.36,29.08
1603584000,80+,17.86,43.66
1603670400,00-04,1.14,12.81
1603670400,05-14,0.00,21.43
1603670400,15-34,2.07,54.48
1603670400,35-59,2.21,38.94
1603670400,60-79,5.72,31.09
1603670400,80+,18.98,50.32
1603756800,00-04,1.14,15.81
1603756800,05-14,0.00,24.02
1603756800,15-34,1.55,59.44
1603756800,35-59,2.08,42.90
1603756800,60-79,5.72,33.74
1603756800,80+,16.74,58.75
1603843200,00-04,1.14,18.98
1603843200,05-14,0.00,25.90
1603843200,15-34,2.07,64.19
1603843200,35-59,2.63,46.85
1603843200,60-79,4.83,36.01
1603843200,80+,17.30,67.77
1603929600,00-04,1.14,22.30
1603929600,05-14,0.00,27.55
1603929600,15-34,2.07,67.14
1603929600,35-59,2.63,51.18
1603929600,60-79,5.72,38.63
1603929600,80+,21.21,76.20
1604016000,00-04,1.14,25.30
1604016000,05-14,0.00,29.91
1604016000,15-34,1.81,71.02
1604016000,35-59,2.63,56.10
1604016000,60-79,5.72,40.85
1604016000,80+,21.77,85.72
1604102400,00-04,0.00,26.09
1604102400,05-14,0.00,29.59
1604102400,15-34,1.81,73.36
1604102400,35-59,3.04,60.99
1604102400,60-79,6.08,43.04
1604102400,80+,25.12,88.76
1604188800,00-04,1.14,27.20
1604188800,05-14,0.54,29.04
1604188800,15-34,1.29,75.59
1604188800,35-59,3.32,65.42
1604188800,60-79,5.54,44.87
1604188800,80+,23.44,91.29
1604275200,00-04,1.14,28.15
1604275200,05-14,0.54,29.04
1604275200,15-34,0.77,78.18
1604275200,35-59,3.46,70.11
1604275200,60-79,5.72,47.26
1604275200,80+,23.44,95.59
1604361600,00-04,1.14,29.57
1604361600,05-14,0.54,29.52
1604361600,15-34,0.77,80.19
1604361600,35-59,3.46,74.55
1604361600,60-79,6.79,48.74
1604361600,80+,28.46,95.00
1604448000,00-04,1.14,30.99
1604448000,05-14,1.09,31.16
1604448000,15-34,0.26,82.10
1604448000,35-59,3.18,79.25
1604448000,60-79,8.40,50.90
1604448000,80+,34.05,93.82
1604534400,00-04,1.14,32.42
1604534400,05-14,1.09,33.44
1604534400,15-34,0.52,85.84
1604534400,35-59,4.29,83.39
1604534400,60-79,8.40,52.33
1604534400,80+,35.16,93.48
1604620800,00-04,1.14,33.21
1604620800,05-14,1.09,35.40
1604620800,15-34,0.52,88.03
1604620800,35-59,4.70,86.04
1604620800,60-79,8.22,53.86
1604620800,80+,37.95,89.60
1604707200,00-04,1.14,34.95
1604707200,05-14,1.09,39.56
1604707200,15-34,0.77,91.52
1604707200,35-59,4.15,88.32
1604707200,60-79,9.12,55.23
1604707200,80+,36.84,90.44
1604793600,00-04,0.00,36.21
1604793600,05-14,0.54,43.96
1604793600,15-34,0.77,95.55
1604793600,35-59,4.15,90.95
1604793600,60-79,10.55,56.66
1604793600,80+,36.84,92.13
1604880000,00-04,0.00,36.85
1604880000,05-14,0.54,47.81
1604880000,15-34,0.77,99.03
1604880000,35-59,4.01,93.04
1604880000,60-79,10.55,57.58
1604880000,80+,39.07,91.29
1604966400,00-04,0.00,35.90
1604966400,05-14,0.54,51.58
1604966400,15-34,1.03,102.34
1604966400,35-59,3.87,94.67
1604966400,60-79,10.37,58.52
1604966400,80+,36.84,92.81
1605052800,00-04,1.14,34.79
1605052800,05-14,0.00,54.48
1605052800,15-34,1.29,105.40
1605052800,35-59,3.87,94.98
1605052800,60-79,9.83,59.00
1605052800,80+,34.60,95.93
1605139200,00-04,2.28,33.84
1605139200,05-14,0.00,57.31
1605139200,15-34,1.55,107.63
1605139200,35-59,3.46,95.39
1605139200,60-79,9.83,60.20
1605139200,80+,39.07,100.22
1605225600,00-04,3.42,34.00
1605225600,05-14,0.00,60.21
1605225600,15-34,1.55,110.32
1605225600,35-59,3.32,96.97
1605225600,60-79,10.19,61.37
1605225600,80+,39.07,107.22
1605312000,00-04,3.42,34.47
1605312000,05-14,0.00,61.70
1605312000,15-34,1.29,111.80
1605312000,35-59,3.87,98.69
1605312000,60-79,10.55,62.60
1605312000,80+,39.07,113.37
1605398400,00-04,3.42,34.95
1605398400,05-14,0.00,63.59
1605398400,15-34,1.29,113.31
1605398400,35-59,4.57,99.99
1605398400,60-79,10.91,64.23
1605398400,80+,42.42,118.35
1605484800,00-04,3.42,36.21
1605484800,05-14,0.00,66.26
1605484800,15-34,1.55,113.99
1605484800,35-59,4.70,101.12
1605484800,60-79,10.55,65.96
1605484800,80+,44.09,126.78
1605571200,00-04,3.42,38.27
1605571200,05-14,0.00,68.77
1605571200,15-34,1.29,114.35
1605571200,35-59,5.40,103.54
1605571200,60-79,12.51,68.71
1605571200,80+,50.79,136.81
1605657600,00-04,2.28,40.48
1605657600,05-14,0.00,72.22
1605657600,15-34,1.03,114.78
1605657600,35-59,5.67,106.93
1605657600,60-79,14.48,71.00
1605657600,80+,55.81,146.25
1605744000,00-04,1.14,42.06
1605744000,05-14,0.54,74.73
1605744000,15-34,1.03,115.25
1605744000,35-59,4.84,110.55
1605744000,60-79,15.37,72.88
1605744000,80+,56.37,154.76
1605830400,00-04,0.00,43.17
1605830400,05-14,0.54,78.35
1605830400,15-34,1.29,117.37
1605830400,35-59,4.57,114.66
1605830400,60-79,16.98,75.79
1605830400,80+,61.39,168.58
1605916800,00-04,0.00,44.44
1605916800,05-14,0.54,84.23
1605916800,15-34,1.29,122.16
1605916800,35-59,4.01,120.11
1605916800,60-79,16.98,79.73
1605916800,80+,66.98,182.32
1606003200,00-04,0.00,46.49
1606003200,05-14,1.09,90.28
1606003200,15-34,1.29,126.76
1606003200,35-59,3.18,126.48
1606003200,60-79,16.80,83.58
1606003200,80+,67.53,196.48
1606089600,00-04,0.00,48.07
1606089600,05-14,1.09,97.11
1606089600,15-34,1.29,132.12
1606089600,35-59,3.04,134.04
1606089600,60-79,17.70,88.27
1606089600,80+,64.18,209.29
1606176000,00-04,0.00,49.18
1606176000,05-14,1.09,103.31
1606176000,15-34,1.55,139.35
1606176000,35-59,3.04,141.43
1606176000,60-79,16.63,92.39
1606176000,80+,62.51,222.36
1606262400,00-04,0.00,50.76
1606262400,05-14,1.63,109.75
1606262400,15-34,1.81,147.76
1606262400,35-59,3.32,149.20
1606262400,60-79,16.27,97.03
1606262400,80+,59.72,234.41
1606348800,00-04,0.00,52.18
1606348800,05-14,1.09,118.85
1606348800,15-34,1.03,157.33
1606348800,35-59,4.29,156.58
1606348800,60-79,15.55,102.17
1606348800,80+,54.14,243.85
1606435200,00-04,0.00,52.66
1606435200,05-14,1.09,126.31
1606435200,15-34,1.03,164.81
1606435200,35-59,4.29,162.17
1606435200,60-79,15.20,104.67
1606435200,80+,51.35,242.92
1606521600,00-04,0.00,52.18
1606521600,05-14,1.09,132.04
1606521600,15-34,1.29,168.29
1606521600,35-59,4.01,165.80
1606521600,60-79,15.37,105.43
1606521600,80+,46.88,239.97
1606608000,00-04,0.00,51.39
1606608000,05-14,0.54,137.06
1606608000,15-34,1.29,171.53
1606608000,35-59,4.15,169.07
1606608000,60-79,15.20,105.89
1606608000,80+,46.32,239.47
1606694400,00-04,0.00,51.08
1606694400,05-14,0.54,139.58
1606694400,15-34,1.03,174.84
1606694400,35-59,4.70,171.25
1606694400,60-79,14.66,104.74
1606694400,80+,48.56,237.61
1606780800,00-04,0.00,50.76
1606780800,05-14,0.54,142.80
1606780800,15-34,0.77,176.17
1606780800,35-59,5.12,171.41
1606780800,60-79,14.84,103.19
1606780800,80+,46.32,230.78
1606867200,00-04,0.00,49.34
1606867200,05-14,0.00,146.33
1606867200,15-34,1.03,176.85
1606867200,35-59,4.98,172.07
1606867200,60-79,15.91,102.09
1606867200,80+,45.21,226.40
1606953600,00-04,0.00,50.13
1606953600,05-14,0.00,147.90
1606953600,15-34,1.29,177.35
1606953600,35-59,4.84,175.64
1606953600,60-79,17.70,101.66
1606953600,80+,49.12,225.81
1607040000,00-04,0.00,51.08
1607040000,05-14,0.00,150.10
1607040000,15-34,1.81,178.76
1607040000,35-59,5.12,181.66
1607040000,60-79,18.77,103.39
1607040000,80+,48.56,231.63
1607126400,00-04,1.14,52.82
1607126400,05-14,0.00,153.00
1607126400,15-34,2.07,181.88
1607126400,35-59,5.81,188.14
1607126400,60-79,18.41,105.71
1607126400,80+,59.16,240.73
1607212800,00-04,2.28,55.19
1607212800,05-14,0.00,156.61
1607212800,15-34,2.07,185.84
1607212800,35-59,5.67,194.73
1607212800,60-79,18.41,109.07
1607212800,80+,59.72,250.68
1607299200,00-04,2.28,57.40
1607299200,05-14,0.54,160.93
1607299200,15-34,2.32,190.41
1607299200,35-59,5.40,202.30
1607299200,60-79,19.31,113.38
1607299200,80+,66.42,260.37
1607385600,00-04,2.28,60.88
1607385600,05-14,0.54,165.25
1607385600,15-34,2.84,195.94
1607385600,35-59,5.53,212.51
1607385600,60-79,19.13,118.67
1607385600,80+,68.09,276.73
1607472000,00-04,2.28,64.68
1607472000,05-14,0.54,166.35
1607472000,15-34,2.84,201.52
1607472000,35-59,5.26,222.99
1607472000,60-79,18.23,124.50
1607472000,80+,74.23,289.62
1607558400,00-04,3.42,65.94
1607558400,05-14,0.54,165.64
1607558400,15-34,3.10,207.45
1607558400,35-59,4.84,232.01
1607558400,60-79,20.56,129.49
1607558400,80+,76.46,303.03
1607644800,00-04,4.56,68.95
1607644800,05-14,0.54,166.35
1607644800,15-34,2.32,215.04
1607644800,35-59,5.40,241.09
1607644800,60-79,23.78,135.50
1607644800,80+,89.30,319.72
1607731200,00-04,3.42,72.74
1607731200,05-14,0.54,166.27
1607731200,15-34,1.81,226.62
1607731200,35-59,6.23,253.34
1607731200,60-79,27.17,143.81
1607731200,80+,90.98,339.10
1607817600,00-04,4.56,74.48
1607817600,05-14,0.54,165.40
1607817600,15-34,1.81,237.80
1607817600,35-59,6.64,265.24
1607817600,60-79,30.21,151.19
1607817600,80+,95.44,351.24
1607904000,00-04,5.70,76.22
1607904000,05-14,0.54,166.03
1607904000,15-34,1.55,249.78
1607904000,35-59,6.64,277.77
1607904000,60-79,30.57,160.23
1607904000,80+,93.77,369.87
1607990400,00-04,5.70,76.70
1607990400,05-14,1.09,165.09
1607990400,15-34,1.55,262.83
1607990400,35-59,7.06,290.45
1607990400,60-79,32.72,168.86
1607990400,80+,113.86,385.63
1608076800,00-04,5.70,78.28
1608076800,05-14,1.09,165.87
1608076800,15-34,2.07,277.07
1608076800,35-59,7.61,303.62
1608076800,60-79,34.86,178.03
1608076800,80+,123.35,406.70
1608163200,00-04,5.70,81.28
1608163200,05-14,1.09,168.70
1608163200,15-34,2.32,289.51
1608163200,35-59,8.72,315.76
1608163200,60-79,35.58,188.17
1608163200,80+,136.18,429.71
1608249600,00-04,4.56,83.81
1608249600,05-14,1.63,168.47
1608249600,15-34,3.62,300.55
1608249600,35-59,9.69,327.78
1608249600,60-79,35.75,198.35
1608249600,80+,140.65,448.85
1608336000,00-04,4.56,85.71
1608336000,05-14,1.63,167.92
1608336000,15-34,3.87,305.91
1608336000,35-59,9.69,337.11
1608336000,60-79,36.65,207.01
1608336000,80+,141.21,463.09
1608422400,00-04,3.42,88.24
1608422400,05-14,1.63,166.11
1608422400,15-34,3.87,310.41
1608422400,35-59,10.10,346.01
1608422400,60-79,34.50,215.87
1608422400,80+,144.00,486.36
1608508800,00-04,2.28,90.93
1608508800,05-14,1.09,162.66
1608508800,15-34,4.13,313.57
1608508800,35-59,10.93,355.11
1608508800,60-79,33.43,223.23
1608508800,80+,140.09,504.31
1608595200,00-04,3.42,94.57
1608595200,05-14,0.54,161.80
1608595200,15-34,4.13,318.24
1608595200,35-59,10.93,365.39
1608595200,60-79,33.61,233.24
1608595200,80+,138.97,529.18
1608681600,00-04,4.56,96.94
1608681600,05-14,0.54,161.25
1608681600,15-34,4.13,323.31
1608681600,35-59,11.90,376.93
1608681600,60-79,36.65,243.63
1608681600,80+,141.21,553.45
1608768000,00-04,3.42,97.41
1608768000,05-14,1.09,157.64
1608768000,15-34,3.62,326.26
1608768000,35-59,12.04,386.31
1608768000,60-79,36.83,251.30
1608768000,80+,138.42,570.73
1608854400,00-04,3.42,95.04
1608854400,05-14,0.54,153.00
1608854400,15-34,2.58,325.65
1608854400,35-59,10.38,390.07
1608854400,60-79,33.07,255.25
1608854400,80+,120.56,583.88
1608940800,00-04,3.42,89.82
1608940800,05-14,0.54,146.17
1608940800,15-34,3.10,323.64
1608940800,35-59,10.10,389.31
1608940800,60-79,30.75,256.34
1608940800,80+,127.25,592.98
1609027200,00-04,2.28,84.92
1609027200,05-14,0.54,139.89
1609027200,15-34,3.62,321.59
1609027200,35-59,9.41,387.83
1609027200,60-79,32.54,256.49
1609027200,80+,125.02,594.41
1609113600,00-04,2.28,78.91
1609113600,05-14,0.54,132.67
1609113600,15-34,3.36,317.56
1609113600,35-59,8.99,382.32
1609113600,60-79,36.83,255.37
1609113600,80+,136.18,592.14
1609200000,00-04,2.28,72.27
1609200000,05-14,0.54,121.84
1609200000,15-34,3.36,307.03
1609200000,35-59,8.58,372.33
1609200000,60-79,37.01,250.18
1609200000,80+,131.16,578.48
1609286400,00-04,4.56,64.99
1609286400,05-14,0.54,109.98
1609286400,15-34,2.84,292.79
1609286400,35-59,8.44,358.34
1609286400,60-79,36.29,243.50
1609286400,80+,135.07,565.33
1609372800,00-04,4.56,59.14
1609372800,05-14,0.00,99.93
1609372800,15-34,2.84,281.28
1609372800,35-59,10.79,344.90
1609372800,60-79,39.51,238.31
1609372800,80+,141.76,550.84
1609459200,00-04,4.56,55.51
1609459200,05-14,0.00,91.46
1609459200,15-34,3.36,270.96
1609459200,35-59,10.93,333.64
1609459200,60-79,40.58,232.38
1609459200,80+,143.44,534.40
1609545600,00-04,5.70,54.56
1609545600,05-14,0.00,85.49
1609545600,15-34,3.10,264.02
1609545600,35-59,10.38,326.10
1609545600,60-79,39.87,228.22
1609545600,80+,130.60,524.29
1609632000,00-04,5.70,53.92
1609632000,05-14,0.00,80.78
1609632000,15-34,2.84,257.51
1609632000,35-59,11.07,319.60
1609632000,60-79,40.40,224.79
1609632000,80+,140.09,516.95
1609718400,00-04,6.84,54.24
1609718400,05-14,0.00,77.25
1609718400,15-34,3.36,253.05
1609718400,35-59,10.79,314.43
1609718400,60-79,37.90,221.12
1609718400,80+,136.74,510.80
1609804800,00-04,5.70,54.71
1609804800,05-14,0.00,76.38
1609804800,15-34,3.36,254.74
1609804800,35-59,11.07,310.44
1609804800,60-79,38.44,219.11
1609804800,80+,133.95,510.80
1609891200,00-04,5.70,56.45
1609891200,05-14,0.00,75.99
1609891200,15-34,4.13,259.49
1609891200,35-59,10.24,305.01
1609891200,60-79,37.54,214.57
1609891200,80+,133.95,500.86
1609977600,00-04,5.70,58.04
1609977600,05-14,0.00,76.30
1609977600,15-34,5.16,267.97
1609977600,35-59,7.89,304.21
1609977600,60-79,33.07,211.93
1609977600,80+,127.81,504.73
1610064000,00-04,5.70,60.41
1610064000,05-14,0.00,78.66
1610064000,15-34,5.16,283.79
1610064000,35-59,8.03,310.81
1610064000,60-79,35.93,216.59
1610064000,80+,141.76,521.34
1610150400,00-04,4.56,63.10
1610150400,05-14,0.54,82.03
1610150400,15-34,5.16,301.02
1610150400,35-59,8.99,318.70
1610150400,60-79,38.79,222.37
1610150400,80+,150.14,537.77
1610236800,00-04,4.56,65.63
1610236800,05-14,0.54,85.25
1610236800,15-34,5.42,319.14
1610236800,35-59,8.44,326.90
1610236800,60-79,36.65,228.45
1610236800,80+,139.53,552.02
1610323200,00-04,3.42,68.48
1610323200,05-14,0.54,89.41
1610323200,15-34,5.42,338.78
1610323200,35-59,8.16,337.32
1610323200,60-79,36.11,237.57
1610323200,80+,135.07,574.02
1610409600,00-04,3.42,72.43
1610409600,05-14,0.54,93.57
1610409600,15-34,5.16,354.63
1610409600,35-59,8.03,347.74
1610409600,60-79,36.47,244.52
1610409600,80+,141.21,589.61
1610496000,00-04,0.00,75.43
1610496000,05-14,1.09,97.81
1610496000,15-34,4.91,367.01
1610496000,35-59,8.72,359.08
1610496000,60-79,36.29,251.45
1610496000,80+,137.30,610.34
1610582400,00-04,0.00,78.28
1610582400,05-14,1.63,101.58
1610582400,15-34,3.87,371.00
1610582400,35-59,8.30,362.80
1610582400,60-79,37.36,254.18
1610582400,80+,136.74,613.80
1610668800,00-04,0.00,80.18
1610668800,05-14,1.63,103.15
1610668800,15-34,3.62,365.89
1610668800,35-59,8.86,357.15
1610668800,60-79,35.93,249.57
1610668800,80+,131.16,605.71
1610755200,00-04,0.00,82.55
1610755200,05-14,1.09,103.86
1610755200,15-34,3.87,359.06
1610755200,35-59,8.44,351.68
1610755200,60-79,35.58,244.19
1610755200,80+,135.63,594.67
1610841600,00-04,1.14,85.08
1610841600,05-14,1.09,104.02
1610841600,15-34,3.36,350.07
1610841600,35-59,8.72,345.37
1610841600,60-79,35.93,238.03
1610841600,80+,139.53,587.33
1610928000,00-04,1.14,87.92
1610928000,05-14,1.09,103.86
1610928000,15-34,3.62,335.44
1610928000,35-59,9.41,335.24
1610928000,60-79,35.75,227.87
1610928000,80+,139.53,569.72
1611014400,00-04,1.14,88.24
1611014400,05-14,1.63,101.27
1611014400,15-34,3.62,318.97
1611014400,35-59,8.86,322.69
1611014400,60-79,34.32,217.99
1611014400,80+,136.74,556.23
1611100800,00-04,2.28,88.87
1611100800,05-14,1.09,97.58
1611100800,15-34,2.84,301.13
1611100800,35-59,8.44,309.11
1611100800,60-79,34.68,209.10
1611100800,80+,140.09,537.35
1611187200,00-04,2.28,90.45
1611187200,05-14,1.09,94.20
1611187200,15-34,2.84,283.69
1611187200,35-59,8.30,298.21
1611187200,60-79,34.50,200.70
1611187200,80+,136.74,525.30
1611273600,00-04,3.42,90.93
1611273600,05-14,1.09,91.77
1611273600,15-34,2.32,267.61
1611273600,35-59,9.55,289.24
1611273600,60-79,32.72,193.72
1611273600,80+,140.09,510.89
1611360000,00-04,3.42,90.30
1611360000,05-14,1.09,88.55
1611360000,15-34,2.32,250.89
1611360000,35-59,8.86,277.28
1611360000,60-79,28.96,186.00
1611360000,80+,125.58,495.97
1611446400,00-04,2.28,89.35
1611446400,05-14,1.09,85.25
1611446400,15-34,2.84,235.46
1611446400,35-59,9.27,265.71
1611446400,60-79,29.14,178.49
1611446400,80+,125.58,477.17
1611532800,00-04,2.28,86.03
1611532800,05-14,1.09,80.54
1611532800,15-34,2.32,223.56
1611532800,35-59,8.86,255.47
1611532800,60-79,29.68,171.94
1611532800,80+,122.23,459.97
1611619200,00-04,2.28,84.13
1611619200,05-14,0.54,77.64
1611619200,15-34,2.07,212.59
1611619200,35-59,8.72,246.91
1611619200,60-79,29.14,165.07
1611619200,80+,114.42,439.15
1611705600,00-04,1.14,82.39
1611705600,05-14,0.54,75.21
1611705600,15-34,2.58,202.92
1611705600,35-59,8.16,238.83
1611705600,60-79,25.92,157.56
1611705600,80+,102.14,423.81
1611792000,00-04,1.14,78.44
1611792000,05-14,0.00,73.64
1611792000,15-34,2.84,197.17
1611792000,35-59,7.89,231.37
1611792000,60-79,23.24,151.19
1611792000,80+,105.49,404.09
1611878400,00-04,0.00,75.59
1611878400,05-14,0.00,70.89
1611878400,15-34,2.84,192.42
1611878400,35-59,6.92,224.47
1611878400,60-79,22.53,145.13
1611878400,80+,99.91,387.40
1611964800,00-04,0.00,70.85
1611964800,05-14,0.00,68.61
1611964800,15-34,2.07,187.64
1611964800,35-59,6.92,219.02
1611964800,60-79,22.88,139.20
1611964800,80+,98.23,368.94
1612051200,00-04,0.00,66.73
1612051200,05-14,0.00,66.96
1612051200,15-34,1.55,182.61
1612051200,35-59,6.36,212.74
1612051200,60-79,20.92,133.16
1612051200,80+,88.18,351.49
1612137600,00-04,0.00,64.36
1612137600,05-14,0.00,66.73
1612137600,15-34,1.55,177.07
1612137600,35-59,6.23,207.27
1612137600,60-79,20.02,128.22
1612137600,80+,87.07,336.32
1612224000,00-04,0.00,61.51
1612224000,05-14,0.00,66.73
1612224000,15-34,1.55,172.50
1612224000,35-59,6.09,202.13
1612224000,60-79,19.84,124.68
1612224000,80+,89.30,321.40
1612310400,00-04,0.00,58.51
1612310400,05-14,0.00,68.45
1612310400,15-34,1.03,169.26
1612310400,35-59,7.20,198.49
1612310400,60-79,19.31,122.90
1612310400,80+,85.95,303.70
1612396800,00-04,1.14,56.77
1612396800,05-14,0.54,67.35
1612396800,15-34,1.81,166.64
1612396800,35-59,7.61,194.12
1612396800,60-79,20.38,121.06
1612396800,80+,76.46,288.44
1612483200,00-04,1.14,55.98
1612483200,05-14,0.54,67.75
1612483200,15-34,2.32,163.65
1612483200,35-59,7.20,190.32
1612483200,60-79,20.56,120.61
1612483200,80+,75.35,274.45
1612569600,00-04,1.14,57.24
1612569600,05-14,0.54,68.92
1612569600,15-34,2.32,160.42
1612569600,35-59,7.06,186.02
1612569600,60-79,22.88,120.45
1612569600,80+,79.25,263.91
1612656000,00-04,1.14,57.88
1612656000,05-14,0.54,69.55
1612656000,15-34,2.58,157.18
1612656000,35-59,6.92,182.18
1612656000,60-79,23.60,120.22
1612656000,80+,82.04,253.80
1612742400,00-04,1.14,58.67
1612742400,05-14,0.54,69.24
1612742400,15-34,2.32,154.41
1612742400,35-59,6.78,178.60
1612742400,60-79,23.42,119.59
1612742400,80+,79.25,241.91
1612828800,00-04,2.28,58.19
1612828800,05-14,0.54,67.83
1612828800,15-34,2.58,150.24
1612828800,35-59,6.92,172.05
1612828800,60-79,23.24,117.12
1612828800,80+,68.65,231.37
1612915200,00-04,2.28,56.45
1612915200,05-14,0.54,64.45
1612915200,15-34,2.32,144.31
1612915200,35-59,5.67,162.58
1612915200,60-79,22.35,112.53
1612915200,80+,69.77,220.33
1613001600,00-04,1.14,53.92
1613001600,05-14,0.00,63.43
1613001600,15-34,1.03,137.12
1613001600,35-59,5.26,154.50
1613001600,60-79,22.88,107.87
1613001600,80+,64.74,210.64
1613088000,00-04,1.14,49.97
1613088000,05-14,0.00,61.47
1613088000,15-34,1.29,131.83
1613088000,35-59,5.12,146.69
1613088000,60-79,23.96,101.48
1613088000,80+,62.51,201.20
1613174400,00-04,1.14,46.02
1613174400,05-14,0.00,58.17
1613174400,15-34,2.07,127.44
1613174400,35-59,6.50,139.40
1613174400,60-79,22.88,95.19
1613174400,80+,60.84,191.17
1613260800,00-04,2.28,42.22
1613260800,05-14,0.00,55.74
1613260800,15-34,2.58,123.49
1613260800,35-59,7.06,132.86
1613260800,60-79,23.42,89.59
1613260800,80+,63.63,182.40
1613347200,00-04,2.28,37.95
1613347200,05-14,0.00,53.93
1613347200,15-34,2.58,119.78
1613347200,35-59,7.20,126.12
1613347200,60-79,22.70,84.70
1613347200,80+,64.18,177.26
1613433600,00-04,1.14,36.69
1613433600,05-14,0.00,53.62
1613433600,15-34,2.58,119.67
1613433600,35-59,7.61,124.85
1613433600,60-79,22.88,83.27
1613433600,80+,65.86,175.41
1613520000,00-04,3.42,38.59
1613520000,05-14,0.00,53.93
1613520000,15-34,2.84,123.59
1613520000,35-59,8.72,127.95
1613520000,60-79,26.82,84.88
1613520000,80+,68.09,181.39
1613606400,00-04,3.42,41.91
1613606400,05-14,0.00,53.93
1613606400,15-34,3.36,126.51
1613606400,35-59,9.13,130.58
1613606400,60-79,28.78,87.47
1613606400,80+,74.79,187.46
1613692800,00-04,3.42,45.23
1613692800,05-14,0.00,54.72
1613692800,15-34,3.10,128.70
1613692800,35-59,9.69,133.17
1613692800,60-79,29.68,91.35
1613692800,80+,73.11,194.63
1613779200,00-04,4.56,49.18
1613779200,05-14,0.00,56.13
1613779200,15-34,2.84,131.90
1613779200,35-59,8.72,136.54
1613779200,60-79,29.32,95.17
1613779200,80+,72.56,202.38
1613865600,00-04,3.42,52.66
1613865600,05-14,0.00,56.13
1613865600,15-34,2.58,135.03
1613865600,35-59,7.75,139.89
1613865600,60-79,28.25,98.68
1613865600,80+,72.00,209.88
1613952000,00-04,3.42,56.30
1613952000,05-14,0.00,56.21
1613952000,15-34,2.58,138.27
1613952000,35-59,7.89,143.43
1613952000,60-79,29.85,101.05
1613952000,80+,75.35,214.18
1614038400,00-04,3.42,59.46
1614038400,05-14,0.00,55.50
1614038400,15-34,2.84,139.60
1614038400,35-59,6.92,145.13
1614038400,60-79,29.85,101.53
1614038400,80+,77.58,216.62
1614124800,00-04,1.14,61.36
1614124800,05-14,0.00,55.97
1614124800,15-34,3.36,139.42
1614124800,35-59,7.20,145.87
1614124800,60-79,26.99,101.05
1614124800,80+,72.00,215.28
1614211200,00-04,1.14,62.62
1614211200,05-14,0.00,56.91
1614211200,15-34,3.10,141.07
1614211200,35-59,7.47,146.69
1614211200,60-79,23.96,99.90
1614211200,80+,69.21,214.35
1614297600,00-04,1.14,64.99
1614297600,05-14,0.00,57.70
1614297600,15-34,2.58,142.91
1614297600,35-59,6.36,147.64
1614297600,60-79,22.53,100.03
1614297600,80+,69.77,212.33
1614384000,00-04,1.14,66.73
1614384000,05-14,0.00,59.58
1614384000,15-34,3.10,142.73
1614384000,35-59,6.78,148.34
1614384000,60-79,23.60,100.92
1614384000,80+,69.77,209.04
1614470400,00-04,1.14,69.90
1614470400,05-14,0.00,62.96
1614470400,15-34,2.58,142.33
1614470400,35-59,6.92,148.26
1614470400,60-79,24.49,101.56
1614470400,80+,65.86,204.49
1614556800,00-04,1.14,73.69
1614556800,05-14,0.00,66.65
1614556800,15-34,2.84,141.54
1614556800,35-59,6.78,148.01
1614556800,60-79,22.88,103.34
1614556800,80+,61.39,202.04
1614643200,00-04,1.14,77.01
1614643200,05-14,0.00,73.16
1614643200,15-34,2.58,141.68
1614643200,35-59,7.61,147.47
1614643200,60-79,22.35,104.87
1614643200,80+,60.28,198.08
1614729600,00-04,2.28,81.92
1614729600,05-14,0.00,83.37
1614729600,15-34,2.07,142.58
1614729600,35-59,6.64,146.98
1614729600,60-79,22.70,105.96
1614729600,80+,56.93,188.89
1614816000,00-04,2.28,90.61
1614816000,05-14,0.00,93.97
1614816000,15-34,2.58,142.36
1614816000,35-59,6.09,147.43
1614816000,60-79,21.99,106.88
1614816000,80+,52.46,178.27
1614902400,00-04,2.28,102.32
1614902400,05-14,0.00,105.59
1614902400,15-34,3.10,141.68
1614902400,35-59,6.36,148.09
1614902400,60-79,20.20,105.48
1614902400,80+,49.67,167.74
1614988800,00-04,2.28,116.07
1614988800,05-14,0.00,118.54
1614988800,15-34,2.32,142.87
1614988800,35-59,5.67,148.85
1614988800,60-79,18.77,103.42
1614988800,80+,42.98,158.30
1615075200,00-04,2.28,129.83
1615075200,05-14,0.00,131.10
1615075200,15-34,2.84,144.20
1615075200,35-59,6.23,150.14
1615075200,60-79,17.70,101.79
1615075200,80+,42.98,150.63
1615161600,00-04,3.42,142.48
1615161600,05-14,0.00,143.27
1615161600,15-34,2.58,145.89
1615161600,35-59,5.95,152.18
1615161600,60-79,18.41,99.49
1615161600,80+,45.77,142.96
1615248000,00-04,3.42,156.08
1615248000,05-14,0.00,153.08
1615248000,15-34,2.32,147.62
1615248000,35-59,5.53,154.56
1615248000,60-79,17.34,98.22
1615248000,80+,48.56,137.31
1615334400,00-04,3.42,168.57
1615334400,05-14,0.00,156.77
1615334400,15-34,2.58,148.41
1615334400,35-59,5.81,157.75
1615334400,60-79,18.23,97.02
1615334400,80+,51.91,137.99
1615420800,00-04,4.56,179.33
1615420800,05-14,0.00,162.27
1615420800,15-34,2.32,151.61
1615420800,35-59,6.23,161.20
1615420800,60-79,16.98,96.79
1615420800,80+,55.25,141.95
1615507200,00-04,5.70,184.54
1615507200,05-14,0.00,168.31
1615507200,15-34,2.32,156.68
1615507200,35-59,6.64,165.64
1615507200,60-79,17.16,97.61
1615507200,80+,57.49,146.25
1615593600,00-04,4.56,187.55
1615593600,05-14,0.00,171.21
1615593600,15-34,2.32,162.61
1615593600,35-59,6.50,171.00
1615593600,60-79,16.27,99.32
1615593600,80+,61.95,151.13
1615680000,00-04,4.56,189.76
1615680000,05-14,0.00,174.35
1615680000,15-34,2.58,169.48
1615680000,35-59,6.64,177.14
1615680000,60-79,17.52,101.48
1615680000,80+,63.63,155.35
1615766400,00-04,3.42,192.45
1615766400,05-14,0.00,178.04
1615766400,15-34,2.84,176.38
1615766400,35-59,7.06,183.62
1615766400,60-79,17.34,104.72
1615766400,80+,64.18,159.06
1615852800,00-04,4.56,195.46
1615852800,05-14,0.00,182.05
1615852800,15-34,3.10,185.52
1615852800,35-59,7.61,191.80
1615852800,60-79,18.95,108.43
1615852800,80+,63.07,163.02
1615939200,00-04,3.42,195.61
1615939200,05-14,0.54,187.46
1615939200,15-34,3.36,194.79
1615939200,35-59,8.16,199.58
1615939200,60-79,18.41,112.89
1615939200,80+,61.95,164.70
1616025600,00-04,2.28,190.87
1616025600,05-14,0.54,189.27
1616025600,15-34,3.62,204.40
1616025600,35-59,8.44,208.27
1616025600,60-79,20.56,117.37
1616025600,80+,58.60,164.11
1616112000,00-04,3.42,191.19
1616112000,05-14,1.09,190.29
1616112000,15-34,3.10,214.86
1616112000,35-59,8.86,217.50
1616112000,60-79,21.63,123.31
1616112000,80+,54.14,166.64
1616198400,00-04,5.70,190.87
1616198400,05-14,1.09,193.98
1616198400,15-34,2.84,223.63
1616198400,35-59,9.69,225.66
1616198400,60-79,25.39,129.49
1616198400,80+,50.79,168.08
1616284800,00-04,7.98,189.61
1616284800,05-14,1.09,197.12
1616284800,15-34,2.07,231.26
1616284800,35-59,9.27,233.47
1616284800,60-79,25.03,135.20
1616284800,80+,47.44,169.51
1616371200,00-04,7.98,189.45
1616371200,05-14,1.09,201.44
1616371200,15-34,2.07,239.85
1616371200,35-59,9.27,240.53
1616371200,60-79,25.92,139.98
1616371200,80+,50.79,170.86
1616457600,00-04,6.84,185.65
1616457600,05-14,1.63,206.07
1616457600,15-34,2.32,245.18
1616457600,35-59,9.55,246.31
1616457600,60-79,27.17,144.98
1616457600,80+,49.12,172.04
1616544000,00-04,6.84,185.18
1616544000,05-14,1.09,213.14
1616544000,15-34,1.81,253.23
1616544000,35-59,9.82,252.95
1616544000,60-79,29.14,149.69
1616544000,80+,54.14,173.39
1616630400,00-04,6.84,185.49
1616630400,05-14,1.09,221.14
1616630400,15-34,1.55,259.27
1616630400,35-59,9.55,258.14
1616630400,60-79,29.32,154.86
1616630400,80+,56.93,174.82
1616716800,00-04,5.70,179.96
1616716800,05-14,0.54,228.60
1616716800,15-34,2.07,263.91
1616716800,35-59,9.41,262.91
1616716800,60-79,30.57,159.57
1616716800,80+,62.51,171.53
1616803200,00-04,5.70,175.53
1616803200,05-14,1.09,233.31
1616803200,15-34,2.84,269.38
1616803200,35-59,9.27,268.71
1616803200,60-79,30.39,163.54
1616803200,80+,65.30,169.09
1616889600,00-04,3.42,171.26
1616889600,05-14,1.09,237.71
1616889600,15-34,2.84,275.56
1616889600,35-59,10.79,274.73
1616889600,60-79,30.57,168.02
1616889600,80+,68.65,166.98
1616976000,00-04,7.98,166.20
1616976000,05-14,1.09,239.43
1616976000,15-34,4.13,281.82
1616976000,35-59,11.62,281.80
1616976000,60-79,31.28,174.01
1616976000,80+,66.42,165.88
1617062400,00-04,7.98,163.67
1617062400,05-14,1.09,239.20
1617062400,15-34,5.16,289.48
1617062400,35-59,11.48,289.50
1617062400,60-79,30.93,178.77
1617062400,80+,67.53,163.52
1617148800,00-04,11.41,159.56
1617148800,05-14,1.63,237.31
1617148800,15-34,5.16,294.73
1617148800,35-59,11.62,296.22
1617148800,60-79,32.72,184.81
1617148800,80+,63.07,163.61
1617235200,00-04,11.41,158.29
1617235200,05-14,1.63,234.96
1617235200,15-34,5.94,299.19
1617235200,35-59,11.76,303.00
1617235200,60-79,33.07,191.20
1617235200,80+,64.18,164.45
1617321600,00-04,11.41,158.14
1617321600,05-14,2.17,229.31
1617321600,15-34,6.97,299.73
1617321600,35-59,13.98,306.70
1617321600,60-79,35.93,195.37
1617321600,80+,59.72,167.06
1617408000,00-04,9.13,156.56
1617408000,05-14,1.63,222.95
1617408000,15-34,6.46,297.86
1617408000,35-59,14.81,307.15
1617408000,60-79,35.58,197.87
1617408000,80+,55.81,168.41
1617494400,00-04,10.27,156.24
1617494400,05-14,2.17,216.75
1617494400,15-34,6.71,294.91
1617494400,35-59,13.28,305.61
1617494400,60-79,36.83,198.68
1617494400,80+,55.25,168.08
1617580800,00-04,5.70,154.50
1617580800,05-14,2.17,209.60
1617580800,15-34,5.16,288.04
1617580800,35-59,12.73,300.78
1617580800,60-79,35.75,196.60
1617580800,80+,53.02,165.13
1617667200,00-04,5.70,149.91
1617667200,05-14,2.17,200.58
1617667200,15-34,3.87,276.32
1617667200,35-59,12.87,291.10
1617667200,60-79,34.32,192.32
1617667200,80+,50.23,162.43
1617753600,00-04,3.42,144.85
1617753600,05-14,2.17,188.49
1617753600,15-34,4.13,263.59
1617753600,35-59,12.73,280.32
1617753600,60-79,30.57,186.46
1617753600,80+,49.67,155.35
1617840000,00-04,6.84,139.63
1617840000,05-14,2.17,176.79
1617840000,15-34,4.13,253.91
1617840000,35-59,14.39,270.50
1617840000,60-79,33.07,180.09
1617840000,80+,46.88,148.27
1617926400,00-04,5.70,137.58
1617926400,05-14,2.17,168.70
1617926400,15-34,3.10,250.68
1617926400,35-59,12.59,264.84
1617926400,60-79,32.72,176.83
1617926400,80+,45.21,142.62
1618012800,00-04,5.70,138.37
1618012800,05-14,2.17,162.66
1618012800,15-34,4.13,250.93
1618012800,35-59,12.59,262.95
1618012800,60-79,33.43,175.89
1618012800,80+,47.44,138.58
1618099200,00-04,4.56,137.74
1618099200,05-14,1.63,156.69
1618099200,15-34,4.13,252.40
1618099200,35-59,13.42,262.95
1618099200,60-79,32.18,176.33
1618099200,80+,45.21,136.72
1618185600,00-04,4.56,138.53
1618185600,05-14,1.63,153.86
1618185600,15-34,4.13,258.91
1618185600,35-59,13.28,266.30
1618185600,60-79,32.72,179.36
1618185600,80+,47.44,138.32
1618272000,00-04,5.70,143.27
1618272000,05-14,1.09,158.81
1618272000,15-34,4.39,274.45
1618272000,35-59,13.42,277.13
1618272000,60-79,35.75,187.22
1618272000,80+,53.02,141.69
1618358400,00-04,4.56,148.49
1618358400,05-14,0.54,166.35
1618358400,15-34,5.16,292.14
1618358400,35-59,12.73,289.25
1618358400,60-79,36.83,195.65
1618358400,80+,52.46,149.28
1618444800,00-04,1.14,153.08
1618444800,05-14,0.54,174.83
1618444800,15-34,4.39,307.89
1618444800,35-59,11.48,298.27
1618444800,60-79,36.11,201.31
1618444800,80+,55.81,157.96
1618531200,00-04,1.14,157.98
1618531200,05-14,0.00,183.07
1618531200,15-34,4.91,318.78
1618531200,35-59,11.48,303.70
1618531200,60-79,33.43,203.17
1618531200,80+,60.28,164.28
1618617600,00-04,1.14,158.45
1618617600,05-14,0.00,191.39
1618617600,15-34,3.62,326.84
1618617600,35-59,11.07,305.88
1618617600,60-79,31.28,203.34
1618617600,80+,64.74,169.51
1618704000,00-04,1.14,160.03
1618704000,05-14,0.54,200.73
1618704000,15-34,4.39,334.07
1618704000,35-59,10.93,307.15
1618704000,60-79,30.21,203.22
1618704000,80+,64.74,172.88
1618790400,00-04,1.14,162.56
1618790400,05-14,0.54,209.29
1618790400,15-34,4.91,338.92
1618790400,35-59,11.21,307.25
1618790400,60-79,29.50,201.92
1618790400,80+,61.95,174.73
1618876800,00-04,0.00,163.20
1618876800,05-14,0.54,211.72
1618876800,15-34,5.16,339.14
1618876800,35-59,10.65,303.06
1618876800,60-79,28.25,198.33
1618876800,80+,59.16,174.48
1618963200,00-04,1.14,162.25
1618963200,05-14,0.54,214.31
1618963200,15-34,4.13,336.08
1618963200,35-59,9.82,296.02
1618963200,60-79,29.85,192.52
1618963200,80+,55.81,170.01
1619049600,00-04,1.14,160.98
1619049600,05-14,0.54,214.94
1619049600,15-34,4.65,331.08
1619049600,35-59,10.10,290.47
1619049600,60-79,28.25,187.68
1619049600,80+,52.46,162.18
1619136000,00-04,3.42,155.45
1619136000,05-14,0.54,216.20
1619136000,15-34,4.65,326.30
1619136000,35-59,9.82,285.76
1619136000,60-79,27.35,184.48
1619136000,80+,49.67,155.10
1619222400,00-04,3.42,155.29
1619222400,05-14,0.54,218.55
1619222400,15-34,5.16,322.24
1619222400,35-59,9.55,283.58
1619222400,60-79,27.71,182.29
1619222400,80+,46.32,149.28
1619308800,00-04,3.42,156.71
1619308800,05-14,0.54,219.49
1619308800,15-34,4.65,318.68
1619308800,35-59,9.27,281.37
1619308800,60-79,28.25,180.07
1619308800,80+,48.56,144.81
1619395200,00-04,3.42,156.24
1619395200,05-14,0.54,220.36
1619395200,15-34,4.39,315.19
1619395200,35-59,9.27,278.59
1619395200,60-79,27.71,177.63
1619395200,80+,46.88,138.49
1619481600,00-04,3.42,157.19
1619481600,05-14,0.54,223.58
1619481600,15-34,4.13,309.58
1619481600,35-59,9.41,276.27
1619481600,60-79,26.28,174.01
1619481600,80+,40.74,132.34
1619568000,00-04,2.28,160.98
1619568000,05-14,0.54,225.46
1619568000,15-34,3.87,304.01
1619568000,35-59,9.96,275.28
1619568000,60-79,25.39,171.03
1619568000,80+,39.07,127.28
1619654400,00-04,3.42,164.46
1619654400,05-14,0.54,227.89
1619654400,15-34,3.62,298.90
1619654400,35-59,8.58,274.21
1619654400,60-79,24.85,169.37
1619654400,80+,35.16,124.58
1619740800,00-04,1.14,173.00
1619740800,05-14,0.54,229.23
1619740800,15-34,3.62,296.24
1619740800,35-59,9.27,274.30
1619740800,60-79,25.74,167.79
1619740800,80+,38.51,122.06
1619827200,00-04,1.14,176.32
1619827200,05-14,1.09,227.81
1619827200,15-34,3.62,293.76
1619827200,35-59,9.69,272.18
1619827200,60-79,24.67,165.40
1619827200,80+,36.28,117.93
1619913600,00-04,1.14,176.32
1619913600,05-14,1.63,227.50
1619913600,15-34,3.87,290.67
1619913600,35-59,9.96,270.52
1619913600,60-79,25.21,163.01
1619913600,80+,32.93,113.21
1620000000,00-04,2.28,176.01
1620000000,05-14,1.63,225.46
1620000000,15-34,3.87,286.53
1620000000,35-59,9.69,269.57
1620000000,60-79,25.39,160.97
1620000000,80+,33.49,110.76
1620086400,00-04,3.42,172.69
1620086400,05-14,3.26,220.36
1620086400,15-34,4.13,284.37
1620086400,35-59,9.41,267.66
1620086400,60-79,26.10,158.88
1620086400,80+,36.28,109.33
1620172800,00-04,4.56,168.10
1620172800,05-14,3.26,216.98
1620172800,15-34,4.39,282.79
1620172800,35-59,9.27,265.03
1620172800,60-79,24.85,157.25
1620172800,80+,36.84,110.26
1620259200,00-04,3.42,163.04
1620259200,05-14,3.26,213.21
1620259200,15-34,3.62,280.88
1620259200,35-59,10.10,261.33
1620259200,60-79,25.03,154.32
1620259200,80+,37.95,110.34
1620345600,00-04,3.42,152.13
1620345600,05-14,3.26,208.97
1620345600,15-34,3.62,275.67
1620345600,35-59,8.99,254.24
1620345600,60-79,23.96,150.89
1620345600,80+,32.37,110.51
1620432000,00-04,3.42,143.59
1620432000,05-14,2.72,205.28
1620432000,15-34,3.62,268.84
1620432000,35-59,8.72,248.59
1620432000,60-79,24.31,147.57
1620432000,80+,34.60,110.85
1620518400,00-04,3.42,136.00
1620518400,05-14,1.63,200.10
1620518400,15-34,2.84,261.86
1620518400,35-59,7.75,242.24
1620518400,60-79,23.78,143.78
1620518400,80+,36.28,111.44
1620604800,00-04,2.28,129.83
1620604800,05-14,1.63,197.75
1620604800,15-34,2.84,255.17
1620604800,35-59,7.75,234.99
1620604800,60-79,23.60,139.53
1620604800,80+,39.07,110.85
1620691200,00-04,1.14,126.51
1620691200,05-14,0.00,197.44
1620691200,15-34,3.10,245.75
1620691200,35-59,7.89,226.75
1620691200,60-79,22.70,135.63
1620691200,80+,37.39,110.34
1620777600,00-04,0.00,122.87
1620777600,05-14,0.00,196.02
1620777600,15-34,3.36,236.08
1620777600,35-59,8.30,219.06
1620777600,60-79,21.63,131.68
1620777600,80+,38.51,107.90
1620864000,00-04,0.00,120.34
1620864000,05-14,0.00,192.88
1620864000,15-34,4.65,225.18
1620864000,35-59,7.75,209.82
1620864000,60-79,19.49,126.90
1620864000,80+,38.51,103.85
1620950400,00-04,1.14,119.23
1620950400,05-14,0.00,188.80
1620950400,15-34,3.87,212.95
1620950400,35-59,7.20,201.21
1620950400,60-79,17.52,121.06
1620950400,80+,34.60,98.79
1621036800,00-04,1.14,116.23
1621036800,05-14,0.00,182.99
1621036800,15-34,3.62,201.19
1621036800,35-59,6.09,190.93
1621036800,60-79,15.37,115.18
1621036800,80+,30.14,93.65
1621123200,00-04,1.14,114.33
1621123200,05-14,0.00,178.12
1621123200,15-34,3.62,189.15
1621123200,35-59,7.33,180.53
1621123200,60-79,15.91,109.50
1621123200,80+,27.35,87.83
1621209600,00-04,1.14,111.80
1621209600,05-14,0.00,169.49
1621209600,15-34,3.36,177.43
1621209600,35-59,7.06,170.61
1621209600,60-79,15.20,103.82
1621209600,80+,23.44,82.69
1621296000,00-04,1.14,106.43
1621296000,05-14,0.00,160.77
1621296000,15-34,3.10,167.43
1621296000,35-59,6.64,161.61
1621296000,60-79,14.84,98.14
1621296000,80+,24.00,76.79
1621382400,00-04,2.28,101.68
1621382400,05-14,0.00,150.80
1621382400,15-34,3.62,156.43
1621382400,35-59,6.23,151.97
1621382400,60-79,12.69,92.26
1621382400,80+,24.56,71.47
1621468800,00-04,3.42,97.10
1621468800,05-14,1.09,143.43
1621468800,15-34,2.32,147.62
1621468800,35-59,6.23,145.07
1621468800,60-79,13.94,87.96
1621468800,80+,22.88,67.85
1621555200,00-04,2.28,94.56
1621555200,05-14,1.09,136.44
1621555200,15-34,2.84,142.33
1621555200,35-59,5.81,139.73
1621555200,60-79,14.48,85.54
1621555200,80+,21.21,65.07
1621641600,00-04,2.28,94.88
1621641600,05-14,1.09,131.02
1621641600,15-34,2.58,137.98
1621641600,35-59,5.81,134.69
1621641600,60-79,15.02,82.99
1621641600,80+,18.98,62.62
1621728000,00-04,2.28,93.77
1621728000,05-14,1.09,124.98
1621728000,15-34,3.10,133.16
1621728000,35-59,5.12,129.68
1621728000,60-79,13.41,80.37
1621728000,80+,17.86,60.60
1621814400,00-04,2.28,91.72
1621814400,05-14,1.09,119.87
1621814400,15-34,3.10,127.33
1621814400,35-59,4.70,123.04
1621814400,60-79,13.59,77.19
1621814400,80+,17.86,57.57
1621900800,00-04,2.28,89.66
1621900800,05-14,1.09,111.24
1621900800,15-34,2.32,119.64
1621900800,35-59,4.43,114.72
1621900800,60-79,11.44,72.99
1621900800,80+,13.95,53.69
1621987200,00-04,1.14,85.55
1621987200,05-14,1.09,102.05
1621987200,15-34,1.29,113.20
1621987200,35-59,3.87,105.64
1621987200,60-79,11.80,68.68
1621987200,80+,10.60,49.14
1622073600,00-04,0.00,80.81
1622073600,05-14,0.54,92.00
1622073600,15-34,1.55,106.08
1622073600,35-59,3.18,95.94
1622073600,60-79,9.65,64.15
1622073600,80+,9.49,45.94
1622160000,00-04,0.00,75.27
1622160000,05-14,0.54,82.35
1622160000,15-34,0.77,97.99
1622160000,35-59,3.04,85.73
1622160000,60-79,9.12,58.60
1622160000,80+,12.28,42.23
1622246400,00-04,1.14,67.05
1622246400,05-14,0.54,73.40
1622246400,15-34,1.03,89.14
1622246400,35-59,2.91,76.09
1622246400,60-79,7.87,53.25
1622246400,80+,11.16,38.77
1622332800,00-04,1.14,58.98
1622332800,05-14,0.54,64.29
1622332800,15-34,0.77,81.38
1622332800,35-59,2.08,66.89
1622332800,60-79,8.04,48.16
1622332800,80+,12.28,35.15
1622419200,00-04,1.14,51.71
1622419200,05-14,1.09,56.44
1622419200,15-34,0.77,75.91
1622419200,35-59,2.21,59.59
1622419200,60-79,8.22,44.34
1622419200,80+,11.72,32.53
1622505600,00-04,1.14,45.38
1622505600,05-14,1.09,52.36
1622505600,15-34,1.81,73.00
1622505600,35-59,1.80,54.51
1622505600,60-79,8.76,42.09
1622505600,80+,10.60,31.19
1622592000,00-04,1.14,40.64
1622592000,05-14,1.09,49.93
1622592000,15-34,2.07,68.86
1622592000,35-59,1.80,50.53
1622592000,60-79,8.22,39.55
1622592000,80+,9.49,30.43
1622678400,00-04,1.14,35.11
1622678400,05-14,0.54,47.96
1622678400,15-34,2.07,65.02
1622678400,35-59,1.52,46.56
1622678400,60-79,7.15,36.67
1622678400,80+,8.37,27.65
1622764800,00-04,1.14,30.05
1622764800,05-14,0.54,45.69
1622764800,15-34,2.32,60.99
1622764800,35-59,1.52,43.34
1622764800,60-79,5.90,34.25
1622764800,80+,6.14,26.21
1622851200,00-04,0.00,27.04
1622851200,05-14,0.54,43.33
1622851200,15-34,2.32,57.61
1622851200,35-59,1.38,40.60
1622851200,60-79,5.36,31.83
1622851200,80+,8.37,25.12
1622937600,00-04,0.00,24.67
1622937600,05-14,1.09,41.45
1622937600,15-34,2.32,54.16
1622937600,35-59,1.38,37.85
1622937600,60-79,4.65,29.41
1622937600,80+,6.70,24.44
1623024000,00-04,0.00,22.93
1623024000,05-14,0.54,39.80
1623024000,15-34,2.32,48.87
1623024000,35-59,1.38,35.03
1623024000,60-79,4.11,26.33
1623024000,80+,6.70,24.11
1623110400,00-04,0.00,22.30
1623110400,05-14,0.54,36.97
1623110400,15-34,1.29,42.58
1623110400,35-59,1.66,32.32
1623110400,60-79,4.11,22.59
1623110400,80+,8.37,24.44
1623196800,00-04,0.00,21.82
1623196800,05-14,0.54,34.70
1623196800,15-34,1.03,38.30
1623196800,35-59,1.66,30.25
1623196800,60-79,3.22,19.97
1623196800,80+,8.93,24.61
1623283200,00-04,0.00,22.46
1623283200,05-14,0.54,32.26
1623283200,15-34,1.03,34.59
1623283200,35-59,1.52,28.71
1623283200,60-79,3.04,17.88
1623283200,80+,7.81,25.45
1623369600,00-04,0.00,22.46
1623369600,05-14,0.54,30.54
1623369600,15-34,1.29,31.64
1623369600,35-59,1.38,26.83
1623369600,60-79,3.22,16.02
1623369600,80+,7.26,25.71
1623456000,00-04,0.00,21.98
1623456000,05-14,0.54,28.34
1623456000,15-34,1.03,28.66
1623456000,35-59,1.38,24.64
1623456000,60-79,3.22,14.39
1623456000,80+,6.14,25.03
1623542400,00-04,0.00,21.35
1623542400,05-14,0.00,26.38
1623542400,15-34,0.77,25.71
1623542400,35-59,1.52,22.50
1623542400,60-79,3.04,12.86
1623542400,80+,6.14,24.19
1623628800,00-04,0.00,20.24
1623628800,05-14,0.00,23.78
1623628800,15-34,0.77,23.52
1623628800,35-59,1.38,20.18
1623628800,60-79,2.86,11.54
1623628800,80+,6.14,22.42
1623715200,00-04,0.00,18.34
1623715200,05-14,0.00,21.98
1623715200,15-34,0.77,22.29
1623715200,35-59,1.38,18.00
1623715200,60-79,1.97,10.77
1623715200,80+,3.91,19.13
1623801600,00-04,0.00,16.45
1623801600,05-14,0.00,19.86
1623801600,15-34,0.77,20.93
1623801600,35-59,0.97,16.07
1623801600,60-79,1.97,9.78
1623801600,80+,2.23,16.44
1623888000,00-04,0.00,14.39
1623888000,05-14,0.00,18.06
1623888000,15-34,0.52,19.35
1623888000,35-59,1.38,14.22
1623888000,60-79,1.79,8.86
1623888000,80+,3.35,14.08
1623974400,00-04,0.00,13.28
1623974400,05-14,0.00,16.17
1623974400,15-34,0.00,17.48
1623974400,35-59,1.38,12.82
1623974400,60-79,1.43,7.92
1623974400,80+,3.35,11.21
1624060800,00-04,0.00,12.34
1624060800,05-14,0.00,14.84
1624060800,15-34,0.00,15.75
1624060800,35-59,1.52,11.67
1624060800,60-79,1.25,7.08
1624060800,80+,2.23,9.02
1624147200,00-04,1.14,11.55
1624147200,05-14,0.54,13.50
1624147200,15-34,0.26,14.20
1624147200,35-59,1.66,10.66
1624147200,60-79,1.25,6.19
1624147200,80+,2.23,6.91
1624233600,00-04,1.14,10.91
1624233600,05-14,0.54,12.72
1624233600,15-34,0.26,12.73
1624233600,35-59,1.66,9.82
1624233600,60-79,1.25,5.55
1624233600,80+,2.23,5.39
1624320000,00-04,1.14,10.44
1624320000,05-14,1.09,12.17
1624320000,15-34,0.26,11.04
1624320000,35-59,1.52,8.96
1624320000,60-79,1.25,4.91
1624320000,80+,2.23,4.80
1624406400,00-04,1.14,9.96
1624406400,05-14,1.09,11.70
1624406400,15-34,0.52,9.53
1624406400,35-59,1.38,8.03
1624406400,60-79,1.07,4.46
1624406400,80+,2.79,3.88
1624492800,00-04,1.14,9.81
1624492800,05-14,1.09,11.30
1624492800,15-34,0.77,8.38
1624492800,35-59,0.83,7.32
1624492800,60-79,1.07,4.10
1624492800,80+,1.67,3.03
1624579200,00-04,1.14,8.86
1624579200,05-14,1.09,11.07
1624579200,15-34,0.77,7.55
1624579200,35-59,0.83,6.60
1624579200,60-79,1.07,3.82
1624579200,80+,1.67,2.95
1624665600,00-04,1.14,7.75
1624665600,05-14,1.09,10.60
1624665600,15-34,0.77,6.87
1624665600,35-59,0.55,5.96
1624665600,60-79,0.89,3.56
1624665600,80+,2.23,2.87
1624752000,00-04,0.00,6.64
1624752000,05-14,0.54,10.13
1624752000,15-34,0.52,6.04
1624752000,35-59,0.28,5.28
1624752000,60-79,1.07,3.36
1624752000,80+,2.23,2.78
1624838400,00-04,0.00,5.38
1624838400,05-14,0.54,9.18
1624838400,15-34,0.52,5.36
1624838400,35-59,0.28,4.58
1624838400,60-79,1.07,3.00
1624838400,80+,2.23,2.70
1624924800,00-04,0.00,4.27
1624924800,05-14,0.00,8.32
1624924800,15-34,0.52,5.03
1624924800,35-59,0.14,4.19
1624924800,60-79,1.07,2.67
1624924800,80+,2.23,2.53
1625011200,00-04,0.00,3.48
1625011200,05-14,0.00,7.69
1625011200,15-34,0.52,4.89
1625011200,35-59,0.14,4.03
1625011200,60-79,0.89,2.42
1625011200,80+,1.67,2.53
1625097600,00-04,2.28,2.69
1625097600,05-14,0.00,7.06
1625097600,15-34,0.26,5.07
1625097600,35-59,0.14,3.85
1625097600,60-79,0.72,2.09
1625097600,80+,1.12,2.70
1625184000,00-04,2.28,2.37
1625184000,05-14,0.00,6.67
1625184000,15-34,0.77,5.43
1625184000,35-59,0.28,3.76
1625184000,60-79,0.54,1.88
1625184000,80+,2.23,2.53
1625270400,00-04,2.28,2.21
1625270400,05-14,0.00,6.51
1625270400,15-34,0.77,5.90
1625270400,35-59,0.28,3.76
1625270400,60-79,0.72,1.65
1625270400,80+,1.67,2.36
1625356800,00-04,2.28,2.05
1625356800,05-14,0.00,6.43
1625356800,15-34,0.77,6.47
1625356800,35-59,0.28,3.76
1625356800,60-79,0.36,1.43
1625356800,80+,1.67,2.19
1625443200,00-04,2.28,2.05
1625443200,05-14,0.00,6.67
1625443200,15-34,0.77,6.94
1625443200,35-59,0.28,3.80
1625443200,60-79,0.36,1.25
1625443200,80+,1.67,2.19
1625529600,00-04,2.28,2.21
1625529600,05-14,0.00,6.59
1625529600,15-34,0.77,7.37
1625529600,35-59,0.28,3.62
1625529600,60-79,0.18,1.12
1625529600,80+,2.23,2.28
1625616000,00-04,2.28,1.89
1625616000,05-14,0.00,6.51
1625616000,15-34,0.52,7.37
1625616000,35-59,0.14,3.41
1625616000,60-79,0.18,0.97
1625616000,80+,1.67,2.44
1625702400,00-04,0.00,1.58
1625702400,05-14,0.00,6.90
1625702400,15-34,0.52,6.83
1625702400,35-59,0.14,3.18
1625702400,60-79,0.36,0.94
1625702400,80+,1.67,2.36
1625788800,00-04,0.00,1.26
1625788800,05-14,0.54,6.90
1625788800,15-34,0.00,6.18
1625788800,35-59,0.14,3.02
1625788800,60-79,0.54,0.81
1625788800,80+,1.12,2.44
1625875200,00-04,0.00,0.95
1625875200,05-14,0.54,6.98
1625875200,15-34,0.00,5.50
1625875200,35-59,0.28,2.84
1625875200,60-79,0.36,0.74
1625875200,80+,1.12,2.53
1625961600,00-04,0.00,0.63
1625961600,05-14,0.54,6.98
1625961600,15-34,0.00,4.75
1625961600,35-59,0.28,2.73
1625961600,60-79,0.36,0.68
1625961600,80+,1.12,2.61
1626048000,00-04,0.00,0.47
1626048000,05-14,0.54,7.14
1626048000,15-34,0.00,3.99
1626048000,35-59,0.28,2.67
1626048000,60-79,0.36,0.68
1626048000,80+,1.12,2.44
1626134400,00-04,0.00,0.47
1626134400,05-14,0.54,7.93
1626134400,15-34,0.26,3.16
1626134400,35-59,0.28,2.82
1626134400,60-79,0.54,0.71
1626134400,80+,0.56,2.19
1626220800,00-04,0.00,0.95
1626220800,05-14,0.54,8.87
1626220800,15-34,0.52,2.77
1626220800,35-59,0.28,3.10
1626220800,60-79,0.54,0.76
1626220800,80+,0.56,2.02
1626307200,00-04,0.00,1.42
1626307200,05-14,0.54,9.10
1626307200,15-34,0.52,2.88
1626307200,35-59,0.42,3.37
1626307200,60-79,0.36,0.74
1626307200,80+,1.12,1.85
1626393600,00-04,0.00,2.06
1626393600,05-14,0.00,9.81
1626393600,15-34,0.77,3.24
1626393600,35-59,0.28,3.66
1626393600,60-79,0.18,0.81
1626393600,80+,0.56,1.77
1626480000,00-04,0.00,2.69
1626480000,05-14,0.00,10.52
1626480000,15-34,0.77,3.56
1626480000,35-59,0.28,3.94
1626480000,60-79,0.18,0.94
1626480000,80+,1.12,1.69
1626566400,00-04,0.00,3.32
1626566400,05-14,0.00,11.15
1626566400,15-34,0.77,3.92
1626566400,35-59,0.28,4.19
1626566400,60-79,0.18,1.02
1626566400,80+,1.12,1.60
1626652800,00-04,0.00,3.64
1626652800,05-14,0.00,11.93
1626652800,15-34,0.77,4.57
1626652800,35-59,0.28,4.42
1626652800,60-79,0.18,1.15
1626652800,80+,1.12,1.52
1626739200,00-04,0.00,3.64
1626739200,05-14,0.00,12.48
1626739200,15-34,0.77,5.40
1626739200,35-59,0.55,4.48
1626739200,60-79,0.54,1.35
1626739200,80+,1.12,1.52
1626825600,00-04,0.00,3.64
1626825600,05-14,0.00,12.80
1626825600,15-34,0.52,6.08
1626825600,35-59,0.83,4.40
1626825600,60-79,0.54,1.60
1626825600,80+,1.12,1.60
1626912000,00-04,0.00,3.64
1626912000,05-14,0.00,13.74
1626912000,15-34,0.52,6.40
1626912000,35-59,0.69,4.36
1626912000,60-79,0.89,1.96
1626912000,80+,1.12,1.85
1626998400,00-04,0.00,3.32
1626998400,05-14,0.00,14.84
1626998400,15-34,0.52,6.76
1626998400,35-59,0.69,4.29
1626998400,60-79,1.43,2.29
1626998400,80+,1.67,2.11
1627084800,00-04,0.00,3.00
1627084800,05-14,0.00,15.70
1627084800,15-34,0.52,7.30
1627084800,35-59,0.55,4.38
1627084800,60-79,1.97,2.55
1627084800,80+,1.12,2.36
1627171200,00-04,0.00,2.69
1627171200,05-14,0.00,16.64
1627171200,15-34,0.52,7.84
1627171200,35-59,0.55,4.42
1627171200,60-79,1.97,2.83
1627171200,80+,1.12,2.61
1627257600,00-04,0.00,2.69
1627257600,05-14,0.00,16.88
1627257600,15-34,0.52,8.16
1627257600,35-59,0.55,4.46
1627257600,60-79,1.97,2.98
1627257600,80+,1.12,3.03
1627344000,00-04,0.00,3.00
1627344000,05-14,0.00,16.09
1627344000,15-34,0.26,8.41
1627344000,35-59,0.28,4.60
1627344000,60-79,1.61,2.98
1627344000,80+,1.12,3.54
1627430400,00-04,0.00,2.84
1627430400,05-14,0.00,15.70
1627430400,15-34,0.26,8.74
1627430400,35-59,0.00,4.87
1627430400,60-79,1.61,2.88
1627430400,80+,1.12,3.62
1627516800,00-04,0.00,3.00
1627516800,05-14,0.00,14.99
1627516800,15-34,0.26,9.28
1627516800,35-59,0.14,5.20
1627516800,60-79,1.43,2.62
1627516800,80+,0.56,3.62
1627603200,00-04,0.00,3.48
1627603200,05-14,0.00,13.89
1627603200,15-34,0.00,9.39
1627603200,35-59,0.14,5.44
1627603200,60-79,1.07,2.34
1627603200,80+,0.56,3.37
1627689600,00-04,0.00,3.95
1627689600,05-14,0.00,13.42
1627689600,15-34,0.00,9.60
1627689600,35-59,0.14,5.46
1627689600,60-79,0.54,2.06
1627689600,80+,0.56,3.12
1627776000,00-04,0.00,4.43
1627776000,05-14,0.00,13.03
1627776000,15-34,0.00,9.93
1627776000,35-59,0.14,5.49
1627776000,60-79,0.54,1.78
1627776000,80+,0.56,2.87
1627862400,00-04,0.00,4.58
1627862400,05-14,0.00,13.50
1627862400,15-34,0.00,10.36
1627862400,35-59,0.14,5.55
1627862400,60-79,0.54,1.56
1627862400,80+,0.56,2.70
1627948800,00-04,0.00,4.43
1627948800,05-14,0.00,14.92
1627948800,15-34,0.00,10.97
1627948800,35-59,0.14,5.61
1627948800,60-79,0.36,1.40
1627948800,80+,1.12,2.36
1628035200,00-04,0.00,4.58
1628035200,05-14,0.00,15.54
1628035200,15-34,0.00,11.97
1628035200,35-59,0.28,5.53
1628035200,60-79,0.36,1.33
1628035200,80+,1.12,2.36
1628121600,00-04,0.00,4.11
1628121600,05-14,0.00,15.78
1628121600,15-34,0.00,13.05
1628121600,35-59,0.14,5.30
1628121600,60-79,0.18,1.35
1628121600,80+,1.12,2.36
1628208000,00-04,0.00,3.64
1628208000,05-14,0.00,16.25
1628208000,15-34,0.52,14.56
1628208000,35-59,0.14,5.22
1628208000,60-79,0.00,1.35
1628208000,80+,0.56,2.70
1628294400,00-04,0.00,3.16
1628294400,05-14,0.00,15.70
1628294400,15-34,0.52,15.61
1628294400,35-59,0.28,5.12
1628294400,60-79,0.00,1.43
1628294400,80+,1.67,3.12
1628380800,00-04,0.00,2.69
1628380800,05-14,0.00,15.07
1628380800,15-34,0.52,16.54
1628380800,35-59,0.42,5.06
1628380800,60-79,0.00,1.58
1628380800,80+,2.23,3.54
1628467200,00-04,0.00,2.84
1628467200,05-14,0.00,13.82
1628467200,15-34,1.03,17.22
1628467200,35-59,0.42,4.89
1628467200,60-79,0.36,1.78
1628467200,80+,2.23,3.54
1628553600,00-04,0.00,3.16
1628553600,05-14,0.00,12.40
1628553600,15-34,1.03,17.55
1628553600,35-59,0.42,4.75
1628553600,60-79,0.54,2.11
1628553600,80+,1.67,3.71
1628640000,00-04,0.00,3.48
1628640000,05-14,0.00,11.54
1628640000,15-34,1.03,17.33
1628640000,35-59,0.42,4.85
1628640000,60-79,0.72,2.50
1628640000,80+,2.23,3.79
1628726400,00-04,0.00,4.11
1628726400,05-14,0.00,11.30
1628726400,15-34,1.29,17.22
1628726400,35-59,0.55,5.07
1628726400,60-79,0.72,2.88
1628726400,80+,2.79,3.96
1628812800,00-04,0.00,4.42
1628812800,05-14,0.00,10.68
1628812800,15-34,0.77,17.19
1628812800,35-59,0.55,5.24
1628812800,60-79,0.89,3.29
1628812800,80+,2.79,3.79
1628899200,00-04,0.00,4.90
1628899200,05-14,0.00,10.68
1628899200,15-34,1.03,17.33
1628899200,35-59,0.55,5.57
1628899200,60-79,1.07,3.62
1628899200,80+,1.67,3.54
1628985600,00-04,0.00,5.37
1628985600,05-14,0.00,10.60
1628985600,15-34,1.03,17.41
1628985600,35-59,0.42,5.88
1628985600,60-79,1.07,3.87
1628985600,80+,1.67,3.29
1629072000,00-04,0.00,5.37
1629072000,05-14,0.00,11.15
1629072000,15-34,0.52,17.94
1629072000,35-59,0.55,6.41
1629072000,60-79,0.72,4.00
1629072000,80+,1.67,3.37
1629158400,00-04,0.00,5.69
1629158400,05-14,0.54,12.17
1629158400,15-34,0.52,19.27
1629158400,35-59,0.97,7.32
1629158400,60-79,0.54,4.08
1629158400,80+,1.67,3.29
1629244800,00-04,0.00,6.17
1629244800,05-14,0.54,13.82
1629244800,15-34,1.03,20.89
1629244800,35-59,1.11,8.12
1629244800,60-79,0.54,4.05
1629244800,80+,1.12,3.29
1629331200,00-04,0.00,6.96
1629331200,05-14,0.54,15.23
1629331200,15-34,0.77,22.44
1629331200,35-59,1.11,9.06
1629331200,60-79,0.72,4.18
1629331200,80+,1.12,3.12
1629417600,00-04,0.00,8.22
1629417600,05-14,0.54,16.88
1629417600,15-34,0.77,23.45
1629417600,35-59,1.11,10.09
1629417600,60-79,0.72,4.36
1629417600,80+,1.67,3.12
1629504000,00-04,0.00,9.33
1629504000,05-14,0.54,18.84
1629504000,15-34,0.52,24.81
1629504000,35-59,1.11,11.16
1629504000,60-79,1.07,4.58
1629504000,80+,1.67,3.03
1629590400,00-04,1.14,10.44
1629590400,05-14,0.54,21.20
1629590400,15-34,0.52,26.32
1629590400,35-59,1.25,12.27
1629590400,60-79,1.07,4.74
1629590400,80+,1.12,2.95
1629676800,00-04,1.14,11.23
1629676800,05-14,0.54,22.61
1629676800,15-34,0.52,27.51
1629676800,35-59,1.25,13.27
1629676800,60-79,1.07,5.09
1629676800,80+,1.12,2.70
1629763200,00-04,1.14,11.86
1629763200,05-14,0.00,24.02
1629763200,15-34,0.52,28.48
1629763200,35-59,0.83,13.85
1629763200,60-79,1.25,5.30
1629763200,80+,1.12,2.78
1629849600,00-04,1.14,12.65
1629849600,05-14,0.00,25.04
1629849600,15-34,0.52,30.21
1629849600,35-59,0.55,14.63
1629849600,60-79,1.25,5.58
1629849600,80+,1.67,2.61
1629936000,00-04,1.14,14.71
1629936000,05-14,0.00,26.69
1629936000,15-34,0.52,31.86
1629936000,35-59,0.83,15.49
1629936000,60-79,1.61,5.65
1629936000,80+,1.12,2.78
1630022400,00-04,2.28,17.08
1630022400,05-14,0.00,29.52
1630022400,15-34,0.77,34.45
1630022400,35-59,1.25,16.56
1630022400,60-79,2.15,5.81
1630022400,80+,1.67,2.95
1630108800,00-04,2.28,19.45
1630108800,05-14,0.00,31.95
1630108800,15-34,0.77,36.79
1630108800,35-59,1.52,17.59
1630108800,60-79,1.79,6.11
1630108800,80+,1.67,3.29
1630195200,00-04,1.14,21.82
1630195200,05-14,0.00,33.76
1630195200,15-34,1.03,39.02
1630195200,35-59,1.66,18.60
1630195200,60-79,1.97,6.49
1630195200,80+,1.67,3.62
1630281600,00-04,1.14,24.83
1630281600,05-14,0.00,36.50
1630281600,15-34,1.03,41.42
1630281600,35-59,1.52,20.01
1630281600,60-79,1.97,6.80
1630281600,80+,1.67,4.30
1630368000,00-04,1.14,28.78
1630368000,05-14,0.00,38.86
1630368000,15-34,1.29,43.11
1630368000,35-59,2.35,21.62
1630368000,60-79,1.97,7.26
1630368000,80+,2.23,4.80
1630454400,00-04,2.28,33.05
1630454400,05-14,0.00,41.06
1630454400,15-34,0.77,43.69
1630454400,35-59,2.49,23.38
1630454400,60-79,2.15,8.07
1630454400,80+,2.79,5.98
1630540800,00-04,3.42,34.63
1630540800,05-14,0.00,43.33
1630540800,15-34,0.77,44.45
1630540800,35-59,2.63,24.90
1630540800,60-79,2.86,9.01
1630540800,80+,3.35,6.91
1630627200,00-04,2.28,35.58
1630627200,05-14,0.54,44.35
1630627200,15-34,1.03,45.09
1630627200,35-59,2.49,26.63
1630627200,60-79,2.68,9.88
1630627200,80+,3.35,8.34
1630713600,00-04,3.42,37.80
1630713600,05-14,0.54,45.77
1630713600,15-34,1.29,45.92
1630713600,35-59,2.63,28.56
1630713600,60-79,3.22,10.54
1630713600,80+,3.91,9.78
1630800000,00-04,4.56,40.01
1630800000,05-14,0.54,47.89
1630800000,15-34,1.03,47.18
1630800000,35-59,2.49,30.62
1630800000,60-79,3.04,11.41
1630800000,80+,5.02,11.21
1630886400,00-04,4.56,41.91
1630886400,05-14,0.54,49.69
1630886400,15-34,1.03,49.05
1630886400,35-59,2.49,32.51
1630886400,60-79,3.58,12.27
1630886400,80+,5.02,12.39
1630972800,00-04,5.70,42.70
1630972800,05-14,0.54,52.60
1630972800,15-34,1.29,52.36
1630972800,35-59,2.08,34.97
1630972800,60-79,3.58,13.42
1630972800,80+,5.02,13.65
1631059200,00-04,4.56,43.02
1631059200,05-14,0.54,56.36
1631059200,15-34,1.29,56.64
1631059200,35-59,2.49,37.62
1631059200,60-79,3.58,14.16
1631059200,80+,4.47,14.41
1631145600,00-04,3.42,45.07
1631145600,05-14,0.54,59.74
1631145600,15-34,1.55,61.56
1631145600,35-59,2.08,40.77
1631145600,60-79,2.86,14.85
1631145600,80+,5.58,15.09
1631232000,00-04,3.42,46.65
1631232000,05-14,0.00,63.51
1631232000,15-34,2.32,65.88
1631232000,35-59,1.94,43.40
1631232000,60-79,2.86,15.81
1631232000,80+,4.47,14.92
1631318400,00-04,2.28,46.18
1631318400,05-14,0.54,67.28
1631318400,15-34,2.07,70.23
1631318400,35-59,1.52,45.76
1631318400,60-79,2.50,16.99
1631318400,80+,4.47,14.50
1631404800,00-04,2.28,45.70
1631404800,05-14,0.54,70.81
1631404800,15-34,2.07,73.83
1631404800,35-59,1.52,48.04
1631404800,60-79,2.68,17.85
1631404800,80+,3.35,14.24
1631491200,00-04,2.28,46.49
1631491200,05-14,0.54,74.81
1631491200,15-34,2.07,76.67
1631491200,35-59,1.66,50.28
1631491200,60-79,2.15,18.77
1631491200,80+,3.35,14.33
1631577600,00-04,1.14,47.76
1631577600,05-14,0.54,79.05
1631577600,15-34,1.81,78.00
1631577600,35-59,1.38,51.68
1631577600,60-79,1.97,19.64
1631577600,80+,3.35,14.08
1631664000,00-04,1.14,49.50
1631664000,05-14,0.54,82.66
1631664000,15-34,2.84,78.72
1631664000,35-59,1.38,52.13
1631664000,60-79,2.86,20.40
1631664000,80+,3.35,13.74
1631750400,00-04,2.28,51.24
1631750400,05-14,0.54,88.08
1631750400,15-34,2.84,78.68
1631750400,35-59,1.52,52.38
1631750400,60-79,2.50,21.42
1631750400,80+,1.67,13.57
1631836800,00-04,2.28,54.56
1631836800,05-14,0.54,95.70
1631836800,15-34,1.55,78.82
1631836800,35-59,3.04,52.21
1631836800,60-79,3.04,21.67
1631836800,80+,1.67,13.74
1631923200,00-04,3.42,59.62
1631923200,05-14,0.00,105.35
1631923200,15-34,1.81,79.36
1631923200,35-59,3.46,52.48
1631923200,60-79,2.86,21.75
1631923200,80+,2.23,14.24
1632009600,00-04,2.28,65.31
1632009600,05-14,0.00,115.32
1632009600,15-34,2.32,80.51
1632009600,35-59,3.46,52.60
1632009600,60-79,2.86,21.82
1632009600,80+,2.79,14.67
1632096000,00-04,2.28,68.16
1632096000,05-14,0.00,123.56
1632096000,15-34,2.32,80.15
1632096000,35-59,3.32,51.54
1632096000,60-79,2.86,21.52
1632096000,80+,3.91,14.33
1632182400,00-04,2.28,68.63
1632182400,05-14,0.00,128.43
1632182400,15-34,2.32,79.04
1632182400,35-59,3.18,49.77
1632182400,60-79,2.86,20.32
1632182400,80+,4.47,14.08
1632268800,00-04,2.28,68.32
1632268800,05-14,0.00,136.44
1632268800,15-34,1.81,77.96
1632268800,35-59,2.91,49.31
1632268800,60-79,2.15,19.53
1632268800,80+,5.58,14.41
1632355200,00-04,3.42,67.05
1632355200,05-14,0.00,143.74
1632355200,15-34,1.55,76.95
1632355200,35-59,3.04,49.19
1632355200,60-79,3.04,18.56
1632355200,80+,7.81,15.17
1632441600,00-04,3.42,64.52
1632441600,05-14,0.00,147.98
1632441600,15-34,1.55,76.74
1632441600,35-59,1.66,49.97
1632441600,60-79,2.50,18.28
1632441600,80+,10.60,16.01
1632528000,00-04,3.42,60.56
1632528000,05-14,0.00,149.55
1632528000,15-34,1.55,75.44
1632528000,35-59,1.25,50.55
1632528000,60-79,3.22,17.98
1632528000,80+,10.05,17.11
1632614400,00-04,3.42,55.35
1632614400,05-14,0.00,150.25
1632614400,15-34,1.29,73.97
1632614400,35-59,1.52,51.27
1632614400,60-79,3.58,17.83
1632614400,80+,11.16,18.12
1632700800,00-04,3.42,52.66
1632700800,05-14,0.00,154.34
1632700800,15-34,1.29,75.66
1632700800,35-59,1.80,54.23
1632700800,60-79,3.75,18.41
1632700800,80+,10.60,19.81
1632787200,00-04,3.42,52.18
1632787200,05-14,0.54,163.13
1632787200,15-34,1.81,80.26
1632787200,35-59,2.63,59.26
1632787200,60-79,5.54,20.12
1632787200,80+,10.60,22.84
1632873600,00-04,3.42,52.34
1632873600,05-14,0.54,169.09
1632873600,15-34,1.81,85.37
1632873600,35-59,3.18,63.60
1632873600,60-79,6.26,21.64
1632873600,80+,10.60,26.63
1632960000,00-04,1.14,52.50
1632960000,05-14,1.09,173.88
1632960000,15-34,2.07,90.62
1632960000,35-59,3.60,67.23
1632960000,60-79,5.90,22.79
1632960000,80+,13.95,29.84
1633046400,00-04,1.14,52.03
1633046400,05-14,1.09,179.53
1633046400,15-34,2.32,94.32
1633046400,35-59,3.74,70.46
1633046400,60-79,5.90,23.96
1633046400,80+,12.28,35.06
1633132800,00-04,1.14,51.87
1633132800,05-14,1.09,185.11
1633132800,15-34,2.07,98.53
1633132800,35-59,4.29,73.40
1633132800,60-79,5.01,25.26
1633132800,80+,12.84,39.61
1633219200,00-04,1.14,52.66
1633219200,05-14,1.09,191.78
1633219200,15-34,2.07,102.66
1633219200,35-59,3.87,76.56
1633219200,60-79,4.65,26.64
1633219200,80+,11.72,44.42
1633305600,00-04,1.14,52.82
1633305600,05-14,1.63,197.83
1633305600,15-34,2.07,105.29
1633305600,35-59,3.87,78.54
1633305600,60-79,4.83,27.58
1633305600,80+,12.84,49.31
1633392000,00-04,2.28,53.45
1633392000,05-14,1.09,203.79
1633392000,15-34,1.55,106.05
1633392000,35-59,3.87,79.54
1633392000,60-79,4.29,28.32
1633392000,80+,15.07,52.59
1633478400,00-04,2.28,53.13
1633478400,05-14,1.09,211.02
1633478400,15-34,1.81,106.59
1633478400,35-59,3.46,80.53
1633478400,60-79,4.29,28.85
1633478400,80+,17.30,53.94
1633564800,00-04,2.28,53.61
1633564800,05-14,0.54,222.40
1633564800,15-34,2.32,107.31
1633564800,35-59,3.32,81.91
1633564800,60-79,4.29,30.10
1633564800,80+,16.19,56.22
1633651200,00-04,2.28,56.30
1633651200,05-14,0.54,235.43
1633651200,15-34,2.58,109.90
1633651200,35-59,3.74,83.90
1633651200,60-79,4.65,31.22
1633651200,80+,18.98,55.54
1633737600,00-04,1.14,58.83
1633737600,05-14,1.09,251.37
1633737600,15-34,2.84,113.13
1633737600,35-59,3.32,86.35
1633737600,60-79,6.26,32.42
1633737600,80+,22.88,55.38
1633824000,00-04,1.14,61.36
1633824000,05-14,1.09,266.28
1633824000,15-34,3.10,116.26
1633824000,35-59,3.46,88.36
1633824000,60-79,6.44,33.59
1633824000,80+,24.00,55.04
1633910400,00-04,1.14,62.78
1633910400,05-14,0.54,280.10
1633910400,15-34,3.10,118.99
1633910400,35-59,3.18,90.49
1633910400,60-79,6.44,34.84
1633910400,80+,23.44,54.79
1633996800,00-04,0.00,65.00
1633996800,05-14,1.09,293.37
1633996800,15-34,2.84,123.45
1633996800,35-59,2.63,92.94
1633996800,60-79,5.90,36.37
1633996800,80+,24.56,56.72
1634083200,00-04,0.00,67.53
1634083200,05-14,1.63,306.55
1634083200,15-34,2.07,128.41
1634083200,35-59,2.63,96.60
1634083200,60-79,5.90,38.76
1634083200,80+,24.56,60.69
1634169600,00-04,0.00,70.21
1634169600,05-14,1.63,315.66
1634169600,15-34,1.55,135.14
1634169600,35-59,2.35,101.10
1634169600,60-79,6.44,41.13
1634169600,80+,23.44,65.07
1634256000,00-04,0.00,70.37
1634256000,05-14,1.63,324.76
1634256000,15-34,1.03,142.15
1634256000,35-59,1.52,105.84
1634256000,60-79,5.90,43.90
1634256000,80+,20.65,71.14
1634342400,00-04,0.00,71.32
1634342400,05-14,1.09,332.14
1634342400,15-34,1.03,149.09
1634342400,35-59,1.38,110.65
1634342400,60-79,5.18,47.06
1634342400,80+,17.86,78.81
1634428800,00-04,0.00,-1.00
1634428800,05-14,1.09,-1.00
1634428800,15-34,0.52,-1.00
1634428800,35-59,1.52,-1.00
1634428800,60-79,5.01,-1.00
1634428800,80+,16.74,-1.00
