timestamp,gender,A00-A04,A05-A14,A15-A34,A35-A59,A60-A79,A80+
1581638400,A,0,0,1,1,0,0
1581638400,F,0,0,0,1,0,0
1581638400,M,0,0,1,0,0,0
1582070400,A,0,0,1,1,1,0
1582070400,F,0,0,0,1,1,0
1582070400,M,0,0,1,0,0,0
1582156800,A,0,0,1,2,1,0
1582156800,F,0,0,0,1,1,0
1582156800,M,0,0,1,1,0,0
1582329600,A,0,0,1,3,1,0
1582329600,F,0,0,0,2,1,0
1582329600,M,0,0,1,1,0,0
1582675200,A,0,0,2,3,1,0
1582675200,F,0,0,1,2,1,0
1582675200,M,0,0,1,1,0,0
1582761600,A,0,0,2,4,1,2
1582761600,F,0,0,1,3,1,1
1582761600,M,0,0,1,1,0,1
1583020800,A,0,0,3,5,2,2
1583020800,F,0,0,2,3,1,1
1583020800,M,0,0,1,2,1,1
1583107200,A,0,0,4,6,2,3
1583107200,F,0,0,3,4,1,1
1583107200,M,0,0,1,2,1,2
1583193600,A,0,0,5,7,3,4
1583193600,F,0,0,4,5,2,2
1583193600,M,0,0,1,2,1,2
1583280000,A,0,0,6,12,5,4
1583280000,F,0,0,5,7,3,2
1583280000,M,0,0,1,5,2,2
1583366400,A,0,0,6,14,5,4
1583366400,F,0,0,5,7,3,2
1583366400,M,0,0,1,7,2,2
1583452800,A,0,0,8,18,6,4
1583452800,F,0,0,5,9,3,2
1583452800,M,0,0,3,9,3,2
1583539200,A,0,0,9,24,8,4
1583539200,F,0,0,5,10,4,2
1583539200,M,0,0,4,14,4,2
1583625600,A,0,1,11,26,11,4
1583625600,F,0,0,6,11,6,2
1583625600,M,0,1,5,15,5,2
1583712000,A,0,1,13,31,14,4
1583712000,F,0,0,6,14,7,2
1583712000,M,0,1,7,17,7,2
1583798400,A,0,1,18,43,19,6
1583798400,F,0,0,9,18,8,2
1583798400,M,0,1,9,25,11,4
1583884800,A,0,2,23,61,21,6
1583884800,F,0,1,13,25,8,2
1583884800,M,0,1,10,36,13,4
1583971200,A,0,3,34,78,22,6
1583971200,F,0,1,19,31,8,2
1583971200,M,0,2,15,47,14,4
1584057600,A,1,3,52,99,27,7
1584057600,F,1,1,28,42,9,2
1584057600,M,0,2,24,57,18,5
1584144000,A,1,5,64,115,34,8
1584144000,F,1,2,30,51,12,3
1584144000,M,0,3,34,64,22,5
1584230400,A,2,5,72,138,42,9
1584230400,F,2,2,34,60,17,4
1584230400,M,0,3,38,78,25,5
1584316800,A,3,6,96,185,56,13
1584316800,F,2,3,45,81,24,7
1584316800,M,1,3,51,104,32,6
1584403200,A,3,8,117,207,70,16
1584403200,F,2,3,53,91,32,8
1584403200,M,1,5,64,116,38,8
1584489600,A,5,8,140,236,79,22
1584489600,F,3,3,63,101,37,11
1584489600,M,2,5,77,135,42,11
1584576000,A,5,8,152,267,85,24
1584576000,F,3,3,67,114,42,12
1584576000,M,2,5,85,153,43,12
1584662400,A,7,10,170,302,94,32
1584662400,F,4,4,76,134,46,16
1584662400,M,3,6,94,168,48,16
1584748800,A,7,14,185,321,106,36
1584748800,F,4,6,82,143,52,19
1584748800,M,3,8,103,178,54,17
1584835200,A,7,15,188,335,115,40
1584835200,F,4,6,84,153,57,22
1584835200,M,3,9,104,182,58,18
1584921600,A,7,16,200,376,135,46
1584921600,F,4,6,92,175,67,25
1584921600,M,3,10,108,201,68,21
1585008000,A,7,16,206,398,159,49
1585008000,F,4,6,94,190,78,28
1585008000,M,3,10,112,208,81,21
1585094400,A,7,17,208,419,173,58
1585094400,F,4,6,95,204,84,33
1585094400,M,3,11,113,215,89,25
1585180800,A,7,18,215,451,182,65
1585180800,F,4,7,97,219,88,35
1585180800,M,3,11,118,232,94,30
1585267200,A,7,18,223,486,196,69
1585267200,F,4,7,101,238,97,38
1585267200,M,3,11,122,248,99,31
1585353600,A,8,18,232,508,205,69
1585353600,F,4,7,108,253,99,38
1585353600,M,4,11,124,255,106,31
1585440000,A,9,18,235,518,214,72
1585440000,F,5,7,110,258,103,39
1585440000,M,4,11,125,260,111,33
1585526400,A,10,18,245,535,230,76
1585526400,F,5,7,116,271,109,41
1585526400,M,5,11,129,264,121,35
1585612800,A,10,18,251,548,238,79
1585612800,F,5,7,119,279,112,43
1585612800,M,5,11,132,269,126,36
1585699200,A,11,19,267,570,247,86
1585699200,F,5,7,130,294,118,48
1585699200,M,6,12,137,276,129,38
1585785600,A,11,19,274,593,259,89
1585785600,F,5,7,135,310,124,50
1585785600,M,6,12,139,283,135,39
1585872000,A,11,20,288,612,272,96
1585872000,F,5,8,143,322,132,54
1585872000,M,6,12,145,290,140,42
1585958400,A,11,23,298,629,286,101
1585958400,F,5,8,148,330,137,55
1585958400,M,6,15,150,299,149,46
1586044800,A,11,23,310,653,293,109
1586044800,F,5,8,152,342,141,59
1586044800,M,6,15,158,311,152,50
1586131200,A,11,24,316,673,302,111
1586131200,F,5,9,155,355,144,60
1586131200,M,6,15,161,318,158,51
1586217600,A,12,24,326,690,311,116
1586217600,F,6,9,163,369,146,62
1586217600,M,6,15,163,321,165,54
1586304000,A,12,25,335,709,318,124
1586304000,F,6,9,171,376,148,66
1586304000,M,6,16,164,333,170,58
1586390400,A,12,25,348,724,327,131
1586390400,F,6,9,182,386,151,71
1586390400,M,6,16,166,338,176,60
1586476800,A,12,25,356,739,336,142
1586476800,F,6,9,185,397,155,77
1586476800,M,6,16,171,342,181,65
1586563200,A,12,26,359,747,345,148
1586563200,F,6,9,187,402,160,82
1586563200,M,6,17,172,345,185,66
1586649600,A,12,27,366,759,355,156
1586649600,F,6,9,191,409,165,85
1586649600,M,6,18,175,350,190,71
1586736000,A,12,27,376,772,362,163
1586736000,F,6,9,197,417,169,91
1586736000,M,6,18,179,355,193,72
1586822400,A,12,28,387,785,370,174
1586822400,F,6,10,204,422,175,98
1586822400,M,6,18,183,363,195,76
1586908800,A,12,29,392,801,377,180
1586908800,F,6,11,207,433,178,101
1586908800,M,6,18,185,368,199,79
1586995200,A,12,31,401,813,389,195
1586995200,F,6,13,212,439,182,111
1586995200,M,6,18,189,374,207,84
1587081600,A,13,33,405,823,397,208
1587081600,F,7,15,213,444,186,119
1587081600,M,6,18,192,379,211,89
1587168000,A,13,33,416,835,405,211
1587168000,F,7,15,220,454,193,121
1587168000,M,6,18,196,381,212,90
1587254400,A,13,33,419,848,411,218
1587254400,F,7,15,221,462,195,127
1587254400,M,6,18,198,386,216,91
1587340800,A,13,33,431,865,424,233
1587340800,F,7,15,228,471,199,140
1587340800,M,6,18,203,394,225,93
1587427200,A,14,34,444,882,443,240
1587427200,F,8,15,232,482,208,145
1587427200,M,6,19,212,400,235,95
1587513600,A,14,35,451,901,454,244
1587513600,F,8,15,235,496,212,147
1587513600,M,6,20,216,405,242,97
1587600000,A,14,35,463,921,463,250
1587600000,F,8,15,242,508,215,152
1587600000,M,6,20,221,413,248,98
1587686400,A,14,35,476,937,469,259
1587686400,F,8,15,250,517,217,160
1587686400,M,6,20,226,420,252,99
1587772800,A,16,35,481,946,473,265
1587772800,F,9,15,253,521,219,165
1587772800,M,7,20,228,425,254,100
1587859200,A,16,35,485,958,482,268
1587859200,F,9,15,255,530,224,167
1587859200,M,7,20,230,428,258,101
1587945600,A,16,35,494,969,492,277
1587945600,F,9,15,261,538,230,175
1587945600,M,7,20,233,431,262,102
1588032000,A,16,36,497,987,507,292
1588032000,F,9,16,263,549,238,186
1588032000,M,7,20,234,438,269,106
1588118400,A,16,36,504,996,516,298
1588118400,F,9,16,268,554,242,190
1588118400,M,7,20,236,442,274,108
1588204800,A,16,37,513,1007,525,312
1588204800,F,9,16,272,562,244,196
1588204800,M,7,21,241,445,281,116
1588291200,A,16,37,517,1014,531,318
1588291200,F,9,16,275,568,248,201
1588291200,M,7,21,242,446,283,117
1588377600,A,16,37,519,1019,534,323
1588377600,F,9,16,276,571,250,204
1588377600,M,7,21,243,448,284,119
1588464000,A,16,37,525,1028,538,328
1588464000,F,9,16,278,576,254,205
1588464000,M,7,21,247,452,284,123
1588550400,A,16,37,535,1039,544,340
1588550400,F,9,16,284,582,257,214
1588550400,M,7,21,251,457,287,126
1588636800,A,16,37,539,1047,551,352
1588636800,F,9,16,288,588,262,225
1588636800,M,7,21,251,459,289,127
1588723200,A,16,37,549,1054,560,357
1588723200,F,9,16,294,590,266,228
1588723200,M,7,21,255,464,294,129
1588809600,A,16,40,553,1065,567,368
1588809600,F,9,18,296,598,268,235
1588809600,M,7,22,257,467,299,133
1588896000,A,16,40,554,1077,571,375
1588896000,F,9,18,297,602,268,239
1588896000,M,7,22,257,475,303,136
1588982400,A,16,40,554,1088,576,378
1588982400,F,9,18,297,605,271,241
1588982400,M,7,22,257,483,305,137
1589068800,A,16,40,555,1096,581,380
1589068800,F,9,18,297,610,274,243
1589068800,M,7,22,258,486,307,137
1589155200,A,16,42,558,1112,583,383
1589155200,F,9,20,299,620,275,246
1589155200,M,7,22,259,492,308,137
1589241600,A,16,42,560,1116,588,387
1589241600,F,9,20,299,623,277,248
1589241600,M,7,22,261,493,311,139
1589328000,A,16,43,563,1123,592,390
1589328000,F,9,21,300,629,281,249
1589328000,M,7,22,263,494,311,141
1589414400,A,16,43,564,1134,601,395
1589414400,F,9,21,301,637,284,252
1589414400,M,7,22,263,497,317,143
1589500800,A,16,43,568,1141,603,396
1589500800,F,9,21,304,644,285,253
1589500800,M,7,22,264,497,318,143
1589587200,A,16,45,572,1151,605,401
1589587200,F,9,21,307,650,287,255
1589587200,M,7,24,265,501,318,146
1589673600,A,16,47,574,1155,607,403
1589673600,F,9,22,309,652,287,255
1589673600,M,7,25,265,503,320,148
1589760000,A,16,47,576,1168,613,404
1589760000,F,9,22,310,663,291,256
1589760000,M,7,25,266,505,322,148
1589846400,A,17,49,577,1178,614,409
1589846400,F,9,23,311,669,291,259
1589846400,M,8,26,266,509,323,150
1589932800,A,17,49,579,1186,617,413
1589932800,F,9,23,312,676,293,262
1589932800,M,8,26,267,510,324,151
1590019200,A,17,49,583,1192,623,414
1590019200,F,9,23,314,680,298,262
1590019200,M,8,26,269,512,325,152
1590105600,A,17,50,586,1200,629,418
1590105600,F,9,24,316,688,302,265
1590105600,M,8,26,270,512,327,153
1590192000,A,17,51,589,1206,632,420
1590192000,F,9,24,318,690,303,267
1590192000,M,8,27,271,516,329,153
1590278400,A,17,51,590,1214,634,421
1590278400,F,9,24,319,696,304,268
1590278400,M,8,27,271,518,330,153
1590364800,A,17,51,592,1221,642,425
1590364800,F,9,24,320,699,308,272
1590364800,M,8,27,272,522,334,153
1590451200,A,17,52,594,1229,649,429
1590451200,F,9,24,322,706,312,275
1590451200,M,8,28,272,523,337,154
1590537600,A,17,53,600,1236,654,434
1590537600,F,9,25,326,710,315,280
1590537600,M,8,28,274,526,339,154
1590624000,A,17,54,602,1244,657,443
1590624000,F,9,25,327,716,317,286
1590624000,M,8,29,275,528,340,157
1590710400,A,18,55,603,1249,661,443
1590710400,F,9,25,327,719,321,286
1590710400,M,9,30,276,530,340,157
1590796800,A,18,56,603,1253,663,448
1590796800,F,9,25,327,722,322,291
1590796800,M,9,31,276,531,341,157
1590883200,A,18,56,603,1257,665,451
1590883200,F,9,25,327,725,322,292
1590883200,M,9,31,276,532,343,159
1590969600,A,18,56,603,1259,666,451
1590969600,F,9,25,327,725,322,292
1590969600,M,9,31,276,534,344,159
1591056000,A,18,57,603,1264,668,453
1591056000,F,9,26,327,729,322,294
1591056000,M,9,31,276,535,346,159
1591142400,A,18,58,607,1273,671,454
1591142400,F,9,26,330,735,323,294
1591142400,M,9,32,277,538,348,160
1591228800,A,19,58,609,1275,675,454
1591228800,F,10,26,332,736,326,294
1591228800,M,9,32,277,539,349,160
1591315200,A,20,62,614,1283,679,458
1591315200,F,10,27,336,742,327,297
1591315200,M,10,35,278,541,352,161
1591401600,A,20,62,615,1286,681,459
1591401600,F,10,27,337,744,328,298
1591401600,M,10,35,278,542,353,161
1591488000,A,20,62,616,1289,682,460
1591488000,F,10,27,338,747,329,298
1591488000,M,10,35,278,542,353,162
1591574400,A,20,62,617,1292,685,460
1591574400,F,10,27,338,750,330,298
1591574400,M,10,35,279,542,355,162
1591660800,A,20,62,617,1295,687,462
1591660800,F,10,27,338,751,331,300
1591660800,M,10,35,279,544,356,162
1591747200,A,20,62,618,1298,691,469
1591747200,F,10,27,339,752,332,306
1591747200,M,10,35,279,546,359,163
1591833600,A,20,63,619,1305,694,474
1591833600,F,10,27,339,757,333,311
1591833600,M,10,36,280,548,361,163
1591920000,A,21,63,619,1306,696,474
1591920000,F,11,27,339,758,333,311
1591920000,M,10,36,280,548,363,163
1592006400,A,21,64,622,1310,698,479
1592006400,F,11,27,339,760,333,315
1592006400,M,10,37,283,550,365,164
1592092800,A,22,64,622,1311,698,482
1592092800,F,12,27,339,761,333,318
1592092800,M,10,37,283,550,365,164
1592179200,A,22,64,623,1315,699,482
1592179200,F,12,27,339,765,334,318
1592179200,M,10,37,284,550,365,164
1592265600,A,22,65,625,1318,700,486
1592265600,F,12,27,340,766,334,320
1592265600,M,10,38,285,552,366,166
1592352000,A,22,65,625,1319,702,487
1592352000,F,12,27,340,766,335,321
1592352000,M,10,38,285,553,367,166
1592438400,A,23,65,626,1320,703,489
1592438400,F,12,27,340,767,335,322
1592438400,M,11,38,286,553,368,167
1592524800,A,24,65,626,1321,704,490
1592524800,F,13,27,340,768,336,323
1592524800,M,11,38,286,553,368,167
1592611200,A,24,65,626,1323,705,491
1592611200,F,13,27,340,770,337,324
1592611200,M,11,38,286,553,368,167
1592697600,A,25,65,627,1325,705,491
1592697600,F,13,27,341,770,337,324
1592697600,M,12,38,286,555,368,167
1592784000,A,25,65,630,1326,706,492
1592784000,F,13,27,342,771,337,325
1592784000,M,12,38,288,555,369,167
1592870400,A,25,65,630,1327,706,493
1592870400,F,13,27,342,771,337,326
1592870400,M,12,38,288,556,369,167
1592956800,A,25,65,630,1328,706,494
1592956800,F,13,27,342,771,337,327
1592956800,M,12,38,288,557,369,167
1593043200,A,25,65,630,1329,708,494
1593043200,F,13,27,342,772,338,327
1593043200,M,12,38,288,557,370,167
1593129600,A,25,65,630,1329,709,495
1593129600,F,13,27,342,772,339,328
1593129600,M,12,38,288,557,370,167
1593216000,A,25,65,631,1331,709,495
1593216000,F,13,27,342,773,339,328
1593216000,M,12,38,289,558,370,167
1593302400,A,25,65,631,1331,710,495
1593302400,F,13,27,342,773,340,328
1593302400,M,12,38,289,558,370,167
1593388800,A,25,65,632,1331,710,495
1593388800,F,13,27,342,773,340,328
1593388800,M,12,38,290,558,370,167
1593475200,A,25,67,633,1332,711,495
1593475200,F,13,28,343,773,340,328
1593475200,M,12,39,290,559,371,167
1593561600,A,26,67,635,1333,711,495
1593561600,F,14,28,344,774,340,328
1593561600,M,12,39,291,559,371,167
1593648000,A,26,67,635,1334,712,496
1593648000,F,14,28,344,774,341,329
1593648000,M,12,39,291,560,371,167
1593820800,A,26,68,636,1336,712,498
1593820800,F,14,28,344,775,341,330
1593820800,M,12,40,292,561,371,168
1593907200,A,26,68,638,1336,713,498
1593907200,F,14,28,345,775,341,330
1593907200,M,12,40,293,561,372,168
1593993600,A,26,68,640,1336,714,499
1593993600,F,14,28,345,775,341,331
1593993600,M,12,40,295,561,373,168
1594080000,A,26,68,641,1338,716,499
1594080000,F,14,28,346,776,343,331
1594080000,M,12,40,295,562,373,168
1594166400,A,26,68,642,1338,718,499
1594166400,F,14,28,347,776,343,331
1594166400,M,12,40,295,562,375,168
1594252800,A,26,68,643,1341,719,499
1594252800,F,14,28,347,776,344,331
1594252800,M,12,40,296,565,375,168
1594339200,A,27,68,645,1343,719,499
1594339200,F,15,28,348,777,344,331
1594339200,M,12,40,297,566,375,168
1594425600,A,27,68,647,1345,719,500
1594425600,F,15,28,348,778,344,332
1594425600,M,12,40,299,567,375,168
1594512000,A,27,68,648,1346,720,500
1594512000,F,15,28,348,778,344,332
1594512000,M,12,40,300,568,376,168
1594598400,A,27,68,648,1346,721,500
1594598400,F,15,28,348,778,344,332
1594598400,M,12,40,300,568,377,168
1594684800,A,27,69,649,1349,721,500
1594684800,F,15,29,349,779,344,332
1594684800,M,12,40,300,570,377,168
1594771200,A,27,70,651,1350,722,501
1594771200,F,15,29,350,780,344,332
1594771200,M,12,41,301,570,378,169
1594857600,A,27,70,652,1350,722,501
1594857600,F,15,29,350,780,344,332
1594857600,M,12,41,302,570,378,169
1594944000,A,27,71,654,1351,722,501
1594944000,F,15,30,352,781,344,332
1594944000,M,12,41,302,570,378,169
1595030400,A,27,71,654,1352,722,501
1595030400,F,15,30,352,781,344,332
1595030400,M,12,41,302,571,378,169
1595116800,A,27,71,655,1354,722,501
1595116800,F,15,30,353,783,344,332
1595116800,M,12,41,302,571,378,169
1595203200,A,27,72,655,1354,724,502
1595203200,F,15,31,353,783,344,333
1595203200,M,12,41,302,571,380,169
1595289600,A,27,73,657,1356,724,502
1595289600,F,15,32,353,785,344,333
1595289600,M,12,41,304,571,380,169
1595376000,A,27,75,658,1356,724,502
1595376000,F,15,33,353,785,344,333
1595376000,M,12,42,305,571,380,169
1595462400,A,28,77,660,1359,725,504
1595462400,F,15,34,355,786,344,334
1595462400,M,13,43,305,573,381,170
1595548800,A,28,77,661,1360,725,505
1595548800,F,15,34,355,786,344,335
1595548800,M,13,43,306,574,381,170
1595635200,A,28,77,663,1361,725,506
1595635200,F,15,34,356,786,344,336
1595635200,M,13,43,307,575,381,170
1595808000,A,28,77,663,1363,725,506
1595808000,F,15,34,356,786,344,336
1595808000,M,13,43,307,577,381,170
1595894400,A,28,77,665,1364,725,506
1595894400,F,15,34,357,787,344,336
1595894400,M,13,43,308,577,381,170
1595980800,A,28,77,667,1366,725,506
1595980800,F,15,34,358,788,344,336
1595980800,M,13,43,309,578,381,170
1596067200,A,28,77,670,1368,728,507
1596067200,F,15,34,358,789,344,337
1596067200,M,13,43,312,579,384,170
1596153600,A,28,78,671,1369,731,507
1596153600,F,15,35,358,790,345,337
1596153600,M,13,43,313,579,386,170
1596240000,A,28,78,674,1370,731,510
1596240000,F,15,35,360,790,345,340
1596240000,M,13,43,314,580,386,170
1596326400,A,28,78,676,1371,731,511
1596326400,F,15,35,360,791,345,340
1596326400,M,13,43,316,580,386,171
1596412800,A,28,79,682,1373,732,511
1596412800,F,15,36,363,793,345,340
1596412800,M,13,43,319,580,387,171
1596499200,A,28,79,683,1373,732,511
1596499200,F,15,36,364,793,345,340
1596499200,M,13,43,319,580,387,171
1596585600,A,30,79,687,1378,734,512
1596585600,F,16,36,366,795,346,341
1596585600,M,14,43,321,583,388,171
1596672000,A,31,80,689,1381,734,515
1596672000,F,17,36,367,795,346,343
1596672000,M,14,44,322,586,388,172
1596758400,A,32,80,692,1384,734,515
1596758400,F,18,36,368,797,346,343
1596758400,M,14,44,324,587,388,172
1596844800,A,32,80,695,1385,735,516
1596844800,F,18,36,370,797,347,344
1596844800,M,14,44,325,588,388,172
1596931200,A,33,81,698,1387,735,516
1596931200,F,18,36,372,798,347,344
1596931200,M,15,45,326,589,388,172
1597017600,A,33,82,702,1393,736,518
1597017600,F,18,37,374,800,347,344
1597017600,M,15,45,328,593,389,174
1597104000,A,33,82,707,1395,737,518
1597104000,F,18,37,375,801,347,344
1597104000,M,15,45,332,594,390,174
1597190400,A,33,82,715,1400,738,518
1597190400,F,18,37,379,804,347,344
1597190400,M,15,45,336,596,391,174
1597276800,A,33,83,719,1401,739,519
1597276800,F,18,37,382,804,348,344
1597276800,M,15,46,337,597,391,175
1597363200,A,33,85,723,1407,739,519
1597363200,F,18,37,382,807,348,344
1597363200,M,15,48,341,600,391,175
1597449600,A,33,85,723,1408,740,519
1597449600,F,18,37,382,807,348,344
1597449600,M,15,48,341,601,392,175
1597536000,A,33,85,725,1409,740,519
1597536000,F,18,37,383,808,348,344
1597536000,M,15,48,342,601,392,175
1597622400,A,33,85,727,1412,740,520
1597622400,F,18,37,384,811,348,344
1597622400,M,15,48,343,601,392,176
1597708800,A,34,87,729,1417,740,520
1597708800,F,18,38,384,814,348,344
1597708800,M,16,49,345,603,392,176
1597795200,A,34,87,734,1419,742,520
1597795200,F,18,38,385,815,349,344
1597795200,M,16,49,349,604,393,176
1597881600,A,34,89,740,1422,742,521
1597881600,F,18,39,388,815,349,345
1597881600,M,16,50,352,607,393,176
1597968000,A,35,91,742,1424,742,521
1597968000,F,19,40,389,816,349,345
1597968000,M,16,51,353,608,393,176
1598054400,A,35,91,744,1425,743,522
1598054400,F,19,40,390,817,350,345
1598054400,M,16,51,354,608,393,177
1598140800,A,35,92,745,1428,745,522
1598140800,F,19,41,391,818,350,345
1598140800,M,16,51,354,610,395,177
1598227200,A,35,96,750,1429,745,522
1598227200,F,19,43,394,819,350,345
1598227200,M,16,53,356,610,395,177
1598313600,A,36,99,754,1433,745,522
1598313600,F,19,43,397,822,350,345
1598313600,M,17,56,357,611,395,177
1598400000,A,36,99,756,1440,745,522
1598400000,F,19,43,398,826,350,345
1598400000,M,17,56,358,614,395,177
1598486400,A,36,101,768,1443,745,522
1598486400,F,19,44,401,827,350,345
1598486400,M,17,57,367,616,395,177
1598572800,A,37,103,781,1446,748,522
1598572800,F,19,46,409,829,351,345
1598572800,M,18,57,372,617,397,177
1598659200,A,37,104,787,1448,750,522
1598659200,F,19,47,412,830,352,345
1598659200,M,18,57,375,618,398,177
1598745600,A,37,105,791,1449,750,523
1598745600,F,19,48,413,831,352,345
1598745600,M,18,57,378,618,398,178
1598832000,A,37,106,794,1452,750,523
1598832000,F,19,48,415,833,352,345
1598832000,M,18,58,379,619,398,178
1598918400,A,37,108,796,1454,751,523
1598918400,F,19,49,416,835,352,345
1598918400,M,18,59,380,619,399,178
1599004800,A,37,109,798,1457,752,526
1599004800,F,19,50,417,836,353,346
1599004800,M,18,59,381,621,399,180
1599091200,A,37,113,805,1461,760,527
1599091200,F,19,53,421,837,356,347
1599091200,M,18,60,384,624,404,180
1599177600,A,37,113,813,1466,761,531
1599177600,F,19,53,425,839,356,351
1599177600,M,18,60,388,627,405,180
1599264000,A,37,114,816,1470,765,534
1599264000,F,19,54,427,842,357,353
1599264000,M,18,60,389,628,408,181
1599350400,A,37,114,819,1471,767,534
1599350400,F,19,54,429,842,359,353
1599350400,M,18,60,390,629,408,181
1599436800,A,37,114,823,1474,769,534
1599436800,F,19,54,430,843,360,353
1599436800,M,18,60,393,631,409,181
1599523200,A,37,115,827,1486,775,537
1599523200,F,19,55,432,849,364,356
1599523200,M,18,60,395,637,411,181
1599609600,A,37,115,831,1492,786,538
1599609600,F,19,55,434,852,372,357
1599609600,M,18,60,397,640,414,181
1599696000,A,37,119,836,1504,790,538
1599696000,F,19,57,437,860,375,357
1599696000,M,18,62,399,644,415,181
1599782400,A,37,119,844,1519,796,539
1599782400,F,19,57,440,867,380,358
1599782400,M,18,62,404,652,416,181
1599868800,A,39,119,851,1522,800,541
1599868800,F,20,57,445,867,384,358
1599868800,M,19,62,406,655,416,183
1599955200,A,39,119,855,1527,806,544
1599955200,F,20,57,447,870,389,361
1599955200,M,19,62,408,657,417,183
1600041600,A,39,120,862,1533,814,546
1600041600,F,20,58,451,873,394,362
1600041600,M,19,62,411,660,420,184
1600128000,A,39,120,868,1542,818,547
1600128000,F,20,58,454,880,397,363
1600128000,M,19,62,414,662,421,184
1600214400,A,39,124,875,1547,821,554
1600214400,F,20,60,456,884,399,368
1600214400,M,19,64,419,663,422,186
1600300800,A,39,124,878,1554,824,555
1600300800,F,20,60,457,885,400,369
1600300800,M,19,64,421,669,424,186
1600387200,A,39,125,883,1566,828,557
1600387200,F,20,61,460,893,404,370
1600387200,M,19,64,423,673,424,187
1600473600,A,39,127,883,1568,829,557
1600473600,F,20,61,460,894,405,370
1600473600,M,19,66,423,674,424,187
1600560000,A,39,127,886,1573,830,557
1600560000,F,20,61,462,895,406,370
1600560000,M,19,66,424,678,424,187
1600646400,A,39,127,890,1581,835,558
1600646400,F,20,61,464,899,409,370
1600646400,M,19,66,426,682,426,188
1600732800,A,39,127,896,1584,838,559
1600732800,F,20,61,466,901,410,371
1600732800,M,19,66,430,683,428,188
1600819200,A,39,129,903,1589,842,562
1600819200,F,20,62,471,905,413,374
1600819200,M,19,67,432,684,429,188
1600905600,A,39,131,906,1594,844,565
1600905600,F,20,63,471,907,414,376
1600905600,M,19,68,435,687,430,189
1600992000,A,39,132,911,1600,848,568
1600992000,F,20,64,474,909,415,377
1600992000,M,19,68,437,691,433,191
1601078400,A,39,132,913,1607,852,572
1601078400,F,20,64,476,910,419,379
1601078400,M,19,68,437,697,433,193
1601164800,A,39,132,915,1613,855,574
1601164800,F,20,64,477,914,420,380
1601164800,M,19,68,438,699,435,194
1601251200,A,39,133,917,1621,861,575
1601251200,F,20,64,478,917,423,380
1601251200,M,19,69,439,704,438,195
1601337600,A,39,135,922,1625,867,577
1601337600,F,20,65,482,918,427,382
1601337600,M,19,70,440,707,440,195
1601424000,A,41,137,931,1634,875,580
1601424000,F,22,66,485,923,434,383
1601424000,M,19,71,446,711,441,197
1601510400,A,42,139,936,1650,880,583
1601510400,F,23,68,487,932,435,384
1601510400,M,19,71,449,718,445,199
1601596800,A,43,139,947,1660,892,587
1601596800,F,24,68,491,935,441,387
1601596800,M,19,71,456,725,451,200
1601683200,A,43,142,953,1670,904,589
1601683200,F,24,69,493,944,447,388
1601683200,M,19,73,460,726,457,201
1601769600,A,43,143,961,1677,912,590
1601769600,F,24,69,495,949,453,388
1601769600,M,19,74,466,728,459,202
1601856000,A,43,145,975,1693,927,592
1601856000,F,24,70,504,961,460,390
1601856000,M,19,75,471,732,467,202
1601942400,A,43,147,990,1708,938,596
1601942400,F,24,71,513,968,465,394
1601942400,M,19,76,477,740,473,202
1602028800,A,43,150,999,1728,948,597
1602028800,F,24,73,519,980,468,395
1602028800,M,19,77,480,748,480,202
1602115200,A,43,151,1006,1744,961,598
1602115200,F,24,74,522,987,475,396
1602115200,M,19,77,484,757,486,202
1602201600,A,44,154,1023,1770,983,600
1602201600,F,25,75,531,997,489,397
1602201600,M,19,79,492,773,494,203
1602288000,A,44,156,1035,1794,999,613
1602288000,F,25,77,540,1011,500,404
1602288000,M,19,79,495,783,499,209
1602374400,A,44,158,1049,1805,1009,616
1602374400,F,25,78,547,1016,503,406
1602374400,M,19,80,502,789,506,210
1602460800,A,46,158,1067,1842,1036,617
1602460800,F,26,78,553,1036,517,406
1602460800,M,20,80,514,806,519,211
1602547200,A,46,162,1101,1878,1063,626
1602547200,F,26,79,567,1057,526,411
1602547200,M,20,83,534,821,537,215
1602633600,A,46,164,1135,1924,1084,634
1602633600,F,26,80,586,1083,539,415
1602633600,M,20,84,549,841,545,219
1602720000,A,46,165,1162,1957,1103,638
1602720000,F,26,81,602,1100,551,416
1602720000,M,20,84,560,857,552,222
1602806400,A,49,169,1187,1996,1137,651
1602806400,F,26,84,614,1118,572,425
1602806400,M,23,85,573,878,565,226
1602892800,A,51,172,1210,2038,1165,659
1602892800,F,27,85,625,1138,589,428
1602892800,M,24,87,585,900,576,231
1602979200,A,51,174,1234,2068,1185,669
1602979200,F,27,87,637,1157,596,435
1602979200,M,24,87,597,911,589,234
1603065600,A,51,180,1277,2118,1221,680
1603065600,F,27,92,657,1179,614,443
1603065600,M,24,88,620,939,607,237
1603152000,A,51,185,1317,2175,1252,698
1603152000,F,27,95,674,1209,630,454
1603152000,M,24,90,643,966,622,244
1603238400,A,55,193,1365,2228,1291,710
1603238400,F,30,97,694,1241,653,461
1603238400,M,25,96,671,987,638,249
1603324800,A,57,198,1413,2298,1328,732
1603324800,F,30,99,719,1281,677,471
1603324800,M,27,99,694,1017,651,261
1603411200,A,59,209,1455,2382,1370,756
1603411200,F,32,104,748,1322,705,489
1603411200,M,27,105,707,1060,665,267
1603497600,A,69,233,1503,2471,1410,804
1603497600,F,39,121,767,1370,727,525
1603497600,M,30,112,736,1101,683,279
1603584000,A,70,237,1538,2535,1441,818
1603584000,F,39,121,783,1408,747,534
1603584000,M,31,116,755,1127,694,284
1603670400,A,76,246,1608,2627,1481,833
1603670400,F,42,125,820,1462,772,544
1603670400,M,34,121,788,1165,709,289
1603756800,A,80,252,1663,2738,1535,887
1603756800,F,43,128,850,1516,802,585
1603756800,M,37,124,813,1222,733,302
1603843200,A,83,258,1716,2846,1573,901
1603843200,F,44,131,875,1576,824,594
1603843200,M,39,127,841,1270,749,307
1603929600,A,88,270,1761,2945,1621,913
1603929600,F,48,137,901,1626,851,604
1603929600,M,40,133,860,1319,770,309
1604016000,A,93,278,1815,3050,1669,932
1604016000,F,50,142,934,1684,877,615
1604016000,M,43,136,881,1366,792,317
1604102400,A,96,286,1859,3138,1711,937
1604102400,F,52,145,959,1725,893,617
1604102400,M,44,141,900,1413,818,320
1604188800,A,99,296,1906,3223,1740,951
1604188800,F,53,151,982,1777,904,628
1604188800,M,46,145,924,1446,836,323
1604275200,A,103,306,1977,3310,1791,995
1604275200,F,55,154,1016,1824,931,654
1604275200,M,48,152,961,1486,860,341
1604361600,A,112,323,2045,3412,1831,1016
1604361600,F,59,160,1047,1886,948,666
1604361600,M,53,163,998,1526,883,350
1604448000,A,118,338,2116,3537,1882,1040
1604448000,F,62,169,1084,1949,969,680
1604448000,M,56,169,1032,1588,913,360
1604534400,A,121,358,2180,3633,1930,1061
1604534400,F,64,178,1119,2007,994,693
1604534400,M,57,180,1061,1625,936,368
1604620800,A,125,373,2239,3713,1975,1081
1604620800,F,67,183,1151,2052,1017,705
1604620800,M,58,190,1088,1660,958,376
1604707200,A,129,391,2300,3815,2010,1110
1604707200,F,67,193,1181,2116,1040,725
1604707200,M,62,198,1119,1698,970,385
1604793600,A,134,396,2353,3899,2040,1130
1604793600,F,71,195,1208,2167,1055,738
1604793600,M,63,201,1145,1731,985,392
1604880000,A,136,415,2426,4000,2109,1154
1604880000,F,71,200,1246,2221,1090,752
1604880000,M,65,215,1180,1778,1019,402
1604966400,A,143,447,2482,4130,2158,1182
1604966400,F,76,216,1278,2296,1123,772
1604966400,M,67,231,1204,1833,1035,410
1605052800,A,149,470,2549,4252,2217,1234
1605052800,F,79,226,1317,2365,1155,812
1605052800,M,70,244,1232,1886,1062,422
1605139200,A,154,495,2605,4378,2294,1288
1605139200,F,81,235,1345,2442,1196,850
1605139200,M,73,260,1260,1935,1098,438
1605225600,A,162,523,2702,4524,2382,1333
1605225600,F,87,246,1402,2527,1246,877
1605225600,M,75,277,1300,1996,1136,456
1605312000,A,169,537,2776,4674,2431,1374
1605312000,F,90,256,1437,2616,1274,906
1605312000,M,79,281,1339,2057,1157,468
1605398400,A,173,558,2839,4799,2479,1412
1605398400,F,90,269,1475,2689,1303,932
1605398400,M,83,289,1364,2109,1176,480
1605484800,A,177,592,2925,4953,2562,1463
1605484800,F,91,282,1525,2784,1344,966
1605484800,M,86,310,1400,2168,1218,497
1605571200,A,186,625,3031,5122,2652,1522
1605571200,F,94,303,1589,2880,1392,1007
1605571200,M,92,322,1442,2241,1259,515
1605657600,A,193,654,3121,5297,2741,1558
1605657600,F,98,316,1636,2977,1431,1031
1605657600,M,95,338,1485,2319,1309,527
1605744000,A,200,687,3199,5460,2816,1622
1605744000,F,102,335,1685,3075,1466,1072
1605744000,M,98,352,1514,2384,1349,550
1605830400,A,210,722,3319,5673,2945,1720
1605830400,F,107,356,1746,3199,1546,1149
1605830400,M,103,366,1573,2473,1398,571
1605916800,A,214,764,3419,5835,3014,1770
1605916800,F,109,375,1795,3277,1575,1187
1605916800,M,105,389,1624,2557,1437,583
1606003200,A,219,779,3491,5965,3061,1785
1606003200,F,112,381,1838,3348,1597,1199
1606003200,M,107,398,1653,2616,1461,586
1606089600,A,223,826,3600,6148,3169,1853
1606089600,F,112,407,1904,3463,1653,1251
1606089600,M,111,419,1696,2684,1513,602
1606176000,A,232,861,3711,6353,3270,1929
1606176000,F,114,426,1964,3593,1703,1303
1606176000,M,118,435,1747,2759,1563,626
1606262400,A,240,904,3830,6522,3352,1995
1606262400,F,118,445,2015,3685,1752,1350
1606262400,M,122,459,1815,2836,1596,645
1606348800,A,246,950,3936,6713,3444,2043
1606348800,F,122,467,2077,3796,1800,1380
1606348800,M,124,483,1859,2916,1639,662
1606435200,A,251,991,4045,6918,3514,2104
1606435200,F,125,489,2143,3921,1840,1422
1606435200,M,126,502,1902,2996,1669,681
1606521600,A,257,1023,4139,7110,3572,2145
1606521600,F,128,505,2193,4034,1873,1449
1606521600,M,129,518,1945,3075,1694,695
1606608000,A,262,1040,4206,7288,3629,2190
1606608000,F,132,510,2231,4126,1902,1477
1606608000,M,130,530,1974,3161,1722,712
1606694400,A,271,1082,4322,7547,3742,2266
1606694400,F,136,533,2298,4274,1957,1524
1606694400,M,135,549,2023,3272,1780,740
1606780800,A,279,1117,4441,7766,3854,2335
1606780800,F,140,546,2363,4399,2020,1568
1606780800,M,139,571,2077,3366,1828,765
1606867200,A,290,1177,4579,8003,3973,2429
1606867200,F,147,575,2438,4535,2095,1633
1606867200,M,143,602,2140,3467,1871,794
1606953600,A,305,1235,4729,8273,4111,2509
1606953600,F,152,607,2525,4706,2172,1683
1606953600,M,153,628,2203,3566,1930,824
1607040000,A,312,1284,4866,8605,4241,2597
1607040000,F,155,638,2598,4887,2234,1738
1607040000,M,157,646,2267,3717,1998,857
1607126400,A,320,1320,4999,8877,4348,2653
1607126400,F,160,657,2679,5043,2295,1771
1607126400,M,160,663,2319,3832,2044,880
1607212800,A,331,1355,5135,9144,4473,2740
1607212800,F,166,674,2755,5203,2353,1829
1607212800,M,165,681,2379,3939,2109,908
1607299200,A,345,1392,5280,9467,4613,2810
1607299200,F,173,689,2838,5408,2419,1881
1607299200,M,172,703,2441,4056,2183,926
1607385600,A,356,1439,5420,9846,4759,2932
1607385600,F,176,714,2909,5631,2498,1958
1607385600,M,180,725,2509,4211,2250,970
1607472000,A,371,1487,5614,10176,4920,3015
1607472000,F,183,741,3013,5833,2583,2014
1607472000,M,188,746,2599,4339,2324,997
1607558400,A,382,1539,5817,10566,5097,3142
1607558400,F,185,767,3124,6066,2681,2092
1607558400,M,197,772,2691,4494,2403,1045
1607644800,A,389,1596,5985,10931,5275,3273
1607644800,F,190,798,3221,6292,2768,2176
1607644800,M,199,798,2761,4632,2493,1089
1607731200,A,403,1633,6172,11327,5450,3391
1607731200,F,195,821,3319,6529,2855,2252
1607731200,M,208,812,2849,4791,2580,1131
1607817600,A,407,1664,6317,11575,5556,3438
1607817600,F,197,835,3393,6673,2921,2284
1607817600,M,210,829,2920,4895,2620,1146
1607904000,A,416,1713,6504,11973,5774,3588
1607904000,F,203,858,3492,6891,3026,2384
1607904000,M,213,855,3008,5074,2733,1196
1607990400,A,426,1747,6683,12365,5961,3728
1607990400,F,212,872,3595,7126,3131,2472
1607990400,M,214,875,3083,5230,2814,1248
1608076800,A,441,1786,6913,12849,6218,3927
1608076800,F,218,891,3720,7417,3280,2610
1608076800,M,223,895,3188,5423,2922,1308
1608163200,A,456,1832,7101,13293,6467,4095
1608163200,F,224,911,3836,7672,3411,2714
1608163200,M,232,921,3260,5612,3040,1372
1608249600,A,468,1882,7308,13729,6691,4255
1608249600,F,230,940,3945,7930,3524,2831
1608249600,M,238,942,3358,5790,3151,1415
1608336000,A,484,1922,7488,14151,6877,4376
1608336000,F,238,964,4047,8192,3634,2906
1608336000,M,246,958,3436,5949,3227,1461
1608422400,A,490,1938,7612,14450,7049,4492
1608422400,F,241,969,4115,8355,3726,2973
1608422400,M,249,969,3492,6085,3307,1510
1608508800,A,499,1973,7783,14875,7246,4637
1608508800,F,245,983,4203,8610,3822,3071
1608508800,M,254,990,3575,6255,3408,1557
1608595200,A,507,2012,7954,15291,7438,4776
1608595200,F,247,1004,4298,8858,3913,3164
1608595200,M,260,1008,3651,6423,3509,1603
1608681600,A,521,2039,8147,15717,7692,4936
1608681600,F,256,1014,4404,9094,4037,3271
1608681600,M,265,1025,3738,6613,3639,1656
1608768000,A,531,2069,8331,16172,7899,5098
1608768000,F,261,1027,4508,9363,4144,3379
1608768000,M,270,1042,3818,6799,3739,1710
1608854400,A,535,2100,8481,16477,8101,5246
1608854400,F,263,1039,4600,9543,4251,3478
1608854400,M,272,1061,3875,6924,3834,1759
1608940800,A,540,2114,8610,16777,8252,5342
1608940800,F,265,1043,4683,9729,4332,3541
1608940800,M,275,1071,3921,7038,3904,1792
1609027200,A,541,2118,8720,17062,8387,5428
1609027200,F,265,1044,4747,9908,4399,3590
1609027200,M,276,1074,3966,7144,3972,1829
1609113600,A,552,2133,8890,17449,8602,5560
1609113600,F,271,1050,4845,10141,4516,3676
1609113600,M,281,1083,4038,7298,4070,1875
1609200000,A,561,2157,9068,17805,8810,5693
1609200000,F,275,1060,4940,10339,4614,3770
1609200000,M,286,1097,4121,7455,4180,1914
1609286400,A,571,2190,9238,18210,9066,5894
1609286400,F,280,1076,5035,10566,4759,3901
1609286400,M,291,1114,4196,7633,4291,1984
1609372800,A,583,2213,9437,18553,9247,5991
1609372800,F,283,1089,5136,10754,4846,3971
1609372800,M,300,1124,4294,7787,4385,2011
1609459200,A,589,2238,9551,18802,9364,6101
1609459200,F,286,1097,5199,10900,4905,4044
1609459200,M,303,1141,4345,7890,4442,2048
1609545600,A,593,2253,9719,19051,9512,6196
1609545600,F,288,1104,5290,11050,4986,4096
1609545600,M,305,1149,4422,7989,4509,2091
1609632000,A,597,2272,9908,19383,9653,6292
1609632000,F,291,1113,5389,11234,5057,4157
1609632000,M,306,1159,4512,8136,4579,2126
1609718400,A,602,2293,10123,19729,9830,6395
1609718400,F,292,1124,5499,11450,5154,4222
1609718400,M,310,1169,4617,8266,4659,2164
1609804800,A,611,2318,10335,20119,10027,6572
1609804800,F,297,1134,5612,11685,5249,4342
1609804800,M,313,1184,4716,8420,4761,2220
1609891200,A,623,2346,10542,20439,10244,6727
1609891200,F,304,1151,5718,11869,5371,4446
1609891200,M,318,1195,4817,8556,4855,2271
1609977600,A,639,2364,10730,20783,10421,6880
1609977600,F,312,1162,5818,12064,5460,4559
1609977600,M,326,1202,4904,8703,4941,2311
1610064000,A,654,2405,10960,21179,10646,7070
1610064000,F,320,1184,5940,12302,5572,4681
1610064000,M,333,1220,5012,8861,5054,2379
1610150400,A,663,2421,11099,21471,10797,7195
1610150400,F,324,1192,6017,12464,5651,4766
1610150400,M,338,1228,5074,8991,5126,2419
1610236800,A,667,2438,11219,21709,10906,7275
1610236800,F,327,1200,6085,12598,5706,4815
1610236800,M,339,1237,5126,9095,5180,2450
1610323200,A,680,2461,11386,22040,11095,7432
1610323200,F,333,1214,6167,12771,5805,4915
1610323200,M,346,1246,5211,9252,5270,2507
1610409600,A,695,2487,11550,22358,11275,7549
1610409600,F,343,1232,6260,12967,5898,4997
1610409600,M,351,1254,5282,9374,5357,2542
1610496000,A,702,2516,11724,22671,11422,7700
1610496000,F,348,1250,6358,13154,5983,5111
1610496000,M,353,1265,5358,9499,5419,2579
1610582400,A,713,2542,11879,22942,11564,7829
1610582400,F,352,1263,6452,13297,6054,5199
1610582400,M,360,1278,5419,9627,5490,2620
1610668800,A,723,2567,12028,23234,11716,7937
1610668800,F,356,1270,6532,13477,6134,5278
1610668800,M,366,1296,5487,9738,5562,2649
1610755200,A,738,2595,12151,23519,11848,8026
1610755200,F,363,1283,6600,13642,6206,5337
1610755200,M,374,1311,5542,9858,5622,2679
1610841600,A,742,2609,12246,23755,11953,8136
1610841600,F,366,1289,6657,13775,6273,5408
1610841600,M,375,1319,5580,9961,5660,2717
1610928000,A,760,2643,12372,24021,12100,8258
1610928000,F,372,1304,6722,13930,6354,5487
1610928000,M,387,1338,5641,10072,5726,2760
1611014400,A,771,2650,12492,24272,12240,8374
1611014400,F,380,1307,6789,14075,6424,5572
1611014400,M,390,1342,5694,10178,5796,2791
1611100800,A,784,2670,12615,24499,12370,8475
1611100800,F,389,1316,6853,14205,6488,5642
1611100800,M,394,1353,5753,10275,5862,2822
1611187200,A,799,2693,12709,24744,12480,8600
1611187200,F,397,1330,6909,14342,6547,5727
1611187200,M,401,1362,5791,10383,5913,2862
1611273600,A,803,2722,12832,24994,12604,8706
1611273600,F,400,1349,6987,14491,6610,5803
1611273600,M,402,1372,5836,10484,5974,2892
1611360000,A,813,2734,12911,25195,12694,8774
1611360000,F,404,1356,7028,14595,6657,5850
1611360000,M,408,1377,5874,10580,6017,2913
1611446400,A,819,2739,12991,25361,12766,8819
1611446400,F,407,1359,7066,14680,6697,5880
1611446400,M,411,1379,5916,10661,6049,2928
1611532800,A,826,2763,13086,25565,12859,8893
1611532800,F,411,1377,7116,14804,6746,5918
1611532800,M,414,1385,5961,10741,6093,2964
1611619200,A,834,2778,13185,25822,12977,8995
1611619200,F,413,1384,7156,14947,6808,5986
1611619200,M,420,1393,6019,10855,6149,2998
1611705600,A,842,2796,13286,26039,13076,9059
1611705600,F,414,1394,7202,15072,6862,6028
1611705600,M,427,1401,6074,10947,6194,3020
1611792000,A,852,2826,13381,26233,13174,9142
1611792000,F,421,1400,7247,15185,6913,6087
1611792000,M,430,1425,6124,11028,6241,3044
1611878400,A,862,2835,13473,26411,13275,9214
1611878400,F,424,1403,7300,15276,6973,6136
1611878400,M,437,1430,6163,11115,6282,3067
1611964800,A,871,2856,13571,26624,13370,9267
1611964800,F,428,1412,7354,15398,7022,6172
1611964800,M,442,1442,6206,11206,6328,3084
1612051200,A,876,2868,13623,26749,13413,9309
1612051200,F,429,1419,7386,15471,7041,6191
1612051200,M,446,1447,6226,11258,6352,3107
1612137600,A,882,2887,13725,26928,13532,9378
1612137600,F,431,1429,7439,15575,7105,6237
1612137600,M,450,1456,6275,11333,6407,3130
1612224000,A,892,2900,13827,27099,13644,9453
1612224000,F,436,1438,7494,15675,7160,6283
1612224000,M,455,1460,6322,11404,6464,3159
1612310400,A,900,2921,13905,27283,13751,9506
1612310400,F,441,1446,7536,15770,7208,6321
1612310400,M,458,1472,6358,11493,6523,3173
1612396800,A,910,2936,13981,27446,13826,9550
1612396800,F,447,1453,7575,15861,7240,6340
1612396800,M,462,1480,6395,11565,6566,3198
1612483200,A,914,2951,14038,27583,13909,9610
1612483200,F,449,1461,7604,15935,7281,6372
1612483200,M,464,1487,6423,11628,6608,3226
1612569600,A,920,2968,14097,27724,13969,9643
1612569600,F,452,1471,7630,16011,7309,6392
1612569600,M,467,1494,6455,11693,6640,3239
1612656000,A,924,2974,14138,27819,14007,9657
1612656000,F,453,1474,7654,16062,7325,6401
1612656000,M,470,1497,6472,11737,6661,3244
1612742400,A,933,2992,14225,27956,14076,9701
1612742400,F,457,1484,7698,16140,7355,6430
1612742400,M,475,1503,6515,11796,6699,3259
1612828800,A,935,3006,14291,28077,14127,9743
1612828800,F,459,1489,7733,16204,7379,6460
1612828800,M,475,1512,6546,11852,6726,3271
1612915200,A,937,3022,14358,28215,14197,9777
1612915200,F,459,1500,7770,16270,7418,6482
1612915200,M,477,1515,6575,11924,6757,3283
1613001600,A,940,3035,14436,28345,14281,9837
1613001600,F,460,1509,7809,16335,7456,6520
1613001600,M,479,1518,6614,11988,6800,3303
1613088000,A,946,3047,14524,28503,14357,9894
1613088000,F,465,1514,7858,16427,7493,6559
1613088000,M,480,1525,6652,12054,6839,3321
1613174400,A,950,3055,14584,28654,14422,9930
1613174400,F,467,1519,7889,16515,7521,6580
1613174400,M,482,1528,6680,12117,6876,3336
1613260800,A,955,3063,14637,28759,14465,9953
1613260800,F,469,1522,7916,16568,7540,6595
1613260800,M,485,1533,6706,12169,6899,3344
1613347200,A,961,3072,14714,28907,14541,10019
1613347200,F,472,1527,7954,16646,7575,6644
1613347200,M,488,1537,6745,12237,6940,3361
1613433600,A,970,3091,14817,29067,14635,10079
1613433600,F,477,1540,8010,16727,7622,6680
1613433600,M,492,1543,6791,12316,6986,3385
1613520000,A,975,3107,14876,29203,14718,10149
1613520000,F,480,1545,8034,16804,7660,6728
1613520000,M,494,1554,6826,12374,7030,3407
1613606400,A,982,3120,14942,29319,14789,10202
1613606400,F,482,1553,8071,16855,7696,6758
1613606400,M,499,1559,6854,12436,7065,3429
1613692800,A,987,3133,15004,29429,14835,10246
1613692800,F,484,1560,8108,16908,7721,6788
1613692800,M,502,1564,6878,12489,7085,3443
1613779200,A,996,3142,15050,29518,14880,10272
1613779200,F,488,1564,8131,16957,7746,6804
1613779200,M,507,1569,6900,12528,7104,3453
1613865600,A,998,3143,15069,29556,14899,10284
1613865600,F,489,1565,8141,16974,7760,6811
1613865600,M,508,1569,6908,12549,7109,3458
1613952000,A,1002,3151,15096,29601,14927,10303
1613952000,F,490,1568,8156,16996,7775,6824
1613952000,M,511,1572,6920,12569,7120,3462
