timestamp,gender,inc_A00-A04,inc_A05-A14,inc_A15-A34,inc_A35-A59,inc_A60-A79,inc_A80+,inc_ALL
1583539200,A,0.00,0.00,0.00,0.00,0.18,0.00,0.05
1583539200,F,0.00,0.00,0.00,0.00,0.34,0.00,0.09
1583539200,M,0.00,0.00,0.00,0.00,0.00,0.00,0.00
1583798400,A,0.00,0.00,0.50,0.82,0.36,0.00,0.47
1583798400,F,0.00,0.00,0.00,0.57,0.67,0.00,0.37
1583798400,M,0.00,0.00,0.95,1.05,0.00,0.00,0.57
1583884800,A,0.00,0.00,0.50,0.95,0.36,0.00,0.52
1583884800,F,0.00,0.00,0.00,0.85,0.67,0.00,0.46
1583884800,M,0.00,0.00,0.95,1.05,0.00,0.00,0.57
1583971200,A,0.00,0.55,0.76,1.91,0.71,0.00,1.03
1583971200,F,0.00,1.13,0.53,1.41,1.01,0.00,0.93
1583971200,M,0.00,0.00,0.95,2.37,0.38,0.00,1.14
1584057600,A,0.00,0.55,1.76,2.32,1.25,0.00,1.50
1584057600,F,0.00,1.13,1.06,1.41,1.01,0.00,1.02
1584057600,M,0.00,0.00,2.39,3.16,1.51,0.00,1.99
1584144000,A,0.00,0.55,3.52,3.82,1.25,0.00,2.34
1584144000,F,0.00,1.13,3.73,1.70,1.01,0.00,1.58
1584144000,M,0.00,0.00,3.34,5.79,1.51,0.00,3.13
1584230400,A,0.00,0.55,3.52,3.95,1.25,0.00,2.39
1584230400,F,0.00,1.13,3.73,1.98,1.01,0.00,1.67
1584230400,M,0.00,0.00,3.34,5.79,1.51,0.00,3.13
1584316800,A,0.00,0.55,5.29,5.05,1.60,0.00,3.19
1584316800,F,0.00,1.13,4.79,3.68,1.35,0.00,2.51
1584316800,M,0.00,0.00,5.73,6.32,1.89,0.00,3.88
1584403200,A,0.00,1.65,7.05,6.41,2.14,0.00,4.22
1584403200,F,0.00,1.13,6.39,4.53,1.69,0.00,3.16
1584403200,M,0.00,2.14,7.64,8.16,2.65,0.00,5.30
1584489600,A,1.11,2.20,10.32,8.73,2.85,0.00,5.91
1584489600,F,2.27,1.13,9.05,5.94,2.36,0.00,4.36
1584489600,M,0.00,3.21,11.46,11.32,3.40,0.00,7.48
1584576000,A,1.11,1.65,14.10,12.14,3.21,1.18,7.92
1584576000,F,2.27,0.00,10.12,10.47,2.70,0.00,6.03
1584576000,M,0.00,3.21,17.67,13.69,3.78,3.20,9.85
1584662400,A,2.21,3.85,18.88,16.36,4.63,3.54,11.06
1584662400,F,2.27,2.26,14.91,14.43,4.72,0.93,9.00
1584662400,M,2.16,5.34,22.44,18.17,4.54,8.01,13.16
1584748800,A,3.32,3.85,19.38,17.32,5.70,5.31,11.95
1584748800,F,4.53,2.26,13.31,16.12,6.07,1.87,9.84
1584748800,M,2.16,5.34,24.83,18.43,5.29,11.21,14.11
1584835200,A,4.43,4.40,20.89,18.55,6.77,7.08,13.17
1584835200,F,4.53,2.26,14.91,17.54,6.75,1.87,10.77
1584835200,M,4.33,6.41,26.26,19.48,6.81,16.02,15.63
1584921600,A,5.53,4.95,22.40,21.14,7.84,7.67,14.77
1584921600,F,6.80,2.26,17.57,18.11,8.10,1.87,11.88
1584921600,M,4.33,7.48,26.74,23.96,7.56,17.62,17.71
1585008000,A,5.53,4.95,23.91,24.14,9.09,11.21,16.69
1585008000,F,6.80,3.39,20.76,23.20,8.10,3.74,14.39
1585008000,M,4.33,6.41,26.74,25.01,10.21,24.03,19.03
1585094400,A,5.53,4.95,26.18,26.18,10.70,16.52,18.66
1585094400,F,6.80,3.39,22.89,26.31,9.78,11.21,16.99
1585094400,M,4.33,6.41,29.13,26.06,11.72,25.63,20.36
1585180800,A,6.64,5.50,27.69,26.05,12.66,17.70,19.59
1585180800,F,6.80,4.52,28.22,26.03,12.14,14.01,18.84
1585180800,M,6.49,6.41,27.22,26.06,13.23,24.03,20.36
1585267200,A,5.53,3.30,24.67,25.77,13.90,22.42,19.41
1585267200,F,6.80,2.26,27.15,27.72,12.48,21.48,19.86
1585267200,M,4.33,4.28,22.44,23.96,15.50,24.03,18.94
1585353600,A,4.43,3.85,25.93,27.55,15.51,24.78,20.86
1585353600,F,4.53,2.26,28.75,30.27,14.17,24.29,21.63
1585353600,M,4.33,5.34,23.40,25.01,17.01,25.63,20.08
1585440000,A,3.32,3.30,25.68,27.41,15.33,23.60,20.53
1585440000,F,4.53,2.26,28.22,30.27,14.84,24.29,21.72
1585440000,M,2.16,4.28,23.40,24.75,15.88,22.43,19.32
1585526400,A,3.32,3.30,23.91,25.91,14.97,25.37,19.73
1585526400,F,2.27,3.39,26.62,30.55,14.84,27.09,21.81
1585526400,M,4.33,3.21,21.49,21.59,15.12,22.43,17.61
1585612800,A,4.43,2.20,21.90,26.59,17.11,24.78,20.06
1585612800,F,2.27,2.26,24.49,30.27,17.20,28.02,22.00
1585612800,M,6.49,2.14,19.58,23.17,17.01,19.22,18.09
1585699200,A,3.32,1.65,18.12,26.05,17.65,22.42,19.03
1585699200,F,0.00,2.26,21.83,30.55,16.87,22.42,20.88
1585699200,M,6.49,1.07,14.80,21.85,18.52,22.43,17.14
1585785600,A,3.32,2.20,15.35,27.68,18.36,24.19,19.45
1585785600,F,2.27,1.13,17.57,32.82,17.20,23.35,21.07
1585785600,M,4.33,3.21,13.37,22.90,19.66,25.63,17.80
1585872000,A,4.43,2.75,16.36,26.32,18.54,24.19,19.31
1585872000,F,2.27,2.26,18.63,29.99,18.21,22.42,20.61
1585872000,M,6.49,3.21,14.32,22.90,18.90,27.23,17.99
1585958400,A,4.43,3.85,14.10,24.68,19.07,22.42,18.42
1585958400,F,2.27,2.26,18.10,29.14,17.54,18.68,19.68
1585958400,M,6.49,5.34,10.50,20.53,20.79,28.84,17.14
1586044800,A,4.43,3.85,14.35,25.50,19.43,28.91,19.36
1586044800,F,2.27,2.26,18.63,31.40,16.53,23.35,20.70
1586044800,M,6.49,5.34,10.50,20.01,22.68,38.45,17.99
1586131200,A,3.32,3.30,14.10,24.82,20.14,27.14,19.03
1586131200,F,2.27,1.13,18.10,31.12,15.52,20.55,19.86
1586131200,M,4.33,5.34,10.50,18.95,25.33,38.45,18.18
1586217600,A,2.21,3.85,16.61,22.91,19.79,25.96,18.66
1586217600,F,2.27,2.26,20.23,29.42,15.18,18.68,19.49
1586217600,M,2.16,5.34,13.37,16.85,24.95,38.45,17.80
1586304000,A,2.21,4.40,18.12,24.00,18.36,27.14,19.08
1586304000,F,2.27,2.26,22.36,30.27,14.50,19.62,20.05
1586304000,M,2.16,6.41,14.32,18.17,22.68,40.05,18.09
1586390400,A,1.11,3.30,19.89,22.64,16.93,26.55,18.37
1586390400,F,0.00,2.26,25.02,28.01,13.49,19.62,19.40
1586390400,M,2.16,4.28,15.28,17.64,20.79,38.45,17.33
1586476800,A,1.11,2.75,17.12,20.86,14.80,22.42,16.31
1586476800,F,2.27,1.13,21.30,27.44,10.46,15.88,17.36
1586476800,M,0.00,4.28,13.37,14.74,19.66,33.64,15.25
1586563200,A,1.11,1.10,17.87,19.23,13.01,22.42,15.28
1586563200,F,2.27,1.13,21.30,25.18,8.77,19.62,16.52
1586563200,M,0.00,1.07,14.80,13.69,17.77,27.23,14.02
1586649600,A,1.11,1.10,17.62,18.95,12.83,20.06,14.91
1586649600,F,2.27,1.13,20.23,24.05,9.44,19.62,16.15
1586649600,M,0.00,1.07,15.28,14.22,16.63,20.83,13.64
1586736000,A,1.11,1.10,17.87,18.55,11.59,21.24,14.58
1586736000,F,2.27,1.13,21.30,23.48,9.11,20.55,16.15
1586736000,M,0.00,1.07,14.80,13.95,14.37,22.43,12.97
1586822400,A,1.11,0.55,16.11,15.95,10.16,26.55,13.36
1586822400,F,2.27,0.00,19.17,20.65,8.43,26.15,15.13
1586822400,M,0.00,1.07,13.37,11.58,12.10,27.23,11.55
1586908800,A,1.11,0.55,14.85,13.36,10.16,25.96,12.19
1586908800,F,2.27,1.13,17.57,17.26,8.10,27.09,13.83
1586908800,M,0.00,0.00,12.41,9.74,12.48,24.03,10.51
1586995200,A,1.11,1.65,16.36,12.95,10.52,29.50,12.80
1586995200,F,2.27,2.26,20.76,16.97,7.76,31.76,14.76
1586995200,M,0.00,1.07,12.41,9.21,13.61,25.63,10.80
1587081600,A,0.00,2.20,16.87,13.23,11.05,30.68,13.22
1587081600,F,0.00,3.39,21.83,16.12,8.77,34.56,15.22
1587081600,M,0.00,1.07,12.41,10.53,13.61,24.03,11.17
1587168000,A,0.00,3.85,17.12,14.45,10.87,35.40,14.16
1587168000,F,0.00,4.52,21.83,17.82,10.12,35.49,16.34
1587168000,M,0.00,3.21,12.89,11.32,11.72,35.24,11.93
1587254400,A,0.00,3.85,16.36,13.50,9.98,34.81,13.41
1587254400,F,0.00,4.52,22.36,16.12,9.11,36.43,15.69
1587254400,M,0.00,3.21,10.98,11.06,10.96,32.04,11.08
1587340800,A,0.00,4.40,16.11,13.36,12.12,37.76,14.16
1587340800,F,0.00,5.65,20.23,15.56,11.13,39.23,16.06
1587340800,M,0.00,3.21,12.41,11.32,13.23,35.24,12.22
1587427200,A,1.11,4.95,18.38,14.86,12.83,40.12,15.56
1587427200,F,2.27,5.65,22.89,18.11,13.49,43.90,18.56
1587427200,M,0.00,4.28,14.32,11.85,12.10,33.64,12.50
1587513600,A,1.11,4.40,17.87,15.95,14.44,40.71,16.27
1587513600,F,2.27,4.52,22.36,19.52,13.83,44.84,19.03
1587513600,M,0.00,4.28,13.85,12.64,15.12,33.64,13.45
1587600000,A,2.21,3.30,16.36,15.55,14.44,37.76,15.56
1587600000,F,4.53,3.39,18.10,20.09,13.16,40.16,17.82
1587600000,M,0.00,3.21,14.80,11.32,15.88,33.64,13.26
1587686400,A,2.21,3.30,17.62,16.50,14.08,38.35,16.08
1587686400,F,4.53,2.26,19.17,22.07,14.17,38.30,18.66
1587686400,M,0.00,4.28,16.23,11.32,13.99,38.45,13.45
1587772800,A,3.32,1.65,16.87,15.55,13.90,33.04,15.05
1587772800,F,6.80,1.13,18.63,20.37,12.48,36.43,17.36
1587772800,M,0.00,2.14,15.28,11.06,15.50,27.23,12.69
1587859200,A,3.32,1.65,16.87,16.09,14.44,31.86,15.28
1587859200,F,6.80,1.13,18.63,21.78,12.82,35.49,17.82
1587859200,M,0.00,2.14,15.28,10.79,16.26,25.63,12.69
1587945600,A,3.32,1.10,17.12,16.09,13.19,30.68,14.86
1587945600,F,6.80,0.00,19.17,22.07,11.13,35.49,17.45
1587945600,M,0.00,2.14,15.28,10.53,15.50,22.43,12.22
1588032000,A,2.21,1.10,14.35,16.64,13.01,37.17,14.95
1588032000,F,4.53,1.13,16.50,22.07,9.11,44.84,17.36
1588032000,M,0.00,1.07,12.41,11.58,17.39,24.03,12.50
1588118400,A,3.32,1.10,14.35,15.14,12.66,36.58,14.34
1588118400,F,4.53,1.13,15.97,19.80,11.13,44.84,17.08
1588118400,M,2.16,1.07,12.89,10.79,14.37,22.43,11.55
1588204800,A,2.21,1.10,12.33,14.59,12.83,40.12,14.06
1588204800,F,2.27,1.13,15.44,18.67,11.81,45.77,16.80
1588204800,M,2.16,1.07,9.55,10.79,13.99,30.44,11.27
1588291200,A,2.21,0.55,10.82,12.68,11.77,37.17,12.56
1588291200,F,2.27,1.13,12.24,16.12,9.44,42.97,14.48
1588291200,M,2.16,0.00,9.55,9.48,14.37,27.23,10.61
1588377600,A,1.11,0.55,10.32,12.41,11.59,38.35,12.37
1588377600,F,0.00,1.13,12.24,16.12,10.12,42.97,14.57
1588377600,M,2.16,0.00,8.59,8.95,13.23,30.44,10.13
1588464000,A,1.11,0.55,9.82,11.05,11.05,35.40,11.44
1588464000,F,0.00,1.13,11.18,13.58,9.78,38.30,12.99
1588464000,M,2.16,0.00,8.59,8.69,12.48,30.44,9.85
1588550400,A,1.11,1.10,9.31,11.18,10.52,38.35,11.53
1588550400,F,0.00,1.13,11.18,13.86,10.12,42.03,13.55
1588550400,M,2.16,1.07,7.64,8.69,10.96,32.04,9.47
1588636800,A,1.11,0.55,8.81,9.27,9.27,31.27,9.84
1588636800,F,0.00,0.00,10.12,11.88,9.78,32.69,11.60
1588636800,M,2.16,1.07,7.64,6.84,8.70,28.84,8.05
1588723200,A,0.00,0.55,10.32,8.73,8.38,34.81,9.94
1588723200,F,0.00,0.00,13.31,11.88,8.10,36.43,12.07
1588723200,M,0.00,1.07,7.64,5.79,8.70,32.04,7.77
1588809600,A,0.00,1.10,10.32,7.77,7.67,33.63,9.37
1588809600,F,0.00,0.00,13.31,10.18,7.76,36.43,11.42
1588809600,M,0.00,2.14,7.64,5.53,7.56,28.84,7.29
1588896000,A,0.00,1.10,10.57,8.73,8.38,33.63,9.94
1588896000,F,0.00,0.00,15.97,10.75,8.43,36.43,12.25
1588896000,M,0.00,2.14,5.73,6.84,8.32,28.84,7.58
1588982400,A,0.00,2.20,10.57,9.14,9.09,34.22,10.41
1588982400,F,0.00,2.26,14.37,10.47,8.77,38.30,12.34
1588982400,M,0.00,2.14,7.16,7.90,9.45,27.23,8.43
1589068800,A,0.00,2.20,11.08,9.41,9.45,34.81,10.73
1589068800,F,0.00,2.26,15.44,11.03,9.44,38.30,12.90
1589068800,M,0.00,2.14,7.16,7.90,9.45,28.84,8.52
1589155200,A,0.00,1.65,11.08,10.50,8.91,33.04,10.78
1589155200,F,0.00,2.26,15.44,11.60,8.43,37.36,12.72
1589155200,M,0.00,1.07,7.16,9.48,9.45,25.63,8.81
1589241600,A,0.00,2.20,11.08,10.64,8.02,27.14,10.17
1589241600,F,0.00,3.39,15.44,10.75,7.08,28.96,11.32
1589241600,M,0.00,1.07,7.16,10.53,9.07,24.03,9.00
1589328000,A,0.00,2.75,8.56,10.23,6.60,21.83,8.81
1589328000,F,0.00,4.52,10.65,11.03,5.73,22.42,9.65
1589328000,M,0.00,1.07,6.68,9.48,7.56,20.83,7.95
1589414400,A,0.00,2.20,7.05,9.82,5.70,17.70,7.78
1589414400,F,0.00,4.52,8.52,11.32,4.72,20.55,8.91
1589414400,M,0.00,0.00,5.73,8.42,6.81,12.82,6.63
1589500800,A,0.00,2.20,5.79,9.55,5.70,18.88,7.55
1589500800,F,0.00,4.52,5.86,11.32,5.06,20.55,8.54
1589500800,M,0.00,0.00,5.73,7.90,6.43,16.02,6.53
1589587200,A,0.00,2.75,5.54,9.14,5.17,18.29,7.22
1589587200,F,0.00,3.39,6.39,11.88,4.39,17.75,8.26
1589587200,M,0.00,2.14,4.77,6.58,6.05,19.22,6.16
1589673600,A,0.00,3.85,5.03,9.41,5.17,17.70,7.27
1589673600,F,0.00,4.52,5.32,12.45,4.39,17.75,8.35
1589673600,M,0.00,3.21,4.77,6.58,6.05,17.62,6.16
1589760000,A,0.00,3.85,4.03,8.05,5.35,13.57,6.33
1589760000,F,0.00,4.52,4.26,11.32,5.06,12.14,7.43
1589760000,M,0.00,3.21,3.82,5.00,5.67,16.02,5.21
1589846400,A,1.11,3.85,3.52,8.86,5.70,12.98,6.61
1589846400,F,0.00,3.39,4.79,13.30,5.73,11.21,8.17
1589846400,M,2.16,4.28,2.39,4.74,5.67,16.02,5.02
1589932800,A,1.11,3.30,3.78,9.55,5.70,12.98,6.84
1589932800,F,0.00,2.26,5.86,14.43,5.73,12.14,8.72
1589932800,M,2.16,4.28,1.91,5.00,5.67,14.42,4.92
1590019200,A,1.11,3.30,3.52,9.14,6.06,10.62,6.56
1590019200,F,0.00,2.26,4.79,14.14,6.75,9.34,8.45
1590019200,M,2.16,4.28,2.39,4.48,5.29,12.82,4.64
1590105600,A,1.11,3.30,4.03,9.00,5.53,10.03,6.42
1590105600,F,0.00,2.26,5.32,13.86,6.41,8.41,8.26
1590105600,M,2.16,4.28,2.86,4.48,4.54,12.82,4.55
1590192000,A,1.11,1.65,3.78,8.73,5.17,8.85,5.95
1590192000,F,0.00,1.13,5.86,13.30,6.07,8.41,7.98
1590192000,M,2.16,2.14,1.91,4.48,4.16,9.61,3.88
1590278400,A,1.11,0.55,3.78,9.41,4.99,8.85,6.05
1590278400,F,0.00,0.00,5.86,14.43,6.07,8.41,8.26
1590278400,M,2.16,1.07,1.91,4.74,3.78,9.61,3.79
1590364800,A,1.11,1.65,4.53,9.41,5.17,9.44,6.37
1590364800,F,0.00,1.13,6.39,14.14,5.73,7.47,8.17
1590364800,M,2.16,2.14,2.86,5.00,4.54,12.82,4.55
1590451200,A,0.00,1.65,5.29,8.32,6.06,11.21,6.47
1590451200,F,0.00,1.13,6.92,13.01,7.08,10.27,8.54
1590451200,M,0.00,2.14,3.82,3.95,4.91,12.82,4.36
1590537600,A,0.00,2.20,5.54,8.05,6.60,11.21,6.61
1590537600,F,0.00,2.26,7.45,11.32,7.42,10.27,8.26
1590537600,M,0.00,2.14,3.82,5.00,5.67,12.82,4.92
1590624000,A,0.00,2.75,5.29,8.05,6.77,20.06,7.36
1590624000,F,0.00,2.26,7.45,11.03,7.42,22.42,9.37
1590624000,M,0.00,3.21,3.34,5.27,6.05,16.02,5.30
1590710400,A,1.11,3.30,4.78,7.50,7.31,18.88,7.22
1590710400,F,0.00,2.26,6.92,10.47,8.43,23.35,9.47
1590710400,M,2.16,4.28,2.86,4.74,6.05,11.21,4.92
1590796800,A,1.11,3.85,4.53,7.23,6.95,20.65,7.17
1590796800,F,0.00,2.26,6.39,10.18,8.43,27.09,9.65
1590796800,M,2.16,5.34,2.86,4.48,5.29,9.61,4.64
1590883200,A,1.11,3.85,4.78,6.00,7.13,22.42,6.98
1590883200,F,0.00,2.26,6.39,7.92,8.43,28.02,9.00
1590883200,M,2.16,5.34,3.34,4.21,5.67,12.82,4.92
1590969600,A,1.11,2.75,4.03,5.45,6.24,21.24,6.23
1590969600,F,0.00,1.13,5.86,7.36,7.76,28.02,8.45
1590969600,M,2.16,4.28,2.39,3.69,4.54,9.61,3.98
1591056000,A,1.11,2.20,2.27,4.36,4.28,18.29,4.73
1591056000,F,0.00,1.13,3.19,5.37,5.06,25.22,6.31
1591056000,M,2.16,3.21,1.43,3.42,3.40,6.41,3.13
1591142400,A,1.11,1.65,2.52,4.50,3.74,17.11,4.55
1591142400,F,0.00,0.00,3.19,6.51,4.72,22.42,6.22
1591142400,M,2.16,3.21,1.91,2.63,2.65,8.01,2.84
1591228800,A,1.11,2.20,2.52,4.09,3.03,8.85,3.61
1591228800,F,0.00,2.26,3.73,5.37,3.71,10.27,4.64
1591228800,M,2.16,2.14,1.43,2.90,2.27,6.41,2.56
1591315200,A,1.11,3.85,3.02,4.50,2.32,9.44,3.84
1591315200,F,2.27,3.39,4.26,5.94,2.02,10.27,4.64
1591315200,M,0.00,4.28,1.91,3.16,2.65,8.01,3.03
1591401600,A,1.11,3.30,2.77,4.36,2.50,6.49,3.52
1591401600,F,2.27,3.39,3.73,5.66,2.36,5.60,4.08
1591401600,M,0.00,3.21,1.91,3.16,2.65,8.01,2.94
1591488000,A,1.11,3.30,2.77,4.77,2.32,4.72,3.47
1591488000,F,2.27,3.39,3.73,6.22,1.69,4.67,3.99
1591488000,M,0.00,3.21,1.91,3.42,3.02,4.81,2.94
1591574400,A,1.11,3.30,3.02,4.91,2.50,5.31,3.66
1591574400,F,2.27,3.39,3.73,6.79,1.69,5.60,4.27
1591574400,M,0.00,3.21,2.39,3.16,3.40,4.81,3.03
1591660800,A,1.11,3.85,3.78,5.32,2.85,4.72,4.03
1591660800,F,2.27,3.39,5.32,7.36,1.69,4.67,4.64
1591660800,M,0.00,4.28,2.39,3.42,4.16,4.81,3.41
1591747200,A,1.11,3.85,2.77,4.50,3.57,9.44,4.12
1591747200,F,2.27,3.39,4.26,5.94,2.02,11.21,4.73
1591747200,M,0.00,4.28,1.43,3.16,5.29,6.41,3.50
1591833600,A,2.21,3.30,2.77,4.36,3.57,11.80,4.27
1591833600,F,2.27,1.13,3.73,6.51,2.02,15.88,5.10
1591833600,M,2.16,5.34,1.91,2.37,5.29,4.81,3.41
1591920000,A,2.21,1.10,2.01,4.09,3.57,10.03,3.70
1591920000,F,2.27,0.00,2.66,6.51,2.36,14.01,4.73
1591920000,M,2.16,2.14,1.43,1.84,4.91,3.20,2.65
1592006400,A,2.21,1.10,2.52,4.23,3.39,11.80,3.94
1592006400,F,2.27,0.00,2.66,6.51,1.69,16.81,4.83
1592006400,M,2.16,2.14,2.39,2.11,5.29,3.20,3.03
1592092800,A,2.21,1.10,2.27,3.95,3.03,14.16,3.89
1592092800,F,2.27,0.00,2.66,6.22,1.69,19.62,5.01
1592092800,M,2.16,2.14,1.91,1.84,4.54,4.81,2.75
1592179200,A,2.21,1.10,2.27,3.68,2.85,13.57,3.70
1592179200,F,2.27,0.00,2.66,5.66,1.69,18.68,4.73
1592179200,M,2.16,2.14,1.91,1.84,4.16,4.81,2.65
1592265600,A,2.21,1.65,2.01,3.82,3.03,14.16,3.84
1592265600,F,2.27,0.00,1.60,5.66,1.69,19.62,4.64
1592265600,M,2.16,3.21,2.39,2.11,4.54,4.81,3.03
1592352000,A,2.21,1.65,1.76,3.14,2.50,10.03,3.09
1592352000,F,2.27,0.00,1.06,4.81,1.69,14.01,3.71
1592352000,M,2.16,3.21,2.39,1.58,3.40,3.20,2.46
1592438400,A,1.11,1.10,1.76,2.59,1.96,7.08,2.44
1592438400,F,2.27,0.00,0.53,3.96,1.01,9.34,2.69
1592438400,M,0.00,2.14,2.86,1.32,3.02,3.20,2.18
1592524800,A,0.00,1.10,1.76,2.45,1.96,7.08,2.34
1592524800,F,0.00,0.00,0.53,3.39,1.01,9.34,2.41
1592524800,M,0.00,2.14,2.86,1.58,3.02,3.20,2.27
1592611200,A,3.32,1.10,1.26,2.18,1.96,5.90,2.20
1592611200,F,4.53,0.00,0.53,3.11,1.69,6.54,2.41
1592611200,M,2.16,2.14,1.91,1.32,2.27,4.81,1.99
1592784000,A,3.32,1.10,1.76,2.18,1.96,4.72,2.20
1592784000,F,4.53,0.00,0.53,3.11,1.69,4.67,2.23
1592784000,M,2.16,2.14,2.86,1.32,2.27,4.81,2.18
1592870400,A,3.32,1.10,1.51,2.18,1.96,5.31,2.20
1592870400,F,4.53,0.00,0.53,3.11,1.69,5.60,2.32
1592870400,M,2.16,2.14,2.39,1.32,2.27,4.81,2.08
1592956800,A,4.43,0.00,1.26,1.36,1.43,4.72,1.64
1592956800,F,4.53,0.00,0.53,2.26,1.69,4.67,1.95
1592956800,M,4.33,0.00,1.91,0.53,1.13,4.81,1.33
1593043200,A,4.43,0.00,1.26,1.50,1.07,4.13,1.55
1593043200,F,4.53,0.00,0.53,1.98,1.01,4.67,1.67
1593043200,M,4.33,0.00,1.91,1.05,1.13,3.20,1.42
1593129600,A,4.43,0.00,0.76,1.36,1.25,5.31,1.55
1593129600,F,4.53,0.00,0.53,1.41,1.35,6.54,1.76
1593129600,M,4.33,0.00,0.95,1.32,1.13,3.20,1.33
1593388800,A,4.43,0.00,1.01,0.95,0.89,5.31,1.36
1593388800,F,4.53,0.00,1.06,1.13,1.01,6.54,1.67
1593388800,M,4.33,0.00,0.95,0.79,0.76,3.20,1.04
1593475200,A,1.11,1.10,1.01,0.95,0.89,4.13,1.22
1593475200,F,0.00,1.13,1.06,1.13,0.34,5.60,1.30
1593475200,M,2.16,1.07,0.95,0.79,1.51,1.60,1.14
1593561600,A,1.11,1.10,0.76,0.82,0.89,2.95,1.03
1593561600,F,0.00,1.13,1.60,0.85,0.34,4.67,1.21
1593561600,M,2.16,1.07,0.00,0.79,1.51,0.00,0.85
1593648000,A,1.11,1.10,1.51,1.36,1.07,2.95,1.41
1593648000,F,0.00,1.13,2.13,0.85,0.67,4.67,1.39
1593648000,M,2.16,1.07,0.95,1.84,1.51,0.00,1.42
1593820800,A,0.00,1.10,1.26,1.50,1.07,2.95,1.36
1593820800,F,0.00,1.13,1.60,1.13,0.67,3.74,1.30
1593820800,M,0.00,1.07,0.95,1.84,1.51,1.60,1.42
1593907200,A,0.00,1.10,1.26,1.23,1.25,2.36,1.27
1593907200,F,0.00,1.13,1.60,1.13,1.01,2.80,1.30
1593907200,M,0.00,1.07,0.95,1.32,1.51,1.60,1.23
1593993600,A,1.11,1.10,2.01,1.09,0.89,1.77,1.27
1593993600,F,2.27,1.13,2.13,1.13,0.67,1.87,1.30
1593993600,M,0.00,1.07,1.91,1.05,1.13,1.60,1.23
1594080000,A,1.11,1.65,2.27,0.95,1.43,2.36,1.50
1594080000,F,2.27,1.13,1.60,0.85,1.35,2.80,1.39
1594080000,M,0.00,2.14,2.86,1.05,1.51,1.60,1.61
1594166400,A,1.11,0.55,2.52,0.82,1.43,2.36,1.41
1594166400,F,2.27,0.00,2.13,0.57,1.35,2.80,1.30
1594166400,M,0.00,1.07,2.86,1.05,1.51,1.60,1.52
1594252800,A,1.11,0.55,2.27,0.82,1.78,2.36,1.45
1594252800,F,2.27,0.00,1.60,0.57,2.02,2.80,1.39
1594252800,M,0.00,1.07,2.86,1.05,1.51,1.60,1.52
1594339200,A,1.11,0.55,1.51,0.27,1.60,1.77,1.03
1594339200,F,2.27,0.00,1.06,0.28,1.69,1.87,1.02
1594339200,M,0.00,1.07,1.91,0.26,1.51,1.60,1.04
1594425600,A,1.11,0.55,2.01,0.14,1.60,1.77,1.08
1594425600,F,2.27,0.00,1.06,0.00,1.69,2.80,1.02
1594425600,M,0.00,1.07,2.86,0.26,1.51,0.00,1.14
1594512000,A,1.11,0.55,2.01,0.27,1.25,1.77,1.03
1594512000,F,2.27,0.00,1.06,0.00,1.35,2.80,0.93
1594512000,M,0.00,1.07,2.86,0.53,1.13,0.00,1.14
1594598400,A,0.00,0.55,1.26,0.41,1.60,1.18,0.94
1594598400,F,0.00,0.00,0.53,0.00,1.35,1.87,0.65
1594598400,M,0.00,1.07,1.91,0.79,1.89,0.00,1.23
1594684800,A,0.00,0.00,1.51,0.95,1.07,0.59,0.94
1594684800,F,0.00,0.00,1.06,0.28,0.67,0.93,0.56
1594684800,M,0.00,0.00,1.91,1.58,1.51,0.00,1.33
1594771200,A,1.11,0.00,2.01,1.36,0.89,1.18,1.22
1594771200,F,2.27,0.00,1.06,0.57,0.67,0.93,0.74
1594771200,M,0.00,0.00,2.86,2.11,1.13,1.60,1.70
1594857600,A,1.11,0.00,2.52,1.77,0.53,1.18,1.36
1594857600,F,2.27,0.00,1.60,1.13,0.00,0.93,0.84
1594857600,M,0.00,0.00,3.34,2.37,1.13,1.60,1.89
1594944000,A,1.11,0.00,3.02,1.77,0.53,1.18,1.45
1594944000,F,2.27,0.00,2.66,1.13,0.00,0.93,1.02
1594944000,M,0.00,0.00,3.34,2.37,1.13,1.60,1.89
1595030400,A,1.11,0.00,2.52,1.91,0.53,0.59,1.36
1595030400,F,2.27,0.00,2.66,1.13,0.00,0.00,0.93
1595030400,M,0.00,0.00,2.39,2.63,1.13,1.60,1.80
1595116800,A,1.11,0.00,2.77,1.77,0.53,0.59,1.36
1595116800,F,2.27,0.00,3.19,1.13,0.00,0.00,1.02
1595116800,M,0.00,0.00,2.39,2.37,1.13,1.60,1.70
1595203200,A,1.11,0.00,2.77,1.64,0.36,1.18,1.31
1595203200,F,2.27,0.00,3.19,1.13,0.00,0.93,1.11
1595203200,M,0.00,0.00,2.39,2.11,0.76,1.60,1.52
1595289600,A,1.11,0.00,2.01,1.23,0.36,1.18,1.03
1595289600,F,2.27,0.00,2.66,1.13,0.00,0.93,1.02
1595289600,M,0.00,0.00,1.43,1.32,0.76,1.60,1.04
1595376000,A,0.00,0.00,1.51,0.82,0.18,0.59,0.66
1595376000,F,0.00,0.00,2.13,0.85,0.00,0.93,0.74
1595376000,M,0.00,0.00,0.95,0.79,0.38,0.00,0.57
1595462400,A,1.11,2.20,1.51,0.68,0.36,1.77,0.98
1595462400,F,0.00,2.26,2.13,0.57,0.00,1.87,0.93
1595462400,M,2.16,2.14,0.95,0.79,0.76,1.60,1.04
1595548800,A,1.11,2.20,1.01,0.82,0.36,1.77,0.94
1595548800,F,0.00,2.26,1.06,1.13,0.00,1.87,0.93
1595548800,M,2.16,2.14,0.95,0.53,0.76,1.60,0.95
1595635200,A,1.11,3.85,1.51,0.82,0.36,1.77,1.17
1595635200,F,0.00,4.52,1.60,1.13,0.00,1.87,1.21
1595635200,M,2.16,3.21,1.43,0.53,0.76,1.60,1.14
1595721600,A,1.11,3.85,1.51,0.82,0.36,1.77,1.17
1595721600,F,0.00,4.52,1.06,1.13,0.00,1.87,1.11
1595721600,M,2.16,3.21,1.91,0.53,0.76,1.60,1.23
1595808000,A,1.11,4.40,1.51,1.23,0.18,1.18,1.27
1595808000,F,0.00,5.65,1.06,1.41,0.00,0.93,1.21
1595808000,M,2.16,3.21,1.91,1.05,0.38,1.60,1.33
1595894400,A,1.11,4.40,2.52,1.23,0.18,1.77,1.50
1595894400,F,0.00,5.65,1.60,1.13,0.00,1.87,1.30
1595894400,M,2.16,3.21,3.34,1.32,0.38,1.60,1.70
1595980800,A,1.11,4.40,2.27,1.50,0.36,1.77,1.59
1595980800,F,0.00,5.65,1.60,1.41,0.00,1.87,1.39
1595980800,M,2.16,3.21,2.86,1.58,0.76,1.60,1.80
1596067200,A,0.00,2.20,2.01,1.50,0.53,1.18,1.31
1596067200,F,0.00,3.39,1.60,1.41,0.00,1.87,1.21
1596067200,M,0.00,1.07,2.39,1.58,1.13,0.00,1.42
1596153600,A,0.00,2.75,2.01,1.36,1.07,1.77,1.50
1596153600,F,0.00,4.52,1.60,1.13,0.34,2.80,1.39
1596153600,M,0.00,1.07,2.39,1.58,1.89,0.00,1.61
1596240000,A,0.00,1.10,1.76,1.23,1.07,2.95,1.36
1596240000,F,0.00,2.26,1.60,1.13,0.34,4.67,1.39
1596240000,M,0.00,0.00,1.91,1.32,1.89,0.00,1.33
1596326400,A,0.00,1.10,1.51,1.36,1.07,2.95,1.36
1596326400,F,0.00,2.26,1.60,1.41,0.34,4.67,1.49
1596326400,M,0.00,0.00,1.43,1.32,1.89,0.00,1.23
1596412800,A,0.00,1.10,3.27,1.23,1.07,2.95,1.64
1596412800,F,0.00,2.26,2.13,1.70,0.34,4.67,1.67
1596412800,M,0.00,0.00,4.30,0.79,1.89,0.00,1.61
1596499200,A,0.00,1.10,3.02,1.09,1.25,2.95,1.59
1596499200,F,0.00,2.26,2.66,1.70,0.34,4.67,1.76
1596499200,M,0.00,0.00,3.34,0.53,2.27,0.00,1.42
1596585600,A,1.11,1.10,3.78,1.09,1.60,3.54,1.92
1596585600,F,0.00,2.26,3.19,1.41,0.67,5.60,1.95
1596585600,M,2.16,0.00,4.30,0.79,2.65,0.00,1.89
1596672000,A,2.21,1.65,4.78,1.50,1.25,4.13,2.30
1596672000,F,2.27,2.26,3.73,1.70,0.67,5.60,2.23
1596672000,M,2.16,1.07,5.73,1.32,1.89,1.60,2.37
1596758400,A,4.43,1.10,5.79,1.91,0.71,3.54,2.48
1596758400,F,6.80,1.13,5.32,2.26,0.34,4.67,2.60
1596758400,M,2.16,1.07,6.21,1.58,1.13,1.60,2.37
1596844800,A,4.43,1.10,6.04,1.91,0.71,2.36,2.44
1596844800,F,6.80,1.13,5.32,2.26,0.34,2.80,2.41
1596844800,M,2.16,1.07,6.68,1.58,1.13,1.60,2.46
1596931200,A,4.43,1.10,6.29,1.77,0.71,2.36,2.44
1596931200,F,6.80,1.13,5.86,1.98,0.34,2.80,2.41
1596931200,M,2.16,1.07,6.68,1.58,1.13,1.60,2.46
1597017600,A,5.53,0.55,5.03,2.18,0.89,4.72,2.58
1597017600,F,6.80,0.00,5.86,1.98,0.34,3.74,2.41
1597017600,M,4.33,1.07,4.30,2.37,1.51,6.41,2.75
1597104000,A,5.53,1.10,5.79,3.14,0.71,4.13,3.00
1597104000,F,6.80,0.00,5.32,2.26,0.34,2.80,2.32
1597104000,M,4.33,2.14,6.21,3.95,1.13,6.41,3.69
1597190400,A,4.43,1.10,7.80,3.68,0.53,3.54,3.42
1597190400,F,6.80,0.00,7.99,3.39,0.34,1.87,3.06
1597190400,M,2.16,2.14,7.64,3.95,0.76,6.41,3.79
1597276800,A,3.32,0.55,8.56,3.14,0.71,2.95,3.28
1597276800,F,4.53,0.00,9.58,3.11,0.34,0.93,3.06
1597276800,M,2.16,1.07,7.64,3.16,1.13,6.41,3.50
1597363200,A,1.11,2.20,8.56,3.14,0.71,2.95,3.33
1597363200,F,0.00,0.00,9.05,2.83,0.34,0.93,2.69
1597363200,M,2.16,4.28,8.12,3.42,1.13,6.41,3.98
1597449600,A,1.11,2.20,8.31,3.14,0.71,2.95,3.28
1597449600,F,0.00,0.00,8.52,2.83,0.34,0.93,2.60
1597449600,M,2.16,4.28,8.12,3.42,1.13,6.41,3.98
1597536000,A,1.11,2.20,8.31,3.27,0.71,2.95,3.33
1597536000,F,0.00,0.00,7.99,2.83,0.34,0.93,2.51
1597536000,M,2.16,4.28,8.59,3.69,1.13,6.41,4.17
1597622400,A,0.00,2.75,8.06,2.86,0.53,1.18,2.95
1597622400,F,0.00,1.13,7.99,2.83,0.34,0.93,2.60
1597622400,M,0.00,4.28,8.12,2.90,0.76,1.60,3.31
1597708800,A,1.11,2.75,7.05,3.00,0.71,1.18,2.91
1597708800,F,0.00,1.13,7.45,3.68,0.34,0.93,2.78
1597708800,M,2.16,4.28,6.68,2.37,1.13,1.60,3.03
1597795200,A,1.11,2.75,5.29,2.32,0.53,1.18,2.30
1597795200,F,0.00,1.13,4.26,2.83,0.34,0.93,1.95
1597795200,M,2.16,4.28,6.21,1.84,0.76,1.60,2.65
1597881600,A,1.11,3.85,4.78,2.59,0.53,1.18,2.39
1597881600,F,0.00,2.26,2.66,2.55,0.67,1.87,1.86
1597881600,M,2.16,5.34,6.68,2.63,0.38,0.00,2.94
1597968000,A,2.21,3.30,4.78,2.32,0.53,1.18,2.30
1597968000,F,2.27,3.39,3.19,2.26,0.67,1.87,2.04
1597968000,M,2.16,3.21,6.21,2.37,0.38,0.00,2.56
1598054400,A,2.21,3.30,4.78,2.86,0.71,1.77,2.58
1598054400,F,2.27,3.39,3.19,3.11,1.01,1.87,2.41
1598054400,M,2.16,3.21,6.21,2.63,0.38,1.60,2.75
1598140800,A,2.21,4.40,4.53,2.86,0.89,1.77,2.67
1598140800,F,2.27,5.65,3.19,3.11,1.01,1.87,2.60
1598140800,M,2.16,3.21,5.73,2.63,0.76,1.60,2.75
1598227200,A,2.21,5.50,5.29,2.86,0.89,1.77,2.91
1598227200,F,2.27,5.65,3.73,2.83,1.01,0.93,2.51
1598227200,M,2.16,5.34,6.68,2.90,0.76,3.20,3.31
1598313600,A,2.21,6.04,5.29,2.18,0.89,1.77,2.72
1598313600,F,2.27,6.79,4.26,2.26,1.01,0.93,2.51
1598313600,M,2.16,5.34,6.21,2.11,0.76,3.20,2.94
1598400000,A,2.21,6.04,4.78,2.59,1.07,1.77,2.81
1598400000,F,2.27,6.79,5.32,2.26,0.67,0.93,2.60
1598400000,M,2.16,5.34,4.30,2.90,1.51,3.20,3.03
1598486400,A,2.21,6.59,5.29,2.59,0.89,1.18,2.86
1598486400,F,2.27,6.79,5.86,2.55,0.34,0.00,2.60
1598486400,M,2.16,6.41,4.77,2.63,1.51,3.20,3.13
1598572800,A,2.21,7.69,7.30,2.86,1.07,1.18,3.47
1598572800,F,0.00,9.05,7.99,3.11,0.34,0.00,3.25
1598572800,M,4.33,6.41,6.68,2.63,1.89,3.20,3.69
1598659200,A,2.21,8.24,8.06,2.73,1.07,0.59,3.56
1598659200,F,0.00,10.18,9.05,2.55,0.00,0.00,3.25
1598659200,M,4.33,6.41,7.16,2.90,2.27,1.60,3.88
1598832000,A,2.21,7.69,8.31,3.00,0.89,0.59,3.61
1598832000,F,0.00,7.92,9.05,3.11,0.00,0.00,3.25
1598832000,M,4.33,7.48,7.64,2.90,1.89,1.60,3.98
1598918400,A,2.21,6.59,8.81,3.00,0.89,0.59,3.61
1598918400,F,0.00,7.92,9.05,3.39,0.00,0.00,3.34
1598918400,M,4.33,5.34,8.59,2.63,1.89,1.60,3.88
1599004800,A,1.11,6.59,9.57,3.14,0.71,0.59,3.70
1599004800,F,0.00,9.05,10.12,3.39,0.00,0.00,3.62
1599004800,M,2.16,4.28,9.07,2.90,1.51,1.60,3.79
1599091200,A,1.11,7.69,10.32,2.86,0.89,0.59,3.89
1599091200,F,0.00,10.18,10.12,3.39,0.34,0.00,3.81
1599091200,M,2.16,5.34,10.50,2.37,1.51,1.60,3.98
1599177600,A,1.11,6.59,10.82,3.27,1.25,0.59,4.12
1599177600,F,0.00,9.05,11.71,4.24,0.34,0.00,4.27
1599177600,M,2.16,4.28,10.03,2.37,2.27,1.60,3.98
1599264000,A,0.00,4.95,8.06,3.00,1.07,0.59,3.28
1599264000,F,0.00,6.79,7.99,3.68,0.34,0.00,3.25
1599264000,M,0.00,3.21,8.12,2.37,1.89,1.60,3.31
1599350400,A,0.00,4.40,7.55,2.86,1.07,1.77,3.19
1599350400,F,0.00,5.65,6.92,3.68,0.34,1.87,3.16
1599350400,M,0.00,3.21,8.12,2.11,1.89,1.60,3.22
1599436800,A,0.00,3.85,8.06,2.45,1.07,1.77,3.09
1599436800,F,0.00,5.65,7.45,3.11,0.34,1.87,3.06
1599436800,M,0.00,2.14,8.59,1.84,1.89,1.60,3.13
1599523200,A,0.00,3.30,7.80,2.73,1.25,1.18,3.09
1599523200,F,0.00,4.52,7.45,2.83,0.34,1.87,2.88
1599523200,M,0.00,2.14,8.12,2.63,2.27,0.00,3.31
1599609600,A,0.00,3.85,8.31,2.32,2.32,2.36,3.47
1599609600,F,0.00,5.65,8.52,2.26,1.69,3.74,3.53
1599609600,M,0.00,2.14,8.12,2.37,3.02,0.00,3.41
1599696000,A,0.00,3.30,8.81,3.00,2.50,2.36,3.80
1599696000,F,0.00,4.52,8.52,3.11,2.36,3.74,3.90
1599696000,M,0.00,2.14,9.07,2.90,2.65,0.00,3.69
1599782400,A,0.00,2.75,7.55,3.00,4.10,3.54,4.03
1599782400,F,0.00,4.52,6.39,3.11,5.40,4.67,4.46
1599782400,M,0.00,1.07,8.59,2.90,2.65,1.60,3.60
1599868800,A,2.21,2.20,8.56,3.82,5.17,4.72,4.92
1599868800,F,2.27,3.39,8.52,4.53,6.75,5.60,5.75
1599868800,M,2.16,1.07,8.59,3.16,3.40,3.20,4.07
1599955200,A,2.21,2.20,8.31,3.68,6.24,5.90,5.20
1599955200,F,2.27,3.39,8.52,4.53,8.43,7.47,6.40
1599955200,M,2.16,1.07,8.12,2.90,3.78,3.20,3.98
1600041600,A,2.21,2.75,8.81,4.36,7.31,5.90,5.86
1600041600,F,2.27,4.52,8.52,4.81,10.12,7.47,7.05
1600041600,M,2.16,1.07,9.07,3.95,4.16,3.20,4.64
1600128000,A,2.21,2.75,8.31,5.32,8.38,8.85,6.61
1600128000,F,2.27,4.52,8.52,5.94,11.81,10.27,8.17
1600128000,M,2.16,1.07,8.12,4.74,4.54,6.41,5.02
1600214400,A,2.21,2.20,7.30,6.55,8.02,11.21,6.89
1600214400,F,2.27,2.26,6.92,8.20,11.13,12.14,8.45
1600214400,M,2.16,2.14,7.64,5.00,4.54,9.61,5.30
1600300800,A,2.21,1.65,8.31,7.09,7.84,11.80,7.22
1600300800,F,2.27,2.26,9.05,8.49,10.46,12.14,8.72
1600300800,M,2.16,1.07,7.64,5.79,4.91,11.21,5.68
1600387200,A,2.21,2.20,9.06,7.91,6.95,12.98,7.55
1600387200,F,2.27,2.26,10.12,8.49,9.11,14.01,8.72
1600387200,M,2.16,2.14,8.12,7.37,4.54,11.21,6.34
1600473600,A,0.00,2.20,7.80,7.36,6.42,11.80,6.80
1600473600,F,0.00,2.26,7.99,7.64,8.43,13.08,7.70
1600473600,M,0.00,2.14,7.64,7.11,4.16,9.61,5.87
1600560000,A,0.00,2.20,7.80,7.50,5.53,10.03,6.47
1600560000,F,0.00,2.26,7.99,7.64,7.42,10.27,7.15
1600560000,M,0.00,2.14,7.64,7.37,3.40,9.61,5.78
1600646400,A,0.00,3.85,9.31,7.50,5.35,11.21,6.94
1600646400,F,0.00,3.39,11.18,7.64,6.41,11.21,7.61
1600646400,M,0.00,4.28,7.64,7.37,4.16,11.21,6.25
1600732800,A,0.00,3.85,9.57,7.09,4.63,8.85,6.47
1600732800,F,0.00,3.39,11.18,7.64,5.06,9.34,7.05
1600732800,M,0.00,4.28,8.12,6.58,4.16,8.01,5.87
1600819200,A,0.00,3.30,9.31,7.09,4.99,6.49,6.28
1600819200,F,0.00,3.39,10.65,7.64,6.07,7.47,7.05
1600819200,M,0.00,3.21,8.12,6.58,3.78,4.81,5.49
1600905600,A,0.00,4.95,8.06,6.82,4.99,5.90,6.05
1600905600,F,0.00,5.65,9.05,7.36,6.75,7.47,7.05
1600905600,M,0.00,4.28,7.16,6.32,3.02,3.20,5.02
1600992000,A,0.00,4.95,7.55,5.86,4.99,3.54,5.44
1600992000,F,0.00,5.65,7.99,7.36,5.73,4.67,6.31
1600992000,M,0.00,4.28,7.16,4.48,4.16,1.60,4.55
1601078400,A,0.00,4.95,8.06,5.59,4.63,4.72,5.44
1601078400,F,0.00,5.65,7.99,6.79,5.40,5.60,6.13
1601078400,M,0.00,4.28,8.12,4.48,3.78,3.20,4.73
1601164800,A,0.00,4.95,7.80,5.32,4.63,4.72,5.30
1601164800,F,0.00,5.65,7.99,6.51,4.72,5.60,5.85
1601164800,M,0.00,4.28,7.64,4.21,4.54,3.20,4.73
1601251200,A,0.00,3.85,5.79,5.05,3.74,3.54,4.41
1601251200,F,0.00,5.65,5.32,6.22,4.05,4.67,5.01
1601251200,M,0.00,2.14,6.21,3.95,3.40,1.60,3.79
1601337600,A,0.00,5.50,6.29,4.50,3.21,4.13,4.36
1601337600,F,0.00,6.79,6.39,5.09,3.71,4.67,4.83
1601337600,M,0.00,4.28,6.21,3.95,2.65,3.20,3.88
1601424000,A,1.11,5.50,7.30,4.23,3.57,6.49,4.78
1601424000,F,2.27,5.65,6.92,3.96,4.05,5.60,4.73
1601424000,M,0.00,5.34,7.64,4.48,3.02,8.01,4.83
1601510400,A,2.21,4.40,8.06,4.64,3.57,8.26,5.16
1601510400,F,4.53,4.52,8.52,3.96,4.05,6.54,5.10
1601510400,M,0.00,4.28,7.64,5.27,3.02,11.21,5.21
1601596800,A,2.21,4.40,8.06,5.45,4.28,9.44,5.72
1601596800,F,4.53,5.65,8.52,4.24,5.73,7.47,5.85
1601596800,M,0.00,3.21,7.64,6.58,2.65,12.82,5.59
1601683200,A,2.21,6.04,8.81,6.95,5.53,11.80,7.03
1601683200,F,4.53,7.92,9.58,6.51,6.41,10.27,7.43
1601683200,M,0.00,4.28,8.12,7.37,4.54,14.42,6.63
1601769600,A,2.21,6.04,9.57,7.36,5.35,11.21,7.22
1601769600,F,4.53,7.92,10.12,6.51,6.75,9.34,7.52
1601769600,M,0.00,4.28,9.07,8.16,3.78,14.42,6.91
1601856000,A,2.21,4.95,9.57,7.23,6.06,11.80,7.31
1601856000,F,4.53,5.65,10.12,6.79,7.08,10.27,7.61
1601856000,M,0.00,4.28,9.07,7.63,4.91,14.42,7.01
1601942400,A,2.21,3.30,9.31,7.36,7.13,11.80,7.45
1601942400,F,4.53,4.52,8.52,7.36,8.10,10.27,7.70
1601942400,M,0.00,2.14,10.03,7.37,6.05,14.42,7.20
1602028800,A,2.21,4.95,10.57,8.45,7.49,9.44,8.11
1602028800,F,4.53,6.79,11.18,9.05,8.10,8.41,8.72
1602028800,M,0.00,3.21,10.03,7.90,6.81,11.21,7.48
1602115200,A,1.11,6.59,11.33,8.86,10.16,7.67,9.05
1602115200,F,2.27,6.79,10.65,9.90,9.11,7.47,9.00
1602115200,M,0.00,6.41,11.94,7.90,11.34,8.01,9.09
1602201600,A,2.21,7.69,12.59,9.55,12.66,9.44,10.45
1602201600,F,4.53,6.79,12.78,9.90,11.47,10.27,10.40
1602201600,M,0.00,8.55,12.41,9.21,13.99,8.01,10.51
1602288000,A,2.21,7.14,13.84,10.23,13.55,11.80,11.30
1602288000,F,4.53,6.79,15.44,10.47,14.17,12.14,11.97
1602288000,M,0.00,7.48,12.41,10.00,12.85,11.21,10.61
1602374400,A,2.21,7.14,13.34,10.36,13.73,11.80,11.30
1602374400,F,4.53,6.79,15.44,11.32,14.50,12.14,12.34
1602374400,M,0.00,7.48,11.46,9.48,12.85,11.21,10.23
1602460800,A,3.32,7.14,16.61,13.23,15.51,12.98,13.50
1602460800,F,4.53,6.79,18.63,13.30,16.87,13.08,14.29
1602460800,M,2.16,7.48,14.80,13.16,13.99,12.82,12.69
1602547200,A,3.32,7.14,19.38,15.27,17.47,15.34,15.42
1602547200,F,4.53,6.79,20.23,16.12,17.88,15.88,16.06
1602547200,M,2.16,7.48,18.62,14.48,17.01,14.42,14.77
1602633600,A,2.21,6.04,22.15,16.91,19.43,17.11,17.02
1602633600,F,2.27,4.52,23.96,18.39,19.56,17.75,17.82
1602633600,M,2.16,7.48,20.53,15.53,19.28,16.02,16.19
1602720000,A,2.21,4.40,23.16,19.23,19.97,19.47,18.19
1602720000,F,2.27,3.39,26.09,21.50,21.25,18.68,19.68
1602720000,M,2.16,5.34,20.53,17.11,18.52,20.83,16.67
1602806400,A,2.21,7.14,28.95,24.00,19.61,21.24,21.19
1602806400,F,2.27,7.92,31.94,27.44,19.56,19.62,22.65
1602806400,M,2.16,6.41,26.26,20.80,19.66,24.03,19.70
1602892800,A,3.32,7.14,30.71,24.95,20.86,18.29,21.98
1602892800,F,4.53,6.79,33.01,28.57,18.89,15.88,22.65
1602892800,M,2.16,7.48,28.65,21.59,23.06,22.43,21.31
1602979200,A,3.32,7.14,34.74,24.82,21.93,20.65,23.16
1602979200,F,4.53,6.79,35.67,28.01,18.89,17.75,23.11
1602979200,M,2.16,7.48,33.90,21.85,25.33,25.63,23.20
1603065600,A,3.32,9.89,34.99,24.27,22.10,23.01,23.48
1603065600,F,4.53,11.31,36.73,28.01,18.89,19.62,23.85
1603065600,M,2.16,8.55,33.42,20.80,25.71,28.84,23.11
1603152000,A,4.43,12.09,38.26,27.14,23.35,30.09,26.20
1603152000,F,4.53,14.70,39.40,30.55,20.58,26.15,26.55
1603152000,M,4.33,9.62,37.24,23.96,26.46,36.85,25.85
1603238400,A,5.53,15.39,43.80,31.91,26.38,32.45,30.19
1603238400,F,6.80,19.23,42.59,33.38,25.64,30.82,30.35
1603238400,M,4.33,11.76,44.88,30.54,27.22,35.24,30.02
1603324800,A,6.64,18.68,52.61,35.73,28.34,37.76,34.41
1603324800,F,6.80,22.62,53.77,36.21,29.35,37.36,35.18
1603324800,M,6.49,14.96,51.57,35.28,27.22,38.45,33.62
1603411200,A,11.07,18.13,54.87,39.41,32.80,43.66,37.87
1603411200,F,11.33,20.36,58.03,39.04,35.75,43.90,39.26
1603411200,M,10.82,16.03,52.04,39.75,29.49,43.25,36.46
1603497600,A,19.93,28.03,62.93,43.09,34.40,67.85,44.20
1603497600,F,22.67,31.67,66.02,43.57,37.78,72.86,46.97
1603497600,M,17.31,24.58,60.16,42.65,30.62,59.27,41.38
1603584000,A,19.93,29.12,62.68,46.23,36.19,70.80,46.03
1603584000,F,22.67,32.80,67.61,48.37,42.16,77.53,50.59
1603584000,M,17.31,25.65,58.25,44.23,29.49,59.27,41.38
1603670400,A,22.14,28.57,66.20,49.09,36.19,69.62,47.62
1603670400,F,27.20,32.80,67.61,51.77,41.83,76.59,51.70
1603670400,M,17.31,24.58,64.94,46.60,29.87,57.67,43.47
1603756800,A,25.46,30.22,73.00,54.82,41.89,89.10,54.19
1603756800,F,31.73,33.93,74.00,57.99,47.90,100.88,59.22
1603756800,M,19.47,26.72,72.10,51.86,35.16,68.88,49.05
1603843200,A,27.67,28.57,77.03,59.59,42.25,95.59,57.14
1603843200,F,31.73,30.54,79.86,69.59,46.21,103.68,63.58
1603843200,M,23.80,26.72,74.49,50.28,37.81,81.70,50.57
1603929600,A,29.89,30.22,73.25,66.00,46.70,96.77,60.14
1603929600,F,34.00,32.80,70.81,77.80,49.92,106.48,66.27
1603929600,M,25.96,27.79,75.44,55.02,43.10,80.10,53.88
1604016000,A,32.10,34.62,82.06,73.91,48.31,110.34,66.47
1604016000,F,36.27,35.06,82.52,87.13,53.29,116.76,73.60
1604016000,M,28.13,34.20,81.65,61.60,42.72,99.32,59.19
1604102400,A,25.46,25.83,79.29,77.32,49.73,89.10,64.78
1604102400,F,29.47,23.75,80.39,87.98,53.29,92.47,69.89
1604102400,M,21.64,27.79,78.31,67.40,45.74,83.30,59.56
1604188800,A,27.67,25.28,78.28,77.18,49.02,88.50,64.36
1604188800,F,29.47,22.62,78.79,85.72,49.92,89.67,67.57
1604188800,M,25.96,27.79,77.83,69.24,48.01,86.51,61.08
1604275200,A,28.78,28.57,84.33,81.95,52.94,99.72,69.37
1604275200,F,29.47,26.01,91.04,91.37,53.97,102.75,74.25
1604275200,M,28.13,31.00,78.31,73.19,51.79,94.52,64.39
1604361600,A,35.42,33.52,87.09,85.91,52.23,84.96,70.59
1604361600,F,36.27,30.54,99.56,92.79,53.29,81.26,74.53
1604361600,M,34.62,36.34,75.92,79.51,51.04,91.31,66.57
1604448000,A,37.64,40.11,90.37,92.45,57.40,87.32,75.65
1604448000,F,38.53,37.32,105.95,96.47,57.68,85.93,79.17
1604448000,M,36.78,42.75,76.40,88.72,57.09,89.71,72.06
1604534400,A,39.85,46.16,99.43,95.04,56.69,94.41,79.22
1604534400,F,45.33,45.24,119.26,100.43,54.98,89.67,83.35
1604534400,M,34.62,47.03,81.65,90.04,58.60,102.53,75.00
1604620800,A,37.64,48.36,97.42,92.45,59.00,83.19,77.76
1604620800,F,43.07,49.76,111.80,100.71,55.32,83.13,81.87
1604620800,M,32.45,47.03,84.51,84.77,63.14,83.30,73.58
1604707200,A,37.64,54.95,103.71,93.27,59.36,95.00,80.81
1604707200,F,36.27,58.81,117.13,102.69,56.67,96.21,85.58
1604707200,M,38.95,51.30,91.67,84.51,62.38,92.91,75.95
1604793600,A,36.53,56.05,106.48,95.59,59.00,100.31,82.50
1604793600,F,38.53,61.07,120.85,107.22,57.01,100.88,88.55
1604793600,M,34.62,51.30,93.58,84.77,61.25,99.32,76.33
1604880000,A,33.21,55.50,108.74,96.54,59.36,93.82,82.64
1604880000,F,36.27,55.42,117.66,110.05,57.68,93.41,87.81
1604880000,M,30.29,55.58,100.75,83.98,61.25,94.52,77.37
1604966400,A,28.78,59.90,110.25,97.36,58.83,95.59,83.39
1604966400,F,34.00,56.55,120.85,116.84,60.04,96.21,91.52
1604966400,M,23.80,63.06,100.75,79.24,57.46,94.52,75.09
1605052800,A,29.89,60.45,111.76,94.64,60.79,109.16,84.42
1605052800,F,36.27,55.42,118.19,114.57,61.73,113.02,92.45
1605052800,M,23.80,65.20,106.00,76.08,59.73,102.53,76.23
1605139200,A,33.21,65.94,115.04,97.91,65.07,124.50,89.11
1605139200,F,34.00,57.68,125.64,122.21,67.80,137.31,100.43
1605139200,M,32.45,73.75,105.52,75.29,62.00,102.53,77.56
1605225600,A,38.74,68.69,116.29,103.50,67.20,132.17,92.90
1605225600,F,43.07,58.81,133.63,129.28,69.49,141.98,105.53
1605225600,M,34.62,78.03,100.75,79.51,64.65,115.34,80.02
1605312000,A,40.96,65.39,114.03,105.27,67.92,138.07,93.56
1605312000,F,47.60,54.29,130.44,131.55,70.50,151.32,106.74
1605312000,M,34.62,75.89,99.31,80.82,65.03,115.34,80.11
1605398400,A,39.85,69.24,117.05,104.73,70.41,135.12,94.64
1605398400,F,45.33,58.81,134.69,130.13,73.87,148.52,107.95
1605398400,M,34.62,79.09,101.22,81.08,66.54,112.14,81.06
1605484800,A,42.06,74.18,113.53,104.45,71.48,152.82,96.09
1605484800,F,43.07,63.33,137.89,130.13,76.91,166.26,111.38
1605484800,M,41.11,84.44,91.67,80.56,65.40,129.76,80.49
1605571200,A,43.17,77.48,112.77,114.27,78.08,165.80,102.42
1605571200,F,38.53,71.25,134.16,138.90,81.97,181.21,116.95
1605571200,M,47.60,83.37,93.58,91.35,73.72,139.37,87.60
1605657600,A,45.39,84.63,114.78,118.36,76.83,174.65,105.28
1605657600,F,40.80,85.95,137.89,143.71,81.97,192.42,121.59
1605657600,M,49.76,83.37,94.06,94.77,71.07,144.18,88.64
1605744000,A,44.28,83.53,118.31,123.27,78.26,183.50,108.56
1605744000,F,40.80,84.82,140.55,151.35,80.28,198.02,124.56
1605744000,M,47.60,82.30,98.36,97.14,75.99,158.60,92.24
1605830400,A,46.49,93.97,131.15,132.27,87.53,228.34,121.03
1605830400,F,36.27,102.92,150.67,162.10,91.75,255.00,139.97
1605830400,M,56.25,85.51,113.64,104.52,82.79,182.62,101.70
1605916800,A,49.81,106.61,147.51,143.45,95.55,233.65,131.67
1605916800,F,40.80,114.23,170.90,172.28,96.47,261.54,149.90
1605916800,M,58.42,99.40,126.53,116.63,94.51,185.83,113.07
1606003200,A,54.24,111.55,149.27,149.32,97.33,233.65,135.09
1606003200,F,45.33,117.62,172.49,180.49,96.13,266.21,153.71
1606003200,M,62.74,105.82,128.44,120.31,98.67,177.82,116.10
1606089600,A,53.13,121.99,151.03,157.36,104.28,241.91,141.51
1606089600,F,47.60,136.85,173.56,190.67,100.52,280.22,161.50
1606089600,M,58.42,107.95,130.83,126.37,108.50,176.22,121.12
1606176000,A,50.92,120.89,163.37,165.82,106.96,256.66,148.40
1606176000,F,45.33,134.59,192.19,203.12,100.86,292.36,169.86
1606176000,M,56.25,107.95,137.51,131.10,113.80,195.44,126.52
1606262400,A,56.45,129.69,173.69,172.64,109.27,259.61,154.50
1606262400,F,49.87,139.11,199.65,213.59,105.24,297.97,176.91
1606262400,M,62.74,120.78,150.40,134.53,113.80,193.84,131.63
1606348800,A,54.24,147.27,185.27,174.82,114.27,250.17,159.37
1606348800,F,49.87,156.08,213.49,208.78,111.31,285.82,179.60
1606348800,M,58.42,138.95,159.95,143.21,117.58,189.03,138.73
1606435200,A,49.81,146.17,183.50,171.27,105.00,222.44,152.90
1606435200,F,47.60,143.63,216.15,200.29,99.84,251.26,169.58
1606435200,M,51.93,148.57,154.22,144.27,110.77,173.01,135.89
1606521600,A,46.49,146.72,171.92,168.68,100.90,213.59,147.98
1606521600,F,43.07,143.63,200.18,201.42,100.52,238.19,165.87
1606521600,M,49.76,149.64,146.58,138.21,101.32,171.41,129.74
1606608000,A,48.71,146.72,171.92,172.09,100.54,230.70,150.51
1606608000,F,45.33,140.24,198.05,201.42,101.87,252.20,167.07
1606608000,M,51.93,152.84,148.49,144.79,99.05,193.84,133.62
1606694400,A,50.92,139.58,174.19,172.50,96.26,229.52,149.34
1606694400,F,52.13,130.06,196.98,201.70,96.81,243.79,164.19
1606694400,M,49.76,148.57,153.75,145.32,95.65,205.05,134.19
1606780800,A,48.71,143.42,172.68,167.04,96.08,209.46,145.78
1606780800,F,54.40,134.59,194.32,194.35,99.51,224.18,160.57
1606780800,M,43.27,151.78,153.27,141.64,92.25,184.23,130.68
1606867200,A,46.49,154.41,178.47,177.41,101.61,228.93,154.26
1606867200,F,52.13,141.37,210.29,206.23,103.55,240.05,170.41
1606867200,M,41.11,166.74,149.93,150.59,99.43,209.86,137.78
1606953600,A,59.78,158.26,188.79,199.91,111.24,246.04,168.70
1606953600,F,58.93,148.16,223.60,236.78,111.99,257.80,187.68
1606953600,M,60.58,167.81,157.57,165.59,110.39,225.88,149.34
1607040000,A,56.45,161.56,193.32,213.54,117.12,263.15,177.28
1607040000,F,54.40,163.99,225.73,254.89,117.72,273.68,198.26
1607040000,M,58.42,159.26,164.25,175.07,116.44,245.10,155.87
1607126400,A,58.67,167.05,193.82,214.23,117.12,277.32,179.29
1607126400,F,56.66,176.43,233.19,256.59,116.37,287.69,202.25
1607126400,M,60.58,158.19,158.52,174.81,117.95,259.52,155.87
1607212800,A,65.31,172.00,199.61,218.32,124.07,300.33,186.14
1607212800,F,63.46,185.48,244.37,265.92,123.12,311.98,212.55
1607212800,M,67.07,159.26,159.48,174.02,125.14,280.35,159.19
1607299200,A,66.42,169.80,206.16,225.68,126.39,297.38,190.12
1607299200,F,61.20,179.83,255.02,272.99,125.82,311.04,216.82
1607299200,M,71.40,160.33,162.34,181.65,127.03,273.94,162.88
1607385600,A,73.06,173.65,211.44,238.50,133.16,323.93,200.01
1607385600,F,65.73,188.87,257.68,285.72,132.56,338.13,226.94
1607385600,M,80.05,159.26,169.98,194.55,133.83,299.57,172.54
1607472000,A,73.06,162.11,217.49,250.77,142.43,319.21,206.43
1607472000,F,63.46,183.22,253.95,296.76,141.67,335.33,231.58
1607472000,M,82.22,142.16,184.78,207.98,143.28,291.56,180.78
1607558400,A,68.63,153.32,230.32,263.04,146.17,339.86,214.73
1607558400,F,63.46,173.04,259.81,314.58,150.44,354.01,241.88
1607558400,M,73.56,134.67,203.88,215.09,141.39,315.59,187.03
1607644800,A,77.49,166.50,246.43,277.09,159.19,379.98,230.67
1607644800,F,72.53,180.96,279.51,335.51,159.21,396.04,259.80
1607644800,M,82.22,152.84,216.77,222.72,159.16,352.43,200.95
1607731200,A,85.24,166.50,274.88,300.00,175.23,413.02,251.01
1607731200,F,79.33,180.96,311.98,368.05,174.73,426.87,283.74
1607731200,M,90.87,152.84,241.60,236.67,175.80,389.28,217.61
1607817600,A,77.49,165.95,277.90,301.63,175.77,385.29,249.70
1607817600,F,72.53,180.96,309.32,371.72,175.74,396.98,281.52
1607817600,M,82.22,151.78,249.72,236.41,175.80,365.25,217.24
1607904000,A,78.59,174.20,289.98,313.36,189.67,427.77,263.76
1607904000,F,70.26,186.61,322.63,384.74,188.22,445.55,296.74
1607904000,M,86.54,162.46,260.70,246.94,191.30,397.29,230.11
1607990400,A,76.38,167.05,302.82,327.27,193.59,434.26,271.78
1607990400,F,70.26,176.43,339.13,406.24,188.22,453.02,306.58
1607990400,M,82.22,158.19,270.25,253.79,199.61,402.10,236.27
1608076800,A,84.13,167.60,317.17,342.95,206.60,466.72,286.21
1608076800,F,81.60,176.43,363.62,428.30,203.40,486.65,326.07
1608076800,M,86.54,159.26,275.02,263.53,210.20,432.53,245.46
1608163200,A,89.66,173.10,317.42,348.00,217.12,500.94,294.18
1608163200,F,86.13,183.22,368.41,433.68,211.16,521.21,334.98
1608163200,M,93.04,163.53,270.73,268.26,223.81,466.17,252.37
1608249600,A,95.20,164.86,323.71,361.22,230.49,513.92,303.98
1608249600,F,92.93,180.96,379.06,455.18,228.02,542.69,350.76
1608249600,M,97.36,149.64,273.11,273.79,233.26,464.57,256.06
1608336000,A,98.52,162.66,312.38,365.32,235.84,512.74,304.54
1608336000,F,97.46,176.43,365.75,453.76,238.81,534.28,349.92
1608336000,M,99.53,149.64,263.57,283.01,232.51,475.79,258.05
1608422400,A,95.20,153.32,309.36,363.95,237.80,548.14,305.90
1608422400,F,92.93,165.12,366.82,446.97,241.85,575.38,351.69
1608422400,M,97.36,142.16,256.88,286.69,233.26,501.42,259.00
1608508800,A,97.41,150.02,312.13,377.04,241.19,553.45,312.04
1608508800,F,95.20,159.47,372.14,467.62,243.87,568.85,358.93
1608508800,M,99.53,141.09,257.36,292.75,238.18,527.05,264.02
1608595200,A,101.84,161.01,335.54,399.27,263.65,608.32,335.43
1608595200,F,97.46,170.78,401.95,491.95,266.47,623.96,384.82
1608595200,M,106.02,151.78,275.02,313.02,260.48,581.52,284.85
1608681600,A,100.73,163.76,352.66,423.68,279.34,636.65,353.57
1608681600,F,99.73,168.52,422.72,522.22,280.30,656.65,405.33
1608681600,M,101.69,159.26,289.35,331.97,278.25,602.34,300.66
1608768000,A,92.98,147.82,338.06,413.72,270.78,621.89,342.32
1608768000,F,92.93,147.03,406.75,508.36,272.21,651.98,393.27
1608768000,M,93.04,148.57,276.46,325.66,269.18,570.30,290.34
1608854400,A,78.59,132.43,319.43,387.54,258.12,605.96,323.34
1608854400,F,79.33,117.62,381.19,470.45,259.05,623.96,367.00
1608854400,M,77.89,146.43,264.04,310.39,257.08,575.11,278.79
1608940800,A,61.99,114.85,298.29,360.00,243.51,576.46,301.54
1608940800,F,63.46,97.26,352.97,441.32,238.14,599.67,342.03
1608940800,M,60.58,131.47,249.24,284.32,249.52,536.66,260.23
1609027200,A,60.88,109.35,295.01,353.59,238.87,558.17,295.54
1609027200,F,63.46,92.74,348.18,437.35,231.06,571.65,334.79
1609027200,M,58.42,125.05,246.85,275.64,247.63,535.06,255.40
1609113600,A,55.35,99.46,283.94,338.45,233.34,537.52,284.10
1609113600,F,61.20,89.35,334.34,418.68,227.35,558.57,323.56
1609113600,M,49.76,109.02,238.26,263.79,240.07,501.42,243.75
1609200000,A,55.35,85.18,261.79,329.32,227.28,512.74,272.06
1609200000,F,63.46,68.99,306.12,406.52,217.23,540.82,308.53
1609200000,M,47.60,100.47,221.55,257.47,238.55,464.57,234.75
1609286400,A,49.81,80.78,252.98,325.77,232.63,544.60,272.53
1609286400,F,56.66,64.47,296.01,397.75,220.60,573.52,307.41
1609286400,M,43.27,96.20,213.91,258.79,246.12,495.01,236.84
1609372800,A,52.03,77.48,257.51,319.63,234.41,520.41,269.62
1609372800,F,54.40,70.12,303.46,385.58,225.32,539.89,303.05
1609372800,M,49.76,84.44,215.82,258.26,244.60,487.00,235.42
1609459200,A,53.13,73.09,247.19,308.73,216.59,490.91,256.59
1609459200,F,49.87,68.99,291.75,375.97,210.48,514.67,290.98
1609459200,M,56.25,76.96,206.75,246.15,223.43,450.15,221.40
1609545600,A,55.35,73.09,249.71,307.23,214.45,505.66,257.24
1609545600,F,54.40,66.73,296.54,372.57,209.81,524.94,291.54
1609545600,M,56.25,79.09,207.22,246.41,219.65,472.58,222.16
1609632000,A,56.45,76.38,249.45,308.04,214.80,506.84,257.99
1609632000,F,56.66,68.99,294.94,374.27,209.81,538.02,293.40
1609632000,M,56.25,83.37,208.66,246.41,220.41,453.36,221.88
1609718400,A,57.56,74.73,252.73,302.32,207.67,494.45,253.68
1609718400,F,54.40,67.86,290.69,368.89,204.07,519.34,287.27
1609718400,M,60.58,81.23,218.68,240.36,211.71,451.76,219.41
1609804800,A,58.67,79.13,273.62,301.36,213.20,512.74,260.57
1609804800,F,54.40,71.25,324.23,372.29,213.18,537.09,298.78
1609804800,M,62.74,86.58,228.23,235.09,213.22,470.98,221.50
1609891200,A,61.99,78.03,286.20,287.73,200.90,474.98,252.04
1609891200,F,54.40,71.25,332.21,357.58,203.40,482.91,287.27
1609891200,M,69.24,84.44,244.94,222.46,198.10,461.37,216.00
1609977600,A,63.10,79.68,316.91,314.04,215.87,547.55,276.70
1609977600,F,61.20,71.25,361.49,386.43,212.17,574.45,313.63
1609977600,M,62.74,87.65,276.93,246.15,220.03,501.42,238.73
1610064000,A,69.74,89.57,357.94,354.95,249.21,607.14,313.02
1610064000,F,70.26,88.22,400.36,433.96,243.87,633.30,352.34
1610064000,M,67.07,90.85,319.91,280.90,255.19,562.29,272.63
1610150400,A,74.17,96.71,370.28,362.45,254.91,620.71,321.27
1610150400,F,72.53,101.79,415.26,440.75,247.92,657.58,361.90
1610150400,M,73.56,91.92,329.93,289.06,262.75,557.49,279.55
1610236800,A,74.17,98.91,376.32,365.45,257.41,606.55,323.15
1610236800,F,70.26,105.18,425.91,443.01,251.63,637.97,363.75
1610236800,M,75.73,92.99,331.84,292.75,263.88,552.68,281.44
1610323200,A,77.49,103.86,390.16,375.27,271.49,648.45,336.70
1610323200,F,72.53,109.70,441.88,448.95,266.81,682.80,377.58
1610323200,M,80.05,98.33,343.78,306.17,276.74,589.53,294.70
1610409600,A,86.34,108.25,384.63,374.32,261.69,621.89,331.40
1610409600,F,90.66,121.01,423.78,445.28,259.39,652.91,369.88
1610409600,M,80.05,96.20,349.51,308.02,264.26,568.70,291.95
1610496000,A,83.02,107.71,372.80,367.09,249.39,620.12,323.15
1610496000,F,95.20,128.93,415.26,435.09,245.90,674.39,364.31
1610496000,M,69.24,87.65,334.71,303.54,253.30,527.05,280.97
1610582400,A,83.02,106.06,344.86,340.09,234.95,571.74,300.88
1610582400,F,88.40,127.80,390.77,404.82,234.09,609.01,339.99
1610582400,M,77.89,85.51,303.67,279.85,235.91,507.83,260.99
1610668800,A,83.02,100.56,322.20,315.41,216.94,551.09,281.34
1610668800,F,92.93,117.62,369.48,371.44,213.52,595.93,317.71
1610668800,M,73.56,84.44,279.32,263.26,220.79,474.18,244.13
1610755200,A,90.77,102.21,322.45,324.13,217.30,543.42,284.34
1610755200,F,104.26,114.23,372.14,384.74,216.22,583.79,322.26
1610755200,M,77.89,90.85,277.41,267.74,218.52,474.18,245.55
1610841600,A,91.88,100.56,313.39,321.27,214.27,555.22,281.71
1610841600,F,106.53,111.97,362.56,381.06,215.54,596.87,320.41
1610841600,M,77.89,89.78,268.82,265.63,212.85,483.80,242.14
1610928000,A,97.41,103.31,287.72,304.36,200.37,525.13,265.54
1610928000,F,108.80,113.10,338.60,364.93,202.72,575.38,305.46
1610928000,M,86.54,94.06,241.60,247.99,197.72,438.94,224.72
1611014400,A,88.56,90.67,269.34,286.50,192.70,527.49,252.70
1611014400,F,90.66,93.87,317.84,340.89,193.95,584.72,290.15
1611014400,M,86.54,87.65,225.37,235.88,191.30,429.33,214.39
1611100800,A,87.45,82.43,247.94,272.04,187.17,487.96,238.40
1611100800,F,88.40,79.17,293.35,328.72,191.59,532.42,274.74
1611100800,M,86.54,85.51,206.75,219.30,182.22,411.71,201.23
1611187200,A,94.09,82.43,222.77,263.73,176.12,487.37,228.18
1611187200,F,106.53,76.91,265.13,320.24,180.80,538.96,265.27
1611187200,M,82.22,87.65,184.30,211.14,170.88,398.89,190.25
1611273600,A,86.34,83.53,209.68,252.68,168.10,449.02,216.56
1611273600,F,97.46,81.43,252.35,306.09,175.40,495.99,252.65
1611273600,M,75.73,85.51,171.41,202.98,159.92,368.45,179.74
1611360000,A,86.34,78.58,205.40,240.41,163.29,438.98,209.06
1611360000,F,92.93,79.17,243.30,290.25,171.35,490.38,243.83
1611360000,M,80.05,78.03,171.41,194.02,154.25,350.83,173.58
1611446400,A,85.24,76.38,205.40,240.27,161.68,423.64,207.14
1611446400,F,90.66,76.91,238.51,288.84,167.31,474.50,239.56
1611446400,M,80.05,75.89,175.71,195.08,155.38,336.41,174.05
1611532800,A,74.17,69.24,204.40,232.50,154.55,404.76,199.82
1611532800,F,86.13,71.25,239.04,276.10,158.87,439.01,228.98
1611532800,M,62.74,67.34,173.32,191.92,149.71,346.03,170.08
1611619200,A,75.27,69.24,192.57,226.50,144.75,381.75,191.20
1611619200,F,79.33,74.64,225.20,271.30,150.78,407.25,219.61
1611619200,M,71.40,64.13,163.30,184.81,137.99,338.02,162.22
1611705600,A,75.27,64.29,180.23,215.32,134.59,380.57,181.87
1611705600,F,68.00,70.12,206.57,251.78,137.28,398.85,204.57
1611705600,M,82.22,58.79,156.61,181.39,131.56,349.23,158.71
1611792000,A,66.42,71.44,182.50,211.36,131.56,349.30,177.89
1611792000,F,58.93,75.78,201.24,249.80,133.91,367.09,199.00
1611792000,M,73.56,67.34,165.68,175.60,128.92,318.79,156.35
1611878400,A,66.42,64.29,176.46,204.27,125.67,332.78,170.86
1611878400,F,54.40,65.60,191.66,240.74,128.85,345.60,189.81
1611878400,M,77.89,63.06,162.82,170.33,122.11,310.78,151.52
1611964800,A,53.13,63.19,171.92,202.09,121.75,309.77,165.75
1611964800,F,43.07,65.60,184.21,234.80,122.44,321.32,181.92
1611964800,M,62.74,60.92,160.91,171.65,120.98,289.96,149.24
1612051200,A,56.45,65.39,170.16,196.23,119.44,301.51,162.47
1612051200,F,47.60,68.99,184.74,226.88,119.41,310.11,177.93
1612051200,M,64.91,61.99,157.09,167.70,119.47,286.75,146.69
1612137600,A,57.56,68.14,165.63,194.45,119.97,298.56,161.20
1612137600,F,49.87,70.12,177.82,225.47,119.07,311.98,176.54
1612137600,M,64.91,66.27,154.70,165.59,120.98,275.54,145.55
1612224000,A,55.35,69.79,160.60,190.77,119.79,277.32,157.31
1612224000,F,49.87,75.78,178.88,218.39,116.37,286.76,171.62
1612224000,M,60.58,64.13,144.20,165.07,123.62,261.12,142.71
1612310400,A,54.24,76.93,157.83,190.09,122.11,256.66,156.09
1612310400,F,56.66,82.56,174.62,218.96,116.03,267.14,169.86
1612310400,M,51.93,71.61,142.76,163.22,128.92,238.69,142.05
1612396800,A,54.24,63.74,164.37,181.09,118.72,242.50,151.07
1612396800,F,52.13,72.38,184.74,207.64,110.30,241.92,162.80
1612396800,M,56.25,55.58,146.11,156.38,128.16,243.50,139.11
1612483200,A,60.88,67.04,155.81,177.95,122.47,234.83,149.34
1612483200,F,58.93,76.91,171.43,205.95,110.97,223.24,158.90
1612483200,M,62.74,57.72,141.81,151.90,135.34,254.71,139.58
1612569600,A,61.99,71.44,149.27,172.23,120.68,236.01,146.20
1612569600,F,58.93,80.30,166.11,200.01,107.94,220.44,155.19
1612569600,M,64.91,63.06,134.17,146.37,134.97,262.72,137.03
1612656000,A,60.88,69.79,147.51,169.64,117.83,230.70,143.62
1612656000,F,56.66,76.91,160.25,197.46,106.25,216.70,152.13
1612656000,M,64.91,63.06,136.08,143.74,130.81,254.71,134.94
1612742400,A,63.10,65.94,146.25,169.23,115.51,215.36,141.18
1612742400,F,54.40,72.38,159.18,194.63,102.88,205.49,148.51
1612742400,M,71.40,59.86,134.65,145.58,129.67,232.29,133.71
1612828800,A,52.03,59.90,131.40,144.82,102.50,203.56,124.68
1612828800,F,49.87,62.20,138.42,167.19,91.07,197.09,130.78
1612828800,M,54.09,57.72,125.10,124.00,115.31,214.66,118.47
1612915200,A,42.06,53.30,115.79,123.68,90.02,179.37,108.33
1612915200,F,36.27,58.81,124.58,141.73,81.29,170.93,113.89
1612915200,M,47.60,48.10,107.91,106.88,99.81,193.84,102.65
1613001600,A,36.53,56.60,113.53,124.23,86.10,174.65,106.73
1613001600,F,29.47,62.20,121.92,137.49,79.60,168.13,111.29
1613001600,M,43.27,51.30,106.00,111.89,93.00,185.83,101.99
1613088000,A,33.21,53.30,118.31,123.00,77.72,168.75,104.11
1613088000,F,34.00,56.55,133.63,132.68,68.81,174.67,109.15
1613088000,M,32.45,50.24,104.57,113.99,87.33,158.60,98.86
1613174400,A,34.32,48.36,118.56,120.95,76.65,165.80,102.56
1613174400,F,36.27,50.89,131.50,131.26,68.47,169.07,107.30
1613174400,M,32.45,45.96,106.95,111.36,85.44,160.20,97.63
1613260800,A,34.32,52.75,119.82,123.54,78.61,169.34,104.86
1613260800,F,34.00,58.81,133.63,134.37,69.82,172.80,109.99
1613260800,M,34.62,47.03,107.43,113.47,88.09,163.40,99.53
1613347200,A,33.21,53.30,120.32,121.91,81.29,179.37,105.89
1613347200,F,36.27,63.33,133.10,133.24,74.88,185.88,112.68
1613347200,M,30.29,43.82,108.86,111.36,88.09,168.21,98.86
1613433600,A,43.17,57.70,130.64,135.82,92.52,190.58,117.23
1613433600,F,40.80,70.12,144.81,150.50,84.66,192.42,124.47
1613433600,M,45.44,45.96,117.94,122.15,100.94,187.43,109.75
1613520000,A,55.35,55.50,143.48,145.23,101.25,221.26,127.92
1613520000,F,58.93,63.33,160.25,163.80,92.42,228.85,137.46
1613520000,M,51.93,48.10,128.44,127.95,110.77,208.26,118.09
1613606400,A,59.78,56.60,134.17,142.77,104.28,217.13,126.09
1613606400,F,61.20,65.60,149.60,159.55,93.77,223.24,134.31
1613606400,M,58.42,48.10,120.32,127.16,116.06,206.65,117.71
1613692800,A,56.45,58.80,133.91,141.27,104.82,218.90,125.86
1613692800,F,52.13,67.86,147.47,157.29,97.82,226.04,134.40
1613692800,M,60.58,50.24,121.76,126.37,112.66,206.65,117.14
1613779200,A,61.99,58.25,140.96,144.68,103.39,220.08,128.25
1613779200,F,56.66,65.60,155.99,158.99,98.49,230.71,137.09
1613779200,M,67.07,51.30,127.49,131.37,108.88,201.85,119.22
1613865600,A,58.67,52.75,141.72,147.14,103.21,221.85,128.72
1613865600,F,56.66,57.68,158.65,162.66,98.49,226.98,137.74
1613865600,M,60.58,48.10,126.53,132.68,108.50,213.06,119.51
1613952000,A,58.67,53.85,142.98,146.86,97.87,209.46,126.56
1613952000,F,54.40,55.42,165.57,161.53,92.76,214.83,135.51
1613952000,M,62.74,52.37,122.71,133.21,103.59,200.25,117.42
1614038400,A,65.31,52.75,139.96,147.82,95.90,207.69,125.86
1614038400,F,72.53,53.16,160.78,162.66,96.47,214.83,136.63
1614038400,M,58.42,52.37,121.28,134.00,95.27,195.44,114.87
1614124800,A,68.63,58.80,142.22,150.54,97.87,211.82,128.72
1614124800,F,77.06,66.73,159.72,170.02,94.45,221.37,140.25
1614124800,M,60.58,51.30,126.53,132.42,101.70,195.44,116.95
1614211200,A,68.63,63.19,145.75,148.50,96.26,210.64,128.53
1614211200,F,81.60,67.86,163.98,172.28,93.77,217.64,141.45
1614211200,M,56.25,58.79,129.40,126.37,99.05,198.64,115.34
1614297600,A,73.06,64.29,146.75,147.95,105.71,204.74,130.83
1614297600,F,92.93,71.25,169.30,176.24,100.86,203.63,144.98
1614297600,M,54.09,57.72,126.53,121.63,111.15,206.65,116.38
1614384000,A,74.17,71.44,139.70,149.59,109.63,197.07,131.15
1614384000,F,99.73,83.69,161.31,179.92,102.54,198.96,146.09
1614384000,M,49.76,59.86,120.32,121.36,117.58,193.84,115.91
1614470400,A,80.81,76.38,138.95,146.59,107.67,189.99,129.61
1614470400,F,102.00,89.35,160.25,175.39,100.52,196.15,144.15
1614470400,M,60.58,64.13,119.85,119.78,115.69,179.42,114.77
1614556800,A,85.24,79.68,137.44,145.09,110.34,192.35,130.17
1614556800,F,106.53,93.87,151.73,175.39,102.20,194.29,143.50
1614556800,M,64.91,66.27,124.62,116.89,119.47,189.03,116.57
1614643200,A,88.56,98.36,140.96,144.00,106.60,179.96,130.22
1614643200,F,95.20,108.57,154.39,172.57,92.42,185.88,140.25
1614643200,M,82.22,88.71,128.92,117.42,122.49,169.81,119.98
1614729600,A,102.95,130.24,148.51,147.14,105.53,147.51,133.17
1614729600,F,108.80,127.80,167.70,169.17,95.12,147.58,140.53
1614729600,M,97.36,132.54,131.31,126.63,117.20,147.38,125.66
1614816000,A,129.51,137.38,144.24,151.64,102.68,136.30,134.01
1614816000,F,138.26,134.59,162.38,176.81,94.45,143.85,143.31
1614816000,M,121.16,140.02,127.96,127.95,111.91,123.35,124.43
1614902400,A,154.97,145.62,141.97,152.59,95.90,130.99,133.50
1614902400,F,158.66,137.98,157.59,174.55,91.07,142.91,141.83
1614902400,M,151.45,152.84,127.96,131.89,101.32,110.54,124.91
1614988800,A,170.47,162.11,148.01,154.91,95.19,130.99,137.29
1614988800,F,169.99,153.81,164.51,177.09,94.45,141.04,146.37
1614988800,M,170.93,169.95,133.21,134.00,96.03,113.74,127.94
1615075200,A,177.11,164.31,148.26,155.59,96.26,136.30,138.75
1615075200,F,176.79,156.08,165.04,178.22,94.78,146.65,147.95
1615075200,M,177.42,172.08,133.21,134.26,97.92,118.55,129.26
1615161600,A,173.79,164.86,149.27,159.41,94.30,138.66,139.83
1615161600,F,172.26,150.42,170.90,180.49,93.77,143.85,148.51
1615161600,M,175.25,178.50,129.87,139.53,94.89,129.76,130.87
1615248000,A,183.75,167.60,152.79,160.64,97.69,140.43,142.59
1615248000,F,194.93,153.81,176.22,181.90,100.52,144.78,153.06
1615248000,M,173.09,180.63,131.78,140.58,94.51,132.96,131.82
1615334400,A,190.40,156.61,153.80,169.50,97.15,152.23,145.97
1615334400,F,192.66,153.81,175.16,191.52,101.19,158.79,157.51
1615334400,M,188.23,159.26,134.65,148.74,92.62,140.97,134.09
1615420800,A,204.79,176.39,166.39,175.77,101.07,164.03,154.73
1615420800,F,213.06,177.56,191.66,200.57,103.55,171.87,168.09
1615420800,M,196.89,175.29,143.72,152.69,98.29,150.59,141.10
1615507200,A,191.50,188.48,177.21,183.68,101.61,161.08,159.84
1615507200,F,199.46,185.48,203.91,209.34,103.22,168.13,172.73
1615507200,M,183.91,191.32,153.27,159.80,99.81,148.98,146.69
1615593600,A,191.50,182.99,189.29,192.41,107.14,165.21,166.40
1615593600,F,203.99,176.43,219.88,217.26,105.92,168.13,178.30
1615593600,M,179.58,189.19,161.86,169.28,108.50,160.20,154.26
1615680000,A,192.61,186.84,196.09,198.54,111.41,165.80,171.32
1615680000,F,210.79,178.69,229.99,224.05,111.31,168.13,184.24
1615680000,M,175.25,194.53,165.68,174.81,111.53,161.80,158.14
1615766400,A,192.61,191.23,197.35,204.82,116.94,164.62,175.45
1615766400,F,213.06,185.48,227.33,228.86,116.37,168.13,187.40
1615766400,M,173.09,196.67,170.46,182.44,117.58,158.60,163.26
1615852800,A,204.79,195.08,216.98,217.91,123.71,168.16,186.51
1615852800,F,228.93,194.53,250.22,241.31,124.13,166.26,198.82
1615852800,M,181.74,195.60,187.17,196.13,123.25,171.41,173.96
1615939200,A,191.50,193.98,219.00,223.91,128.35,164.03,189.18
1615939200,F,219.86,192.27,253.42,244.70,130.20,160.66,201.04
1615939200,M,164.43,195.60,188.12,204.55,126.27,169.81,177.08
1616025600,A,171.58,188.48,233.85,236.59,132.45,159.90,195.75
1616025600,F,188.13,184.35,270.99,250.93,135.60,149.45,204.57
1616025600,M,155.78,192.39,200.54,223.25,128.92,177.82,186.74
1616112000,A,193.72,195.08,250.71,248.32,143.14,178.78,208.73
1616112000,F,201.73,190.00,283.76,265.35,144.03,171.87,217.10
1616112000,M,186.07,199.87,221.07,232.20,142.15,190.63,200.10
1616198400,A,189.29,207.72,250.96,249.54,150.45,175.24,211.73
1616198400,F,188.13,195.66,281.10,267.34,149.43,171.87,218.68
1616198400,M,190.40,219.11,223.93,232.72,151.60,181.02,204.55
1616284800,A,183.75,207.72,249.71,253.23,151.34,175.83,212.81
1616284800,F,183.59,192.27,274.71,268.75,149.43,168.13,217.19
1616284800,M,183.91,222.32,227.28,238.52,153.49,189.03,208.24
1616371200,A,191.50,220.36,257.76,254.18,150.45,174.06,215.67
1616371200,F,192.66,203.58,284.30,274.69,145.04,165.33,220.63
1616371200,M,190.40,236.21,233.96,234.83,156.52,189.03,210.51
1616457600,A,178.22,226.95,254.24,258.41,158.65,176.42,218.81
1616457600,F,165.46,212.62,275.25,281.20,151.45,170.00,223.04
1616457600,M,190.40,240.49,235.39,236.94,166.72,187.43,214.39
1616544000,A,188.18,242.89,275.38,270.41,161.33,173.47,229.12
1616544000,F,183.59,222.80,290.15,294.49,153.14,165.33,231.58
1616544000,M,192.56,261.87,262.13,247.73,170.50,187.43,226.52
1616630400,A,173.79,243.99,276.14,272.86,168.64,169.93,231.23
1616630400,F,169.99,217.15,286.96,294.21,155.84,162.53,230.37
1616630400,M,177.42,269.35,266.43,252.47,182.98,182.62,231.91
1616716800,A,154.97,246.73,283.18,281.73,176.12,155.77,235.87
1616716800,F,156.40,223.93,288.56,297.89,164.94,142.91,232.42
1616716800,M,153.62,268.28,278.37,266.42,188.65,177.82,239.30
1616803200,A,158.29,241.24,289.23,290.18,178.26,158.13,240.32
1616803200,F,154.13,223.93,293.35,305.81,162.58,146.65,235.48
1616803200,M,162.27,257.59,285.53,275.37,195.83,177.82,245.17
1616889600,A,153.87,239.04,293.00,295.36,182.72,161.08,243.84
1616889600,F,147.33,223.93,298.67,313.45,169.67,155.05,241.42
1616889600,M,160.11,253.32,287.92,278.27,197.35,171.41,246.21
1616976000,A,156.08,233.00,301.56,303.68,192.34,166.39,250.82
1616976000,F,147.33,220.54,300.80,319.10,185.52,167.20,248.94
1616976000,M,164.43,244.77,302.24,289.06,199.99,165.00,252.65
1617062400,A,160.51,225.85,307.85,312.13,191.99,159.90,253.87
1617062400,F,151.86,201.31,312.51,324.20,179.79,163.46,249.31
1617062400,M,168.76,249.04,303.67,300.65,205.66,153.79,258.43
1617148800,A,159.40,230.25,312.13,317.32,203.57,174.06,260.95
1617148800,F,147.33,206.97,318.37,330.42,186.87,176.54,255.90
1617148800,M,170.93,252.25,306.54,304.86,222.30,169.81,266.00
1617235200,A,164.94,228.05,307.35,320.18,213.38,175.83,263.81
1617235200,F,145.06,208.10,311.98,333.53,195.98,181.21,258.78
1617235200,M,183.91,246.90,303.20,307.75,232.88,166.61,268.94
1617321600,A,153.87,207.72,286.96,307.50,205.36,174.06,251.20
1617321600,F,133.73,193.40,296.54,323.35,185.86,187.75,248.94
1617321600,M,173.09,221.25,278.37,292.75,227.21,150.59,253.50
1617408000,A,147.22,196.73,276.14,293.04,195.91,167.57,239.99
1617408000,F,129.20,183.22,287.49,302.70,181.47,178.41,237.43
1617408000,M,164.43,209.49,265.95,284.06,212.09,148.98,242.61
1617494400,A,151.65,195.63,272.36,284.32,188.60,158.72,233.76
1617494400,F,126.93,183.22,286.96,294.21,172.03,169.07,230.93
1617494400,M,175.25,207.36,259.27,275.11,207.18,140.97,236.65
1617580800,A,143.90,182.99,253.48,269.59,177.90,145.74,219.93
1617580800,F,122.40,171.91,271.52,279.50,156.85,155.05,216.73
1617580800,M,164.43,193.46,237.30,260.37,201.50,129.76,223.20
1617667200,A,129.51,162.11,225.79,244.36,162.22,141.02,199.21
1617667200,F,111.06,158.34,236.91,253.76,145.38,146.65,196.68
1617667200,M,147.13,165.67,215.82,235.62,181.09,131.36,201.80
1617753600,A,125.09,145.07,223.02,241.91,162.75,124.50,195.04
1617753600,F,106.53,149.29,232.65,247.53,148.42,127.97,191.95
1617753600,M,142.80,141.09,214.39,236.67,178.82,118.55,198.20
1617840000,A,129.51,145.62,239.64,251.45,168.99,126.27,203.43
1617840000,F,124.66,156.08,249.16,262.81,157.86,128.90,203.83
1617840000,M,134.14,135.74,231.10,240.89,181.47,121.75,203.03
1617926400,A,140.58,150.57,264.31,267.82,182.72,134.53,218.81
1617926400,F,133.73,162.86,277.91,278.09,172.36,125.16,218.40
1617926400,M,147.13,138.95,252.11,258.26,194.32,150.59,219.22
1618012800,A,153.87,153.86,277.90,280.09,189.14,139.25,228.46
1618012800,F,142.80,169.65,287.49,295.91,181.13,133.57,230.09
1618012800,M,164.43,138.95,269.29,265.37,198.10,148.98,226.80
1618099200,A,148.33,153.32,282.68,284.59,191.45,145.74,231.75
1618099200,F,145.06,168.52,289.62,304.96,184.17,140.11,234.92
1618099200,M,151.45,138.95,276.46,265.63,199.61,155.39,228.50
1618185600,A,150.55,162.66,299.04,293.32,198.94,156.95,241.54
1618185600,F,145.06,173.04,310.92,314.01,191.93,150.38,245.13
1618185600,M,155.78,152.84,288.39,274.06,206.80,168.21,237.88
1618272000,A,161.62,197.28,334.53,320.32,217.12,164.62,266.24
1618272000,F,165.46,208.10,355.10,340.04,206.77,158.79,270.01
1618272000,M,157.94,187.05,316.09,301.96,228.72,174.62,262.41
1618358400,A,160.51,198.38,346.87,326.86,221.58,177.60,273.04
1618358400,F,158.66,204.71,368.41,357.01,211.16,168.13,279.47
1618358400,M,162.27,192.39,327.55,298.80,233.26,193.84,266.48
1618444800,A,160.51,205.52,349.89,314.86,208.39,187.04,267.37
1618444800,F,156.40,211.49,367.88,344.57,200.36,175.60,273.53
1618444800,M,164.43,199.87,333.75,287.22,217.38,206.65,261.08
1618531200,A,173.79,208.82,340.58,306.13,195.55,178.78,259.45
1618531200,F,183.59,214.89,353.51,334.10,187.21,173.74,265.18
1618531200,M,164.43,203.08,328.98,280.11,204.91,187.43,253.60
1618617600,A,156.08,212.66,334.28,295.50,190.38,175.83,252.60
1618617600,F,174.53,211.49,350.85,325.33,180.80,168.13,258.87
1618617600,M,138.47,213.77,319.43,267.74,201.13,189.03,246.21
1618704000,A,158.29,219.26,333.28,293.59,190.56,169.34,251.95
1618704000,F,179.06,221.67,346.59,316.28,181.13,160.66,255.53
1618704000,M,138.47,216.98,321.34,272.48,201.13,184.23,248.30
1618790400,A,167.15,223.10,333.02,294.13,189.85,169.93,252.65
1618790400,F,183.59,231.85,344.99,318.82,182.82,161.59,257.66
1618790400,M,151.45,214.84,322.29,271.16,197.72,184.23,247.54
1618876800,A,166.04,214.31,336.05,291.13,191.99,162.85,251.39
1618876800,F,176.79,218.28,337.00,316.56,187.54,155.05,254.78
1618876800,M,155.78,210.56,334.71,267.47,196.97,176.22,247.82
1618963200,A,153.87,216.51,325.47,277.77,180.94,146.33,240.28
1618963200,F,172.26,223.93,331.68,294.21,173.04,144.78,241.79
1618963200,M,136.31,209.49,319.43,262.47,189.78,148.98,238.64
1619049600,A,151.65,209.92,314.90,275.86,174.52,132.17,234.18
1619049600,F,158.66,211.49,327.42,287.14,165.28,131.70,233.71
1619049600,M,144.96,208.42,303.20,265.37,184.87,132.96,234.57
1619136000,A,135.05,217.61,307.10,273.00,173.09,129.22,231.09
1619136000,F,133.73,221.67,327.42,285.44,166.29,128.90,232.97
1619136000,M,136.31,213.77,288.39,261.42,180.71,129.76,229.07
1619222400,A,153.87,229.15,305.84,279.82,175.05,135.12,235.96
1619222400,F,160.93,235.24,329.55,292.80,168.99,130.77,238.91
1619222400,M,142.80,222.32,284.10,267.74,181.85,142.58,232.58
1619308800,A,167.15,225.85,308.36,277.77,175.05,138.07,236.25
1619308800,F,174.53,222.80,337.00,294.78,168.65,134.51,240.68
1619308800,M,155.78,227.66,282.19,261.95,182.22,144.18,231.35
1619395200,A,162.72,229.15,308.61,274.23,172.74,125.68,233.57
1619395200,F,172.26,218.28,332.21,288.84,165.28,125.16,235.57
1619395200,M,149.29,238.35,286.96,260.63,181.09,126.56,231.16
1619481600,A,171.58,236.84,296.78,274.36,166.67,119.78,230.39
1619481600,F,174.53,234.11,327.95,286.57,158.87,120.49,233.25
1619481600,M,164.43,238.35,268.82,263.00,175.42,118.55,227.18
1619568000,A,179.33,229.70,286.46,270.27,160.08,110.93,224.34
1619568000,F,181.33,222.80,307.19,283.46,154.49,113.02,226.01
1619568000,M,173.09,235.15,267.86,258.00,166.35,107.33,222.35
1619654400,A,174.90,226.95,279.16,267.95,162.93,113.29,222.70
1619654400,F,185.86,218.28,294.41,283.46,157.52,113.02,224.43
1619654400,M,160.11,234.08,265.47,253.52,168.99,113.74,220.64
1619740800,A,194.82,226.95,288.47,273.54,162.04,111.52,226.82
1619740800,F,203.99,210.36,301.87,291.38,155.50,105.55,227.12
1619740800,M,181.74,241.56,276.46,256.94,169.37,121.75,226.23
1619827200,A,179.33,219.26,288.47,265.36,158.30,106.21,221.29
1619827200,F,169.99,200.18,306.66,278.65,151.45,106.48,220.53
1619827200,M,188.23,237.28,271.68,253.00,165.97,105.73,221.97
1619913600,A,169.36,223.65,286.71,266.59,158.30,105.03,221.25
1619913600,F,154.13,214.89,304.00,276.39,148.75,105.55,219.05
1619913600,M,183.91,231.94,270.73,257.47,168.99,104.13,223.39
1620000000,A,162.72,214.86,279.66,267.95,158.47,108.57,219.70
1620000000,F,151.86,213.75,299.20,278.09,146.73,104.62,217.94
1620000000,M,173.09,214.84,261.66,258.52,171.64,115.34,221.31
1620086400,A,150.55,201.12,281.67,261.68,152.06,109.75,214.64
1620086400,F,145.06,193.40,291.22,276.10,143.36,105.55,213.11
1620086400,M,155.78,207.36,272.64,248.26,161.81,116.94,216.00
1620172800,A,149.44,206.07,275.38,252.54,148.67,117.42,210.42
1620172800,F,138.26,192.27,291.22,263.09,144.37,111.15,209.30
1620172800,M,160.11,218.04,260.70,242.73,153.49,128.16,211.36
1620259200,A,141.69,200.57,265.82,242.73,142.43,113.88,202.54
1620259200,F,129.20,190.00,280.04,252.91,136.61,113.02,201.51
1620259200,M,153.62,209.49,252.11,233.25,148.95,115.34,203.32
1620345600,A,118.44,197.28,251.97,224.04,137.97,112.70,191.01
1620345600,F,108.80,195.66,264.60,235.65,132.90,116.76,192.13
1620345600,M,127.65,197.74,239.69,213.24,143.66,105.73,189.58
1620432000,A,118.44,193.43,240.64,225.68,135.12,108.57,188.06
1620432000,F,117.86,193.40,242.24,243.29,127.84,110.22,188.88
1620432000,M,119.00,192.39,238.74,209.29,143.28,105.73,187.03
1620518400,A,115.12,187.39,237.87,222.00,131.74,109.16,184.78
1620518400,F,115.60,185.48,235.32,239.61,126.15,107.42,184.99
1620518400,M,114.67,188.12,239.69,205.61,137.99,112.14,184.38
1620604800,A,118.44,198.38,232.84,217.09,128.70,104.44,182.06
1620604800,F,113.33,196.79,232.12,231.97,122.78,104.62,181.55
1620604800,M,123.33,199.87,233.01,203.24,135.34,104.13,182.48
1620691200,A,126.19,198.93,215.72,203.73,124.78,106.21,173.76
1620691200,F,117.86,200.18,222.01,219.53,117.72,108.35,175.15
1620691200,M,134.14,197.74,209.61,189.02,132.70,102.53,172.25
1620777600,A,122.87,196.18,207.67,198.41,121.04,100.31,168.61
1620777600,F,120.13,200.18,209.23,212.45,113.00,102.75,168.84
1620777600,M,125.49,192.39,205.79,185.34,130.05,96.12,168.28
1620864000,A,122.87,178.59,189.54,177.82,108.92,85.55,152.29
1620864000,F,113.33,185.48,192.73,189.26,101.87,83.13,151.85
1620864000,M,131.98,172.08,186.69,167.17,116.82,89.71,152.75
1620950400,A,110.70,168.70,166.39,163.77,97.15,77.29,138.04
1620950400,F,106.53,169.65,165.57,171.43,89.72,73.79,135.42
1620950400,M,114.67,167.81,167.12,156.64,105.48,83.30,140.72
1621036800,A,97.41,152.77,158.33,153.68,93.94,72.57,129.93
1621036800,F,92.93,156.08,159.18,157.57,89.72,71.92,127.90
1621036800,M,101.69,149.64,157.57,150.06,98.67,73.69,132.01
1621123200,A,101.84,153.32,153.55,149.18,91.98,68.44,126.89
1621123200,F,99.73,158.34,153.33,153.61,87.03,71.92,125.30
1621123200,M,103.85,148.57,153.75,145.06,97.54,62.48,128.50
1621209600,A,100.73,137.93,150.78,147.68,88.95,68.44,123.70
1621209600,F,104.26,142.50,146.94,152.76,87.36,70.99,122.80
1621209600,M,97.36,133.61,154.22,142.95,90.73,64.08,124.62
1621296000,A,88.56,137.93,145.75,140.73,85.03,64.90,118.54
1621296000,F,99.73,150.42,139.49,141.45,83.32,67.25,116.76
1621296000,M,77.89,126.12,151.36,140.06,86.95,60.87,120.36
1621382400,A,89.66,126.39,130.64,130.91,79.86,63.13,109.92
1621382400,F,92.93,142.50,125.64,131.55,76.57,64.45,108.04
1621382400,M,86.54,111.16,135.12,130.31,83.55,60.87,111.84
1621468800,A,90.77,126.94,127.87,129.54,78.79,60.18,108.51
1621468800,F,102.00,144.77,124.58,132.11,74.21,63.52,107.85
1621468800,M,80.05,110.09,130.83,127.16,83.93,54.47,109.19
1621555200,A,92.98,119.79,129.38,126.41,80.22,57.82,107.39
1621555200,F,97.46,136.85,124.05,127.59,76.57,61.65,105.90
1621555200,M,88.71,103.68,134.17,125.31,84.31,51.26,108.90
1621641600,A,99.63,114.85,127.87,118.36,76.12,55.46,102.94
1621641600,F,115.60,132.32,124.58,119.10,69.49,57.91,101.26
1621641600,M,84.38,98.33,130.83,117.68,83.55,51.26,104.64
1621728000,A,94.09,111.00,119.82,114.14,73.62,54.28,98.67
1621728000,F,106.53,128.93,119.79,114.29,68.14,55.11,97.55
1621728000,M,82.22,94.06,119.85,113.99,79.77,52.87,99.81
1621814400,A,86.34,102.21,110.00,101.18,66.67,47.20,88.92
1621814400,F,95.20,118.75,112.33,101.84,59.70,49.51,87.99
1621814400,M,77.89,86.58,107.91,100.57,74.48,43.25,89.87
1621900800,A,74.17,77.48,91.88,82.50,55.62,37.76,72.84
1621900800,F,79.33,84.82,95.83,82.32,49.58,37.36,71.28
1621900800,M,69.24,70.54,88.33,82.66,62.38,38.45,74.43
1621987200,A,60.88,62.10,85.58,67.36,49.73,31.27,62.53
1621987200,F,70.26,64.47,91.57,69.59,42.50,30.82,61.72
1621987200,M,51.93,59.86,80.22,65.29,57.84,32.04,63.35
1622073600,A,57.56,56.60,78.03,61.64,47.06,37.76,58.36
1622073600,F,63.46,54.29,79.86,63.09,41.15,38.30,56.80
1622073600,M,51.93,58.79,76.40,60.29,53.68,36.85,59.94
1622160000,A,54.24,52.20,72.75,54.95,41.36,31.86,52.59
1622160000,F,58.93,46.37,80.92,55.45,34.74,30.82,51.14
1622160000,M,49.76,57.72,65.41,54.50,48.77,33.64,54.07
1622246400,A,42.06,52.20,65.95,50.86,38.68,31.27,48.66
1622246400,F,38.53,48.63,71.87,50.07,34.07,28.96,46.78
1622246400,M,45.44,55.58,60.64,51.60,43.85,35.24,50.57
1622332800,A,37.64,47.26,65.45,49.77,37.97,28.91,47.20
1622332800,F,34.00,40.72,70.81,50.36,33.06,27.09,45.39
1622332800,M,41.11,53.44,60.64,49.23,43.48,32.04,49.05
1622419200,A,35.42,47.26,71.74,50.05,39.93,28.91,48.89
1622419200,F,34.00,41.85,77.73,51.49,36.09,26.15,47.80
1622419200,M,36.78,52.37,66.37,48.70,44.23,33.64,50.00
1622505600,A,29.89,48.91,71.49,46.91,39.93,28.32,47.62
1622505600,F,29.47,46.37,75.07,49.51,36.09,27.09,46.97
1622505600,M,30.29,51.30,68.28,44.49,44.23,30.44,48.30
1622592000,A,27.67,45.06,56.64,39.55,31.91,25.96,39.61
1622592000,F,20.40,45.24,60.16,45.26,31.03,26.15,41.03
1622592000,M,34.62,44.89,53.48,34.22,32.89,25.63,38.16
1622678400,A,18.82,42.86,51.10,33.82,26.92,18.29,34.12
1622678400,F,13.60,41.85,56.43,39.89,27.32,16.81,36.11
1622678400,M,23.80,43.82,46.31,28.17,26.46,20.83,32.10
1622764800,A,18.82,36.27,44.55,32.45,24.42,21.83,31.50
1622764800,F,11.33,41.85,47.38,39.61,26.31,21.48,34.53
1622764800,M,25.96,31.00,42.02,25.54,22.31,22.43,28.31
1622851200,A,21.03,35.72,42.29,31.64,21.75,23.60,30.28
1622851200,F,13.60,37.32,46.32,39.04,24.62,23.35,33.60
1622851200,M,28.13,34.20,38.68,24.48,18.52,24.03,26.80
1622937600,A,21.03,34.07,41.28,30.55,21.03,24.19,29.44
1622937600,F,15.87,35.06,45.25,37.34,24.29,24.29,32.76
1622937600,M,25.96,33.13,37.72,23.96,17.39,24.03,25.95
1623024000,A,23.25,35.72,34.74,30.27,18.36,26.55,27.84
1623024000,F,18.13,36.19,39.40,37.06,20.91,27.09,31.19
1623024000,M,28.13,35.27,30.56,23.69,15.50,25.63,24.34
1623110400,A,25.46,29.12,27.44,27.95,13.73,30.68,24.33
1623110400,F,22.67,27.14,31.94,33.66,15.85,31.76,27.29
1623110400,M,28.13,31.00,23.40,22.38,11.34,28.84,21.21
1623196800,A,24.35,29.12,26.68,25.09,13.55,27.14,22.83
1623196800,F,24.93,27.14,30.88,27.44,15.52,28.02,24.69
1623196800,M,23.80,31.00,22.92,22.64,11.34,25.63,20.83
1623283200,A,23.25,25.83,25.17,23.05,12.30,24.19,20.95
1623283200,F,24.93,24.88,29.81,24.89,13.49,25.22,22.65
1623283200,M,21.64,26.72,21.01,21.06,10.96,22.43,19.13
1623369600,A,18.82,24.18,23.91,19.23,11.41,23.60,18.80
1623369600,F,24.93,18.10,28.75,20.37,12.14,25.22,20.05
1623369600,M,12.98,29.93,19.58,18.17,10.59,20.83,17.52
1623456000,A,17.71,20.33,21.40,16.36,10.34,18.88,16.31
1623456000,F,24.93,15.83,23.96,16.97,10.79,20.55,17.08
1623456000,M,10.82,24.58,19.10,15.80,9.83,16.02,15.53
1623542400,A,16.60,20.33,20.64,15.55,10.34,18.29,15.80
1623542400,F,22.67,15.83,23.43,15.84,10.79,19.62,16.43
1623542400,M,10.82,24.58,18.14,15.27,9.83,16.02,15.15
1623628800,A,15.50,17.58,19.38,14.05,9.09,14.16,14.11
1623628800,F,22.67,12.44,21.30,13.58,9.78,14.95,14.29
1623628800,M,8.65,22.45,17.67,14.48,8.32,12.82,13.92
1623715200,A,12.18,16.49,18.88,12.68,8.38,7.67,12.61
1623715200,F,13.60,12.44,22.36,13.30,8.77,7.47,12.99
1623715200,M,10.82,20.31,15.76,12.11,7.94,8.01,12.22
1623801600,A,11.07,14.29,17.12,11.59,6.60,8.26,11.25
1623801600,F,15.87,12.44,19.70,12.45,6.75,7.47,11.79
1623801600,M,6.49,16.03,14.80,10.79,6.43,9.61,10.70
1623888000,A,8.86,13.19,14.10,10.09,5.88,7.67,9.75
1623888000,F,13.60,12.44,16.50,10.75,6.41,7.47,10.49
1623888000,M,4.33,13.89,11.94,9.48,5.29,8.01,9.00
1623974400,A,11.07,10.99,10.82,9.41,4.81,3.54,8.20
1623974400,F,18.13,13.57,11.71,9.90,5.06,2.80,8.82
1623974400,M,4.33,8.55,10.03,8.95,4.54,4.81,7.58
1624060800,A,11.07,10.99,9.31,8.32,4.46,3.54,7.45
1624060800,F,15.87,13.57,11.71,9.34,4.39,2.80,8.35
1624060800,M,6.49,8.55,7.16,7.37,4.54,4.81,6.53
1624147200,A,11.07,10.99,9.82,8.45,4.10,3.54,7.50
1624147200,F,15.87,13.57,12.24,9.34,4.05,2.80,8.35
1624147200,M,6.49,8.55,7.64,7.63,4.16,4.81,6.63
1624233600,A,11.07,12.09,9.06,8.18,4.63,3.54,7.50
1624233600,F,13.60,14.70,11.18,9.34,5.40,2.80,8.54
1624233600,M,8.65,9.62,7.16,7.11,3.78,4.81,6.44
1624320000,A,8.86,12.64,7.05,6.68,3.92,3.54,6.37
1624320000,F,13.60,14.70,7.99,7.07,5.06,1.87,7.05
1624320000,M,4.33,10.69,6.21,6.32,2.65,6.41,5.68
1624406400,A,7.75,10.99,6.54,5.05,3.39,1.77,5.25
1624406400,F,11.33,12.44,9.05,5.66,3.71,0.93,6.03
1624406400,M,4.33,9.62,4.30,4.48,3.02,3.20,4.45
1624492800,A,7.75,10.44,6.04,5.18,3.39,1.77,5.16
1624492800,F,11.33,11.31,7.99,5.66,3.04,0.93,5.57
1624492800,M,4.33,9.62,4.30,4.74,3.78,3.20,4.73
1624579200,A,4.43,9.34,5.03,4.36,2.85,2.95,4.41
1624579200,F,4.53,7.92,6.39,4.81,2.70,1.87,4.46
1624579200,M,4.33,10.69,3.82,3.95,3.02,4.81,4.36
1624665600,A,3.32,7.69,4.53,3.82,2.67,2.95,3.89
1624665600,F,4.53,6.79,5.32,4.24,2.02,1.87,3.81
1624665600,M,2.16,8.55,3.82,3.42,3.40,4.81,3.98
1624752000,A,3.32,7.69,4.03,3.68,2.67,2.95,3.75
1624752000,F,4.53,6.79,4.79,3.96,2.02,1.87,3.62
1624752000,M,2.16,8.55,3.34,3.42,3.40,4.81,3.88
1624838400,A,2.21,5.50,4.28,3.27,2.14,2.95,3.28
1624838400,F,4.53,5.65,3.73,3.39,0.67,1.87,2.78
1624838400,M,0.00,5.34,4.77,3.16,3.78,4.81,3.79
1624924800,A,1.11,6.59,4.78,3.95,1.60,2.36,3.47
1624924800,F,2.27,4.52,4.26,3.96,0.00,1.87,2.69
1624924800,M,0.00,8.55,5.25,3.95,3.40,3.20,4.26
1625011200,A,2.21,6.59,5.54,3.95,1.60,1.77,3.61
1625011200,F,2.27,3.39,3.73,3.39,0.67,0.93,2.41
1625011200,M,2.16,9.62,7.16,4.48,2.65,3.20,4.83
1625097600,A,2.21,6.04,7.30,3.95,1.07,2.95,3.84
1625097600,F,2.27,3.39,4.26,1.98,0.67,1.87,2.13
1625097600,M,2.16,8.55,10.03,5.79,1.51,4.81,5.59
1625184000,A,2.21,6.59,7.55,3.68,1.43,1.77,3.84
1625184000,F,2.27,5.65,4.26,2.26,1.35,0.93,2.51
1625184000,M,2.16,7.48,10.50,5.00,1.51,3.20,5.21
1625270400,A,2.21,6.59,7.80,3.82,1.07,1.77,3.84
1625270400,F,2.27,4.52,4.26,2.26,1.35,0.93,2.41
1625270400,M,2.16,8.55,10.98,5.27,0.76,3.20,5.30
1625356800,A,2.21,7.14,8.06,3.68,1.07,1.77,3.89
1625356800,F,2.27,5.65,4.26,2.26,1.35,0.93,2.51
1625356800,M,2.16,8.55,11.46,5.00,0.76,3.20,5.30
1625443200,A,2.21,7.14,7.55,3.55,0.89,2.95,3.80
1625443200,F,2.27,5.65,5.32,1.98,1.35,2.80,2.78
1625443200,M,2.16,8.55,9.55,5.00,0.38,3.20,4.83
1625529600,A,2.21,6.04,7.80,2.73,0.71,2.95,3.42
1625529600,F,2.27,4.52,6.39,1.13,1.35,2.80,2.60
1625529600,M,2.16,7.48,9.07,4.21,0.00,3.20,4.26
1625616000,A,0.00,6.04,5.54,2.45,0.53,2.95,2.77
1625616000,F,0.00,5.65,4.79,1.13,0.67,2.80,2.13
1625616000,M,0.00,6.41,6.21,3.69,0.38,3.20,3.41
1625702400,A,0.00,8.79,3.52,2.32,0.89,2.36,2.62
1625702400,F,0.00,9.05,3.73,1.41,1.01,2.80,2.41
1625702400,M,0.00,8.55,3.34,3.16,0.76,1.60,2.84
1625788800,A,0.00,6.59,3.02,2.59,0.53,2.36,2.34
1625788800,F,0.00,6.79,3.73,1.70,0.34,2.80,2.13
1625788800,M,0.00,6.41,2.39,3.42,0.76,1.60,2.56
1625875200,A,0.00,7.14,3.02,2.59,0.53,2.36,2.39
1625875200,F,0.00,6.79,4.26,1.98,0.34,2.80,2.32
1625875200,M,0.00,7.48,1.91,3.16,0.76,1.60,2.46
1625961600,A,0.00,7.14,2.77,2.86,0.71,2.36,2.48
1625961600,F,0.00,5.65,4.26,2.26,0.67,2.80,2.41
1625961600,M,0.00,8.55,1.43,3.42,0.76,1.60,2.56
1626048000,A,1.11,8.24,2.27,3.14,0.89,1.77,2.62
1626048000,F,0.00,6.79,3.19,2.55,1.01,0.93,2.32
1626048000,M,2.16,9.62,1.43,3.69,0.76,3.20,2.94
1626134400,A,2.21,11.54,2.01,3.82,0.89,1.18,3.09
1626134400,F,2.27,11.31,2.13,3.39,1.01,0.93,2.88
1626134400,M,2.16,11.76,1.91,4.21,0.76,1.60,3.31
1626220800,A,3.32,12.64,2.77,4.36,0.89,1.77,3.61
1626220800,F,2.27,12.44,2.13,4.24,1.35,0.93,3.34
1626220800,M,4.33,12.83,3.34,4.48,0.38,3.20,3.88
1626307200,A,3.32,10.44,4.28,4.23,0.71,1.18,3.56
1626307200,F,2.27,9.05,4.26,4.53,1.35,0.00,3.43
1626307200,M,4.33,11.76,4.30,3.95,0.00,3.20,3.69
1626393600,A,4.43,11.54,5.54,4.64,1.07,1.77,4.22
1626393600,F,4.53,11.31,5.32,4.53,1.35,0.93,3.99
1626393600,M,4.33,11.76,5.73,4.74,0.76,3.20,4.45
1626480000,A,4.43,12.09,5.29,4.50,1.43,1.77,4.27
1626480000,F,4.53,13.57,4.79,4.24,1.69,0.93,4.08
1626480000,M,4.33,10.69,5.73,4.74,1.13,3.20,4.45
1626566400,A,4.43,11.54,5.29,4.64,1.25,1.77,4.22
1626566400,F,4.53,13.57,4.79,4.53,1.35,0.93,4.08
1626566400,M,4.33,9.62,5.73,4.74,1.13,3.20,4.36
1626652800,A,3.32,13.74,6.80,4.77,1.78,1.18,4.78
1626652800,F,4.53,16.96,6.92,4.81,2.36,0.93,5.10
1626652800,M,2.16,10.69,6.68,4.74,1.13,1.60,4.45
1626739200,A,2.21,15.39,7.80,4.23,2.32,1.18,5.02
1626739200,F,2.27,18.10,6.92,4.24,3.04,0.93,5.10
1626739200,M,2.16,12.83,8.59,4.21,1.51,1.60,4.92
1626825600,A,3.32,14.84,7.55,3.82,2.67,2.36,5.02
1626825600,F,4.53,15.83,6.92,3.96,2.70,3.74,5.10
1626825600,M,2.16,13.89,8.12,3.69,2.65,0.00,4.92
1626912000,A,3.32,17.04,6.54,3.95,3.21,2.95,5.25
1626912000,F,4.53,18.10,5.32,4.53,2.36,4.67,5.20
1626912000,M,2.16,16.03,7.64,3.42,4.16,0.00,5.30
1626998400,A,2.21,19.23,8.06,4.09,3.39,3.54,5.81
1626998400,F,2.27,20.36,6.92,5.09,2.70,4.67,5.85
1626998400,M,2.16,18.17,9.07,3.16,4.16,1.60,5.78
1627084800,A,2.21,18.13,9.06,5.18,3.21,3.54,6.23
1627084800,F,2.27,18.10,7.45,6.22,2.70,4.67,6.13
1627084800,M,2.16,18.17,10.50,4.21,3.78,1.60,6.34
1627171200,A,2.21,18.13,9.06,4.91,3.21,3.54,6.14
1627171200,F,2.27,18.10,7.45,5.94,2.70,4.67,6.03
1627171200,M,2.16,18.17,10.50,3.95,3.78,1.60,6.25
1627257600,A,3.32,15.39,9.06,5.05,2.85,4.13,5.95
1627257600,F,4.53,13.57,7.45,6.79,2.02,4.67,5.85
1627257600,M,2.16,17.10,10.50,3.42,3.78,3.20,6.06
1627344000,A,4.43,9.89,9.57,5.18,2.32,4.72,5.58
1627344000,F,4.53,10.18,9.58,7.07,1.35,5.60,5.94
1627344000,M,4.33,9.62,9.55,3.42,3.40,3.20,5.21
1627430400,A,2.21,12.09,9.82,5.73,1.96,2.95,5.67
1627430400,F,2.27,13.57,10.65,7.36,1.69,2.80,6.22
1627430400,M,2.16,10.69,9.07,4.21,2.27,3.20,5.11
1627516800,A,4.43,12.09,10.32,6.27,1.43,2.95,5.91
1627516800,F,6.80,13.57,11.71,7.36,1.69,2.80,6.59
1627516800,M,2.16,10.69,9.07,5.27,1.13,3.20,5.21
1627603200,A,5.53,11.54,8.81,5.73,1.43,1.77,5.34
1627603200,F,6.80,13.57,11.18,6.51,2.02,1.87,6.22
1627603200,M,4.33,9.62,6.68,5.00,0.76,1.60,4.45
1627689600,A,5.53,14.84,10.57,5.32,1.25,1.77,5.77
1627689600,F,6.80,16.96,14.91,6.51,1.69,1.87,7.05
1627689600,M,4.33,12.83,6.68,4.21,0.76,1.60,4.45
1627776000,A,5.53,15.39,11.33,5.18,1.25,1.77,5.91
1627776000,F,6.80,16.96,15.97,6.22,1.69,1.87,7.15
1627776000,M,4.33,13.89,7.16,4.21,0.76,1.60,4.64
1627862400,A,4.43,18.68,12.08,5.45,1.25,2.95,6.47
1627862400,F,4.53,18.10,15.97,5.66,1.69,4.67,7.24
1627862400,M,4.33,19.24,8.59,5.27,0.76,0.00,5.68
1627948800,A,3.32,19.78,13.84,5.59,1.25,2.36,6.84
1627948800,F,4.53,16.96,17.04,5.66,1.69,3.74,7.24
1627948800,M,2.16,22.45,10.98,5.53,0.76,0.00,6.44
1628035200,A,3.32,16.49,16.87,5.18,1.43,2.95,7.08
1628035200,F,4.53,13.57,19.70,5.09,1.69,3.74,7.24
1628035200,M,2.16,19.24,14.32,5.27,1.13,1.60,6.91
1628121600,A,1.11,13.74,17.87,4.64,1.60,2.95,6.80
1628121600,F,0.00,11.31,20.23,5.37,2.36,3.74,7.24
1628121600,M,2.16,16.03,15.76,3.95,0.76,1.60,6.34
1628208000,A,2.21,14.84,19.38,5.18,1.43,4.13,7.45
1628208000,F,2.27,10.18,20.76,6.51,2.02,4.67,7.70
1628208000,M,2.16,19.24,18.14,3.95,0.76,3.20,7.20
1628294400,A,2.21,10.99,17.87,4.64,1.78,4.72,6.80
1628294400,F,2.27,6.79,17.57,5.66,2.70,5.60,6.87
1628294400,M,2.16,14.96,18.14,3.69,0.76,3.20,6.72
1628380800,A,2.21,10.99,17.87,4.77,2.32,4.72,6.98
1628380800,F,2.27,6.79,17.04,5.66,3.04,5.60,6.87
1628380800,M,2.16,14.96,18.62,3.95,1.51,3.20,7.10
1628467200,A,5.53,9.89,16.87,4.23,2.67,2.95,6.61
1628467200,F,6.80,7.92,15.97,5.09,3.04,2.80,6.50
1628467200,M,4.33,11.76,17.67,3.42,2.27,3.20,6.72
1628553600,A,5.53,9.89,16.11,4.64,3.57,3.54,6.89
1628553600,F,6.80,9.05,16.50,5.37,4.39,2.80,7.15
1628553600,M,4.33,10.69,15.76,3.95,2.65,4.81,6.63
1628640000,A,5.53,10.44,15.35,5.86,4.10,3.54,7.36
1628640000,F,6.80,10.18,14.91,5.66,4.39,3.74,7.15
1628640000,M,4.33,10.69,15.76,6.06,3.78,3.20,7.58
1628726400,A,5.53,12.09,17.12,6.14,4.28,4.13,8.02
1628726400,F,6.80,12.44,16.50,5.66,4.39,3.74,7.61
1628726400,M,4.33,11.76,17.67,6.58,4.16,4.81,8.43
1628812800,A,4.43,10.44,19.13,6.41,4.28,2.95,8.20
1628812800,F,6.80,10.18,20.23,5.94,4.39,2.80,8.08
1628812800,M,2.16,10.69,18.14,6.84,4.16,3.20,8.33
1628899200,A,5.53,10.99,18.88,6.95,4.10,2.95,8.39
1628899200,F,6.80,11.31,20.23,6.51,4.05,2.80,8.26
1628899200,M,4.33,10.69,17.67,7.37,4.16,3.20,8.52
1628985600,A,5.53,10.44,18.38,6.95,4.10,2.95,8.25
1628985600,F,6.80,11.31,20.23,6.51,4.05,2.80,8.26
1628985600,M,4.33,9.62,16.71,7.37,4.16,3.20,8.24
1629072000,A,5.53,13.74,20.64,7.91,3.57,3.54,9.19
1629072000,F,4.53,14.70,23.43,6.51,3.71,2.80,8.91
1629072000,M,6.49,12.83,18.14,9.21,3.40,4.81,9.47
1629158400,A,7.75,17.04,25.42,11.05,4.10,2.95,11.62
1629158400,F,4.53,15.83,28.75,11.03,3.37,2.80,11.32
1629158400,M,10.82,18.17,22.44,11.06,4.91,3.20,11.93
1629244800,A,8.86,21.98,26.68,11.45,3.92,3.54,12.47
1629244800,F,4.53,22.62,30.88,11.88,3.71,1.87,12.53
1629244800,M,12.98,21.38,22.92,11.06,4.16,6.41,12.41
1629331200,A,11.07,21.98,27.94,12.68,5.17,2.95,13.50
1629331200,F,6.80,20.36,33.54,11.88,4.72,1.87,13.18
1629331200,M,15.15,23.51,22.92,13.43,5.67,4.81,13.83
1629417600,A,13.28,21.98,26.18,13.64,5.53,2.95,13.69
1629417600,F,6.80,19.23,30.35,12.73,5.06,1.87,12.90
1629417600,M,19.47,24.58,22.44,14.48,6.05,4.81,14.49
1629504000,A,13.28,24.73,28.44,14.45,5.70,2.36,14.62
1629504000,F,6.80,19.23,32.48,12.73,4.72,0.93,13.09
1629504000,M,19.47,29.93,24.83,16.06,6.81,4.81,16.19
1629590400,A,13.28,26.93,28.95,14.73,5.17,2.36,14.86
1629590400,F,6.80,20.36,33.01,13.30,4.39,0.93,13.37
1629590400,M,19.47,33.13,25.31,16.06,6.05,4.81,16.38
1629676800,A,11.07,23.63,28.95,14.86,6.06,1.77,14.72
1629676800,F,6.80,18.10,33.01,14.99,4.72,0.93,13.83
1629676800,M,15.15,28.86,25.31,14.74,7.56,3.20,15.63
1629763200,A,12.18,26.93,32.22,15.14,5.53,3.54,15.75
1629763200,F,9.07,22.62,35.14,13.30,4.72,2.80,14.29
1629763200,M,15.15,31.00,29.60,16.85,6.43,4.81,17.23
1629849600,A,14.39,29.12,38.76,16.91,5.88,2.36,17.86
1629849600,F,13.60,23.75,39.40,16.69,5.06,2.80,16.52
1629849600,M,15.15,34.20,38.20,17.11,6.81,1.60,19.22
1629936000,A,25.46,33.52,39.52,18.68,5.70,4.13,19.55
1629936000,F,22.67,32.80,41.53,19.80,5.40,5.60,19.40
1629936000,M,28.13,34.20,37.72,17.64,6.05,1.60,19.70
1630022400,A,29.89,41.76,44.30,21.14,6.60,4.13,22.41
1630022400,F,34.00,42.98,45.25,22.35,6.75,5.60,22.55
1630022400,M,25.96,40.62,43.45,20.01,6.43,1.60,22.25
1630108800,A,29.89,41.76,44.81,21.68,7.84,4.72,23.06
1630108800,F,34.00,44.11,45.79,23.48,8.43,6.54,23.67
1630108800,M,25.96,39.55,43.93,20.01,7.18,1.60,22.44
1630195200,A,29.89,39.57,44.55,21.82,7.84,4.72,22.87
1630195200,F,34.00,42.98,44.72,23.48,8.43,6.54,23.39
1630195200,M,25.96,36.34,44.40,20.27,7.18,1.60,22.35
1630281600,A,32.10,42.86,45.81,24.55,8.20,6.49,24.66
1630281600,F,31.73,47.50,46.32,26.03,9.11,7.47,25.06
1630281600,M,32.45,38.48,45.36,23.17,7.18,4.81,24.24
1630368000,A,39.85,43.41,44.30,26.32,8.73,7.08,25.55
1630368000,F,34.00,49.76,43.12,29.14,9.44,7.47,25.90
1630368000,M,45.44,37.41,45.36,23.69,7.94,6.41,25.19
1630454400,A,44.28,44.51,43.04,28.91,11.59,10.62,27.52
1630454400,F,36.27,48.63,44.19,30.55,13.16,10.27,27.85
1630454400,M,51.93,40.62,42.02,27.38,9.83,11.21,27.18
1630540800,A,36.53,49.46,45.06,28.91,12.30,10.62,28.17
1630540800,F,27.20,47.50,43.66,29.70,13.83,9.34,27.10
1630540800,M,45.44,51.30,46.31,28.17,10.59,12.82,29.26
1630627200,A,36.53,48.91,48.83,32.86,12.66,14.16,30.56
1630627200,F,24.93,44.11,50.04,34.23,13.49,13.08,29.61
1630627200,M,47.60,53.44,47.75,31.33,11.72,16.02,31.44
1630713600,A,45.39,51.65,50.60,34.77,12.48,14.75,32.16
1630713600,F,38.53,46.37,53.24,36.21,12.82,13.08,31.37
1630713600,M,51.93,56.65,48.22,33.17,12.10,17.62,32.86
1630800000,A,45.39,54.40,53.36,35.86,13.90,14.75,33.66
1630800000,F,38.53,49.76,56.43,37.34,14.50,13.08,33.04
1630800000,M,51.93,58.79,50.61,34.22,13.23,17.62,34.19
1630886400,A,45.39,55.50,58.90,37.64,14.26,14.75,35.48
1630886400,F,43.07,47.50,60.69,40.17,15.52,14.95,35.18
1630886400,M,47.60,63.06,57.30,35.01,12.85,14.42,35.70
1630972800,A,45.39,63.19,66.96,43.36,16.76,15.93,40.36
1630972800,F,47.60,48.63,70.28,46.96,18.21,15.88,40.19
1630972800,M,43.27,75.89,63.98,39.75,15.12,16.02,40.34
1631059200,A,46.49,70.34,72.24,47.59,16.76,15.93,43.45
1631059200,F,49.87,56.55,70.81,52.62,16.87,17.75,42.70
1631059200,M,43.27,82.30,73.53,42.39,16.63,11.21,43.84
1631145600,A,50.92,72.54,78.79,51.27,17.11,15.34,46.36
1631145600,F,63.46,58.81,77.73,55.73,17.20,16.81,45.67
1631145600,M,38.95,83.37,79.74,46.60,17.01,11.21,46.59
1631232000,A,47.60,74.73,78.79,51.55,19.43,12.98,46.92
1631232000,F,61.20,59.94,77.20,54.03,21.59,14.95,46.04
1631232000,M,34.62,85.51,80.22,48.97,17.01,8.01,47.35
1631318400,A,42.06,77.48,81.05,51.55,20.50,11.80,47.53
1631318400,F,49.87,64.47,79.86,54.88,23.95,14.01,47.24
1631318400,M,34.62,86.58,82.13,48.18,16.63,6.41,47.35
1631404800,A,42.06,78.58,78.54,51.95,19.97,12.98,47.25
1631404800,F,49.87,65.60,77.20,55.16,23.27,14.95,46.87
1631404800,M,34.62,87.65,79.74,48.70,16.26,8.01,47.16
1631491200,A,50.92,82.98,79.04,53.05,20.68,15.34,48.84
1631491200,F,58.93,70.12,77.73,56.01,23.95,17.75,48.45
1631491200,M,43.27,91.92,80.22,50.02,17.01,9.61,48.77
1631577600,A,53.13,93.42,77.53,52.91,22.82,14.16,49.97
1631577600,F,65.73,88.22,76.66,55.45,25.64,16.81,50.21
1631577600,M,41.11,96.20,78.31,50.28,19.66,8.01,49.34
1631664000,A,57.56,96.17,79.04,50.32,22.10,13.57,49.55
1631664000,F,65.73,90.48,82.52,51.77,25.64,14.95,50.03
1631664000,M,49.76,97.26,75.44,48.97,18.15,11.21,48.58
1631750400,A,61.99,111.00,80.30,52.91,24.07,14.16,52.69
1631750400,F,61.20,106.31,78.79,54.32,26.98,15.88,51.79
1631750400,M,62.74,112.23,81.17,51.60,20.79,11.21,53.22
1631836800,A,69.74,128.04,81.31,50.18,21.03,14.16,52.92
1631836800,F,56.66,118.75,81.99,52.90,22.60,14.95,51.42
1631836800,M,82.22,134.67,80.22,47.65,19.28,12.82,54.17
1631923200,A,76.38,145.07,85.84,53.18,21.21,15.34,56.67
1631923200,F,68.00,136.85,85.71,55.73,21.59,16.81,54.86
1631923200,M,84.38,150.71,85.47,50.81,20.79,12.82,58.24
1632009600,A,80.81,148.92,87.60,52.91,20.32,15.93,57.23
1632009600,F,70.26,140.24,87.84,56.01,20.58,15.88,55.32
1632009600,M,90.87,154.98,86.90,50.02,20.04,16.02,58.90
1632096000,A,69.74,141.23,77.03,46.36,18.54,12.98,51.19
1632096000,F,58.93,133.46,76.66,48.09,18.55,12.14,48.82
1632096000,M,80.05,146.43,76.87,44.75,18.52,14.42,53.31
1632182400,A,57.56,127.49,68.97,41.32,14.26,12.39,45.09
1632182400,F,43.07,116.49,67.61,42.43,14.84,12.14,42.32
1632182400,M,71.40,135.74,69.71,40.28,13.61,12.82,47.63
1632268800,A,55.35,150.57,69.73,47.73,16.40,15.93,50.16
1632268800,F,47.60,137.98,70.81,50.64,18.55,16.81,49.01
1632268800,M,62.74,161.40,68.76,45.02,13.99,14.42,51.23
1632355200,A,53.13,160.46,71.49,52.23,17.29,19.47,53.30
1632355200,F,40.80,144.77,78.79,58.56,19.23,19.62,53.74
1632355200,M,64.91,171.02,64.94,46.33,15.12,19.22,52.46
1632441600,A,50.92,156.61,76.77,56.18,18.90,20.06,55.69
1632441600,F,45.33,150.42,82.52,64.22,19.23,19.62,56.90
1632441600,M,56.25,158.19,71.14,48.70,18.52,20.83,53.98
1632528000,A,48.71,154.41,73.25,57.41,18.90,23.01,55.41
1632528000,F,36.27,142.50,77.73,63.93,19.23,23.35,55.32
1632528000,M,60.58,160.33,68.76,51.07,18.52,22.43,54.83
