timestamp,gender,A00-A04,A05-A14,A15-A34,A35-A59,A60-A79,A80+,ALL
1583535600,A,0,0,0,0,1,0,1
1583535600,F,0,0,0,0,1,0,1
1583535600,M,0,0,0,0,0,0,0
1583794800,A,0,0,2,6,1,0,9
1583794800,F,0,0,0,2,1,0,3
1583794800,M,0,0,2,4,0,0,6
1583881200,A,0,0,0,1,0,0,1
1583881200,F,0,0,0,1,0,0,1
1583881200,M,0,0,0,0,0,0,0
1583967600,A,0,1,1,7,2,0,11
1583967600,F,0,1,1,2,1,0,5
1583967600,M,0,0,0,5,1,0,6
1584054000,A,0,0,4,3,3,0,10
1584054000,F,0,0,1,0,0,0,1
1584054000,M,0,0,3,3,3,0,9
1584140400,A,0,0,7,11,0,0,18
1584140400,F,0,0,5,1,0,0,6
1584140400,M,0,0,2,10,0,0,12
1584226800,A,0,0,0,1,0,0,1
1584226800,F,0,0,0,1,0,0,1
1584226800,M,0,0,0,0,0,0,0
1584313200,A,0,0,7,8,3,0,18
1584313200,F,0,0,2,6,2,0,10
1584313200,M,0,0,5,2,1,0,8
1584399600,A,0,2,9,16,4,0,31
1584399600,F,0,0,3,5,2,0,10
1584399600,M,0,2,6,11,2,0,21
1584486000,A,1,1,13,18,4,0,37
1584486000,F,1,0,5,6,2,0,14
1584486000,M,0,1,8,12,2,0,23
1584572400,A,0,0,16,32,4,2,54
1584572400,F,0,0,3,18,2,0,23
1584572400,M,0,0,13,14,2,2,31
1584658800,A,1,4,23,34,11,4,77
1584658800,F,0,2,10,14,6,1,33
1584658800,M,1,2,13,20,5,3,44
1584745200,A,1,0,9,18,6,3,37
1584745200,F,1,0,2,7,4,1,15
1584745200,M,0,0,7,11,2,2,22
1584831600,A,1,1,6,10,6,3,27
1584831600,F,0,0,3,6,2,0,11
1584831600,M,1,1,3,4,4,3,16
1584918000,A,1,1,13,27,9,1,52
1584918000,F,1,0,7,8,6,0,22
1584918000,M,0,1,6,19,3,1,30
1585004400,A,0,2,15,38,11,6,72
1585004400,F,0,1,9,23,2,2,37
1585004400,M,0,1,6,15,9,4,35
1585090800,A,1,1,22,33,13,9,79
1585090800,F,1,0,9,17,7,8,42
1585090800,M,0,1,13,16,6,1,37
1585177200,A,1,1,22,31,15,4,74
1585177200,F,0,1,13,17,9,3,43
1585177200,M,1,0,9,14,6,1,31
1585263600,A,0,0,11,32,18,12,73
1585263600,F,0,0,8,20,7,9,44
1585263600,M,0,0,3,12,11,3,29
1585350000,A,0,1,14,31,15,7,68
1585350000,F,0,0,5,16,9,4,34
1585350000,M,0,1,9,15,6,3,34
1585436400,A,0,0,5,9,5,1,20
1585436400,F,0,0,2,6,4,0,12
1585436400,M,0,0,3,3,1,1,8
1585519200,A,1,1,6,16,7,4,35
1585519200,F,0,1,4,9,6,3,23
1585519200,M,1,0,2,7,1,1,12
1585605600,A,1,0,7,43,23,5,79
1585605600,F,0,0,5,22,9,3,39
1585605600,M,1,0,2,21,14,2,40
1585692000,A,0,0,7,29,16,5,57
1585692000,F,0,0,4,18,6,2,30
1585692000,M,0,0,3,11,10,3,27
1585778400,A,1,2,11,43,19,7,83
1585778400,F,1,0,5,25,10,4,45
1585778400,M,0,2,6,18,9,3,38
1585864800,A,1,1,15,22,19,12,70
1585864800,F,0,1,10,10,10,8,39
1585864800,M,1,0,5,12,9,4,31
1585951200,A,0,2,5,19,18,4,48
1585951200,F,0,0,4,13,7,0,24
1585951200,M,0,2,1,6,11,4,24
1586037600,A,0,0,6,15,7,12,40
1586037600,F,0,0,3,14,1,5,23
1586037600,M,0,0,3,1,6,7,17
1586124000,A,0,0,5,11,11,1,28
1586124000,F,0,0,3,8,3,0,14
1586124000,M,0,0,2,3,8,1,14
1586210400,A,0,1,17,29,21,3,71
1586210400,F,0,1,9,16,8,1,35
1586210400,M,0,0,8,13,13,2,36
1586296800,A,0,1,13,37,8,7,66
1586296800,F,0,0,8,21,4,3,36
1586296800,M,0,1,5,16,4,4,30
1586383200,A,0,0,18,33,11,6,68
1586383200,F,0,0,10,17,7,4,38
1586383200,M,0,0,8,16,4,2,30
1586469600,A,1,0,4,9,7,5,26
1586469600,F,1,0,3,8,1,4,17
1586469600,M,0,0,1,1,6,1,9
1586556000,A,0,0,8,7,8,4,27
1586556000,F,0,0,4,5,2,4,15
1586556000,M,0,0,4,2,6,0,12
1586642400,A,0,0,5,13,6,8,32
1586642400,F,0,0,1,10,3,5,19
1586642400,M,0,0,4,3,3,3,13
1586728800,A,0,0,6,8,4,3,21
1586728800,F,0,0,5,6,2,1,14
1586728800,M,0,0,1,2,2,2,7
1586815200,A,0,0,10,10,13,12,45
1586815200,F,0,0,5,6,6,7,24
1586815200,M,0,0,5,4,7,5,21
1586901600,A,0,1,8,18,8,6,41
1586901600,F,0,1,5,9,3,4,22
1586901600,M,0,0,3,9,5,2,19
1586988000,A,0,2,24,30,13,12,81
1586988000,F,0,1,16,16,6,9,48
1586988000,M,0,1,8,14,7,3,33
1587074400,A,0,1,6,11,10,7,35
1587074400,F,0,1,5,5,4,7,22
1587074400,M,0,0,1,6,6,0,13
1587160800,A,0,3,9,16,7,12,47
1587160800,F,0,1,4,11,6,5,27
1587160800,M,0,2,5,5,1,7,20
1587247200,A,0,0,2,6,1,7,16
1587247200,F,0,0,2,4,0,6,12
1587247200,M,0,0,0,2,1,1,4
1587333600,A,0,1,6,7,16,8,38
1587333600,F,0,1,1,4,8,4,18
1587333600,M,0,0,5,3,8,4,20
1587420000,A,1,1,19,20,16,16,73
1587420000,F,1,0,10,14,12,12,49
1587420000,M,0,1,9,6,4,4,24
1587506400,A,0,0,6,26,17,7,56
1587506400,F,0,0,4,14,4,5,27
1587506400,M,0,0,2,12,13,2,29
1587592800,A,1,0,18,27,13,6,65
1587592800,F,1,0,8,18,4,3,34
1587592800,M,0,0,10,9,9,3,31
1587679200,A,0,1,11,18,8,8,46
1587679200,F,0,0,7,12,7,5,31
1587679200,M,0,1,4,6,1,3,15
1587765600,A,1,0,6,9,6,3,25
1587765600,F,1,0,3,5,1,3,13
1587765600,M,0,0,3,4,5,0,12
1587852000,A,0,0,2,10,4,5,21
1587852000,F,0,0,2,9,1,5,17
1587852000,M,0,0,0,1,3,0,4
1587938400,A,0,0,6,7,9,6,28
1587938400,F,0,0,2,5,3,4,14
1587938400,M,0,0,4,2,6,2,14
1588024800,A,0,1,8,25,16,27,77
1588024800,F,0,1,5,15,7,22,50
1588024800,M,0,0,3,10,9,5,27
1588111200,A,1,0,6,15,15,6,43
1588111200,F,0,0,3,6,10,5,24
1588111200,M,1,0,3,9,5,1,19
1588197600,A,0,0,10,23,14,13,60
1588197600,F,0,0,7,14,6,5,32
1588197600,M,0,0,3,9,8,8,28
1588284000,A,0,0,5,4,2,3,14
1588284000,F,0,0,1,3,0,2,6
1588284000,M,0,0,4,1,2,1,8
1588370400,A,0,0,4,7,5,5,21
1588370400,F,0,0,3,5,3,3,14
1588370400,M,0,0,1,2,2,2,7
1588456800,A,0,0,0,0,1,0,1
1588456800,F,0,0,0,0,0,0,0
1588456800,M,0,0,0,0,1,0,1
1588543200,A,0,1,4,8,6,11,30
1588543200,F,0,0,2,6,4,8,20
1588543200,M,0,1,2,2,2,3,10
1588629600,A,0,0,6,11,9,15,41
1588629600,F,0,0,3,8,6,12,29
1588629600,M,0,0,3,3,3,3,12
1588716000,A,0,0,12,11,10,12,45
1588716000,F,0,0,9,6,5,9,29
1588716000,M,0,0,3,5,5,3,16
1588802400,A,0,1,10,16,10,11,48
1588802400,F,0,0,7,8,5,5,25
1588802400,M,0,1,3,8,5,6,23
1588888800,A,0,0,6,11,6,3,26
1588888800,F,0,0,6,5,2,2,15
1588888800,M,0,0,0,6,4,1,11
1588975200,A,0,2,4,10,9,6,31
1588975200,F,0,2,0,4,4,5,15
1588975200,M,0,0,4,6,5,1,16
1589061600,A,0,0,2,2,3,1,8
1589061600,F,0,0,2,2,2,0,6
1589061600,M,0,0,0,0,1,1,2
1589148000,A,0,0,4,16,3,8,31
1589148000,F,0,0,2,8,1,7,18
1589148000,M,0,0,2,8,2,1,13
1589234400,A,0,1,6,12,4,5,28
1589234400,F,0,1,3,5,2,3,14
1589234400,M,0,0,3,7,2,2,14
1589320800,A,0,1,2,8,2,3,16
1589320800,F,0,1,0,7,1,2,11
1589320800,M,0,0,2,1,1,1,5
1589407200,A,0,0,4,13,5,4,26
1589407200,F,0,0,3,9,2,3,17
1589407200,M,0,0,1,4,3,1,9
1589493600,A,0,0,1,9,6,5,21
1589493600,F,0,0,1,5,3,2,11
1589493600,M,0,0,0,4,3,3,10
1589580000,A,0,3,3,7,6,5,24
1589580000,F,0,1,1,6,2,2,12
1589580000,M,0,2,2,1,4,3,12
1589666400,A,0,2,0,4,3,0,9
1589666400,F,0,1,0,4,2,0,7
1589666400,M,0,1,0,0,1,0,2
1589752800,A,0,0,0,6,4,1,11
1589752800,F,0,0,0,4,3,1,8
1589752800,M,0,0,0,2,1,0,3
1589839200,A,1,1,4,18,6,4,34
1589839200,F,0,0,4,12,4,2,22
1589839200,M,1,1,0,6,2,2,12
1589925600,A,0,0,3,12,3,3,21
1589925600,F,0,0,2,11,1,3,17
1589925600,M,0,0,1,1,2,0,4
1590012000,A,0,0,3,10,7,0,20
1590012000,F,0,0,1,8,5,0,14
1590012000,M,0,0,2,2,2,0,6
1590098400,A,0,0,3,8,3,4,18
1590098400,F,0,0,2,4,2,1,9
1590098400,M,0,0,1,4,1,3,9
1590184800,A,0,0,2,5,4,3,14
1590184800,F,0,0,2,4,1,2,9
1590184800,M,0,0,0,1,3,1,5
1590271200,A,0,0,0,9,2,0,11
1590271200,F,0,0,0,8,2,0,10
1590271200,M,0,0,0,1,0,0,1
1590357600,A,0,2,3,6,5,2,18
1590357600,F,0,1,1,3,2,0,7
1590357600,M,0,1,2,3,3,2,11
1590444000,A,0,1,7,10,11,7,36
1590444000,F,0,0,5,8,8,5,26
1590444000,M,0,1,2,2,3,2,10
1590530400,A,0,1,4,11,5,3,24
1590530400,F,0,1,3,5,2,3,14
1590530400,M,0,0,1,6,3,0,10
1590616800,A,0,1,2,10,8,15,36
1590616800,F,0,0,1,7,5,13,26
1590616800,M,0,1,1,3,3,2,10
1590703200,A,1,1,1,4,6,2,15
1590703200,F,0,0,1,2,5,2,10
1590703200,M,1,1,0,2,1,0,5
1590789600,A,0,1,1,3,2,6,13
1590789600,F,0,0,1,3,1,6,11
1590789600,M,0,1,0,0,1,0,2
1590876000,A,0,0,1,0,3,3,7
1590876000,F,0,0,0,0,2,1,3
1590876000,M,0,0,1,0,1,2,4
1590962400,A,0,0,0,2,0,0,2
1590962400,F,0,0,0,1,0,0,1
1590962400,M,0,0,0,1,0,0,1
1591048800,A,0,0,0,2,0,2,4
1591048800,F,0,0,0,1,0,2,3
1591048800,M,0,0,0,1,0,0,1
1591135200,A,0,0,5,12,2,1,20
1591135200,F,0,0,3,9,1,0,13
1591135200,M,0,0,2,3,1,1,7
1591221600,A,0,2,2,7,4,1,16
1591221600,F,0,2,2,3,2,0,9
1591221600,M,0,0,0,4,2,1,7
1591308000,A,1,4,3,7,2,3,20
1591308000,F,1,1,2,4,0,2,10
1591308000,M,0,3,1,3,2,1,10
1591394400,A,0,0,0,2,3,1,6
1591394400,F,0,0,0,2,2,1,5
1591394400,M,0,0,0,0,1,0,1
1591480800,A,0,0,1,3,2,0,6
1591480800,F,0,0,0,2,0,0,2
1591480800,M,0,0,1,1,2,0,4
1591567200,A,0,0,1,3,1,1,6
1591567200,F,0,0,0,3,0,1,4
1591567200,M,0,0,1,0,1,0,2
1591653600,A,0,1,3,5,2,1,12
1591653600,F,0,0,3,3,0,1,7
1591653600,M,0,1,0,2,2,0,5
1591740000,A,0,0,1,6,6,9,22
1591740000,F,0,0,1,4,2,7,14
1591740000,M,0,0,0,2,4,2,8
1591826400,A,1,1,2,6,4,5,19
1591826400,F,0,0,1,5,2,5,13
1591826400,M,1,1,1,1,2,0,6
1591912800,A,1,0,0,5,2,0,8
1591912800,F,1,0,0,4,1,0,6
1591912800,M,0,0,0,1,1,0,2
1591999200,A,0,0,2,3,2,4,11
1591999200,F,0,0,0,2,0,4,6
1591999200,M,0,0,2,1,2,0,5
1592085600,A,0,0,0,1,0,4,5
1592085600,F,0,0,0,1,0,3,4
1592085600,M,0,0,0,0,0,1,1
1592172000,A,0,0,1,1,0,0,2
1592172000,F,0,0,0,1,0,0,1
1592172000,M,0,0,1,0,0,0,1
1592258400,A,0,2,2,6,3,2,15
1592258400,F,0,0,1,3,0,2,6
1592258400,M,0,2,1,3,3,0,9
1592344800,A,0,0,0,1,3,2,6
1592344800,F,0,0,0,1,2,1,4
1592344800,M,0,0,0,0,1,1,2
1592431200,A,0,0,2,2,1,0,5
1592431200,F,0,0,0,2,0,0,2
1592431200,M,0,0,2,0,1,0,3
1592517600,A,0,0,0,4,2,0,6
1592517600,F,0,0,0,2,1,0,3
1592517600,M,0,0,0,2,1,0,3
1592604000,A,3,0,0,1,2,2,8
1592604000,F,2,0,0,1,2,1,6
1592604000,M,1,0,0,0,0,1,2
1592776800,A,0,0,2,1,0,2,5
1592776800,F,0,0,0,1,0,1,2
1592776800,M,0,0,2,0,0,1,3
1592863200,A,0,0,0,1,0,1,2
1592863200,F,0,0,0,1,0,1,2
1592863200,M,0,0,0,0,0,0,0
1592949600,A,1,0,1,0,0,1,3
1592949600,F,0,0,1,0,0,1,2
1592949600,M,1,0,0,0,0,0,1
1593036000,A,0,0,0,2,1,1,4
1593036000,F,0,0,0,0,0,1,1
1593036000,M,0,0,0,2,1,0,3
1593122400,A,0,0,0,1,2,2,5
1593122400,F,0,0,0,0,1,2,3
1593122400,M,0,0,0,1,1,0,2
1593381600,A,0,0,1,1,0,0,2
1593381600,F,0,0,1,1,0,0,2
1593381600,M,0,0,0,0,0,0,0
1593468000,A,0,2,0,1,2,0,5
1593468000,F,0,1,0,1,0,0,2
1593468000,M,0,1,0,0,2,0,3
1593554400,A,0,0,1,0,0,0,1
1593554400,F,0,0,1,0,0,0,1
1593554400,M,0,0,0,0,0,0,0
1593640800,A,0,0,3,5,1,1,10
1593640800,F,0,0,1,1,1,1,4
1593640800,M,0,0,2,4,0,0,6
1593813600,A,0,0,0,1,0,1,2
1593813600,F,0,0,0,1,0,0,1
1593813600,M,0,0,0,0,0,1,1
1593900000,A,0,0,0,0,2,0,2
1593900000,F,0,0,0,0,1,0,1
1593900000,M,0,0,0,0,1,0,1
1593986400,A,1,0,3,0,0,1,5
1593986400,F,1,0,1,0,0,1,3
1593986400,M,0,0,2,0,0,0,2
1594072800,A,0,1,2,0,3,1,7
1594072800,F,0,0,0,0,2,1,3
1594072800,M,0,1,2,0,1,0,4
1594159200,A,0,0,1,0,2,0,3
1594159200,F,0,0,1,0,0,0,1
1594159200,M,0,0,0,0,2,0,2
1594245600,A,0,0,0,0,2,0,2
1594245600,F,0,0,0,0,2,0,2
1594245600,M,0,0,0,0,0,0,0
1594332000,A,0,0,0,1,0,0,1
1594332000,F,0,0,0,0,0,0,0
1594332000,M,0,0,0,1,0,0,1
1594418400,A,0,0,2,0,0,1,3
1594418400,F,0,0,0,0,0,1,1
1594418400,M,0,0,2,0,0,0,2
1594504800,A,0,0,0,1,0,0,1
1594504800,F,0,0,0,0,0,0,0
1594504800,M,0,0,0,1,0,0,1
1594591200,A,0,0,0,1,2,0,3
1594591200,F,0,0,0,0,0,0,0
1594591200,M,0,0,0,1,2,0,3
1594677600,A,0,0,3,4,0,0,7
1594677600,F,0,0,1,1,0,0,2
1594677600,M,0,0,2,3,0,0,5
1594764000,A,1,0,3,3,1,1,9
1594764000,F,1,0,1,1,0,0,3
1594764000,M,0,0,2,2,1,1,6
1594850400,A,0,0,2,3,0,0,5
1594850400,F,0,0,1,2,0,0,3
1594850400,M,0,0,1,1,0,0,2
1594936800,A,0,0,2,1,0,0,3
1594936800,F,0,0,2,0,0,0,2
1594936800,M,0,0,0,1,0,0,1
1595023200,A,0,0,0,1,0,0,1
1595023200,F,0,0,0,0,0,0,0
1595023200,M,0,0,0,1,0,0,1
1595109600,A,0,0,1,0,0,0,1
1595109600,F,0,0,1,0,0,0,1
1595109600,M,0,0,0,0,0,0,0
1595196000,A,0,0,0,0,1,1,2
1595196000,F,0,0,0,0,0,1,1
1595196000,M,0,0,0,0,1,0,1
1595282400,A,0,0,0,1,0,0,1
1595282400,F,0,0,0,1,0,0,1
1595282400,M,0,0,0,0,0,0,0
1595368800,A,0,0,1,0,0,0,1
1595368800,F,0,0,0,0,0,0,0
1595368800,M,0,0,1,0,0,0,1
1595455200,A,1,4,2,2,1,2,12
1595455200,F,0,2,1,1,0,1,5
1595455200,M,1,2,1,1,1,1,7
1595541600,A,0,0,0,2,0,0,2
1595541600,F,0,0,0,2,0,0,2
1595541600,M,0,0,0,0,0,0,0
1595628000,A,0,3,2,1,0,0,6
1595628000,F,0,2,1,0,0,0,3
1595628000,M,0,1,1,1,0,0,3
1595714400,A,0,0,1,0,0,0,1
1595714400,F,0,0,0,0,0,0,0
1595714400,M,0,0,1,0,0,0,1
1595800800,A,0,1,0,3,0,0,4
1595800800,F,0,1,0,1,0,0,2
1595800800,M,0,0,0,2,0,0,2
1595887200,A,0,0,4,1,0,1,6
1595887200,F,0,0,1,0,0,1,2
1595887200,M,0,0,3,1,0,0,4
1595973600,A,0,0,0,2,1,0,3
1595973600,F,0,0,0,1,0,0,1
1595973600,M,0,0,0,1,1,0,2
1596060000,A,0,0,1,2,2,1,6
1596060000,F,0,0,1,1,0,1,3
1596060000,M,0,0,0,1,2,0,3
1596146400,A,0,1,0,1,3,1,6
1596146400,F,0,1,0,1,1,1,4
1596146400,M,0,0,0,0,2,0,2
1596232800,A,0,0,1,0,0,2,3
1596232800,F,0,0,1,0,0,2,3
1596232800,M,0,0,0,0,0,0,0
1596319200,A,0,0,0,1,0,0,1
1596319200,F,0,0,0,1,0,0,1
1596319200,M,0,0,0,0,0,0,0
1596405600,A,0,1,7,2,0,0,10
1596405600,F,0,1,1,2,0,0,4
1596405600,M,0,0,6,0,0,0,6
1596492000,A,0,0,3,0,1,1,5
1596492000,F,0,0,2,0,0,1,3
1596492000,M,0,0,1,0,1,0,2
1596578400,A,1,0,3,2,3,1,10
1596578400,F,0,0,1,0,1,1,3
1596578400,M,1,0,2,2,2,0,7
1596664800,A,1,1,5,5,0,2,14
1596664800,F,1,0,2,2,0,1,6
1596664800,M,0,1,3,3,0,1,8
1596751200,A,2,0,4,4,0,0,10
1596751200,F,2,0,3,3,0,0,8
1596751200,M,0,0,1,1,0,0,2
1596837600,A,0,0,2,0,0,0,2
1596837600,F,0,0,1,0,0,0,1
1596837600,M,0,0,1,0,0,0,1
1596924000,A,0,0,1,0,0,0,1
1596924000,F,0,0,1,0,0,0,1
1596924000,M,0,0,0,0,0,0,0
1597010400,A,1,0,2,5,1,4,13
1597010400,F,0,0,1,2,0,1,4
1597010400,M,1,0,1,3,1,3,9
1597096800,A,0,1,6,7,0,0,14
1597096800,F,0,0,1,1,0,0,2
1597096800,M,0,1,5,6,0,0,12
1597183200,A,0,0,11,6,2,0,19
1597183200,F,0,0,6,4,1,0,11
1597183200,M,0,0,5,2,1,0,8
1597269600,A,0,0,8,1,1,1,11
1597269600,F,0,0,5,1,0,0,6
1597269600,M,0,0,3,0,1,1,5
1597356000,A,0,3,4,4,0,0,11
1597356000,F,0,0,2,2,0,0,4
1597356000,M,0,3,2,2,0,0,7
1597442400,A,0,0,1,0,0,0,1
1597442400,F,0,0,0,0,0,0,0
1597442400,M,0,0,1,0,0,0,1
1597528800,A,0,0,1,1,0,0,2
1597528800,F,0,0,0,0,0,0,0
1597528800,M,0,0,1,1,0,0,2
1597615200,A,0,1,1,2,0,1,5
1597615200,F,0,1,1,2,0,1,5
1597615200,M,0,0,0,0,0,0,0
1597701600,A,1,1,2,8,1,0,13
1597701600,F,0,0,0,4,0,0,4
1597701600,M,1,1,2,4,1,0,9
1597788000,A,0,0,4,1,1,0,6
1597788000,F,0,0,0,1,1,0,2
1597788000,M,0,0,4,0,0,0,4
1597874400,A,0,2,6,3,1,1,13
1597874400,F,0,1,2,0,1,1,5
1597874400,M,0,1,4,3,0,0,8
1597960800,A,1,2,4,2,0,0,9
1597960800,F,1,1,3,1,0,0,6
1597960800,M,0,1,1,1,0,0,3
1598047200,A,0,0,1,4,1,1,7
1598047200,F,0,0,0,3,1,0,4
1598047200,M,0,0,1,1,0,1,3
1598133600,A,0,2,0,1,1,0,4
1598133600,F,0,2,0,0,0,0,2
1598133600,M,0,0,0,1,1,0,2
1598220000,A,0,3,4,2,0,1,10
1598220000,F,0,1,2,1,0,0,4
1598220000,M,0,2,2,1,0,1,6
1598306400,A,1,2,2,3,1,0,9
1598306400,F,0,1,1,2,0,0,4
1598306400,M,1,1,1,1,1,0,5
1598392800,A,0,0,2,4,2,0,8
1598392800,F,0,0,2,1,0,0,3
1598392800,M,0,0,0,3,2,0,5
1598479200,A,0,3,8,3,0,0,14
1598479200,F,0,1,3,1,0,0,5
1598479200,M,0,2,5,2,0,0,9
1598565600,A,1,4,12,4,1,0,22
1598565600,F,0,3,7,3,0,0,13
1598565600,M,1,1,5,1,1,0,9
1598652000,A,0,1,4,3,1,0,9
1598652000,F,0,1,2,1,0,0,4
1598652000,M,0,0,2,2,1,0,5
1598824800,A,0,1,1,3,0,0,5
1598824800,F,0,0,0,2,0,0,2
1598824800,M,0,1,1,1,0,0,3
1598911200,A,0,1,6,2,0,1,10
1598911200,F,0,1,2,2,0,0,5
1598911200,M,0,0,4,0,0,1,5
1598997600,A,0,2,5,4,0,0,11
1598997600,F,0,2,3,2,0,0,7
1598997600,M,0,0,2,2,0,0,4
1599084000,A,0,2,5,2,3,0,12
1599084000,F,0,1,2,1,1,0,5
1599084000,M,0,1,3,1,2,0,7
1599170400,A,0,1,10,6,2,0,19
1599170400,F,0,0,6,4,0,0,10
1599170400,M,0,1,4,2,2,0,9
1599256800,A,0,1,1,2,0,0,4
1599256800,F,0,1,0,1,0,0,2
1599256800,M,0,0,1,1,0,0,2
1599343200,A,0,0,2,2,1,2,7
1599343200,F,0,0,0,1,0,2,3
1599343200,M,0,0,2,1,1,0,4
1599429600,A,0,0,3,0,0,0,3
1599429600,F,0,0,1,0,0,0,1
1599429600,M,0,0,2,0,0,0,2
1599516000,A,0,0,5,4,1,0,10
1599516000,F,0,0,2,1,0,0,3
1599516000,M,0,0,3,3,1,0,7
1599602400,A,0,3,7,1,6,2,19
1599602400,F,0,3,5,0,4,2,14
1599602400,M,0,0,2,1,2,0,5
1599688800,A,0,1,7,7,4,0,19
1599688800,F,0,0,2,4,3,0,9
1599688800,M,0,1,5,3,1,0,10
1599775200,A,0,0,5,6,11,2,24
1599775200,F,0,0,2,4,9,1,16
1599775200,M,0,0,3,2,2,1,8
1599861600,A,2,0,5,8,6,2,23
1599861600,F,1,0,4,6,4,1,16
1599861600,M,1,0,1,2,2,1,7
1599948000,A,0,0,1,1,7,4,13
1599948000,F,0,0,0,1,5,4,10
1599948000,M,0,0,1,0,2,0,3
1600034400,A,0,1,5,5,6,0,17
1600034400,F,0,1,1,1,5,0,8
1600034400,M,0,0,4,4,1,0,9
1600120800,A,0,0,3,11,7,5,26
1600120800,F,0,0,2,5,5,3,15
1600120800,M,0,0,1,6,2,2,11
1600207200,A,0,2,3,10,4,6,25
1600207200,F,0,1,2,8,2,4,17
1600207200,M,0,1,1,2,2,2,8
1600293600,A,0,0,11,11,3,1,26
1600293600,F,0,0,6,5,1,0,12
1600293600,M,0,0,5,6,2,1,14
1600380000,A,0,1,8,12,6,4,31
1600380000,F,0,0,4,4,5,3,16
1600380000,M,0,1,4,8,1,1,15
1600466400,A,0,0,0,4,3,0,7
1600466400,F,0,0,0,3,2,0,5
1600466400,M,0,0,0,1,1,0,2
1600552800,A,0,0,1,2,2,1,6
1600552800,F,0,0,0,1,2,1,4
1600552800,M,0,0,1,1,0,0,2
1600639200,A,0,4,11,5,5,2,27
1600639200,F,0,2,5,1,2,1,11
1600639200,M,0,2,6,4,3,1,16
1600725600,A,0,0,4,8,3,1,16
1600725600,F,0,0,2,5,1,1,9
1600725600,M,0,0,2,3,2,0,7
1600812000,A,0,1,2,10,6,2,21
1600812000,F,0,1,1,8,5,2,17
1600812000,M,0,0,1,2,1,0,4
1600898400,A,0,3,6,9,3,0,21
1600898400,F,0,2,3,4,3,0,12
1600898400,M,0,1,3,5,0,0,9
1600984800,A,0,1,6,5,6,0,18
1600984800,F,0,0,2,4,2,0,8
1600984800,M,0,1,4,1,4,0,10
1601071200,A,0,0,2,2,1,2,7
1601071200,F,0,0,0,1,1,1,3
1601071200,M,0,0,2,1,0,1,4
1601157600,A,0,0,0,0,2,1,3
1601157600,F,0,0,0,0,0,1,1
1601157600,M,0,0,0,0,2,0,2
1601244000,A,0,2,3,3,0,0,8
1601244000,F,0,2,2,0,0,0,4
1601244000,M,0,0,1,3,0,0,4
1601330400,A,0,3,6,4,0,2,15
1601330400,F,0,1,4,1,0,1,7
1601330400,M,0,2,2,3,0,1,8
1601416800,A,1,1,6,8,8,6,30
1601416800,F,1,0,2,4,6,3,16
1601416800,M,0,1,4,4,2,3,14
1601503200,A,1,1,9,12,3,3,29
1601503200,F,1,1,6,4,3,1,16
1601503200,M,0,0,3,8,0,2,13
1601589600,A,0,1,6,11,10,2,30
1601589600,F,0,1,2,5,7,1,16
1601589600,M,0,0,4,6,3,1,14
1601676000,A,0,3,6,13,8,6,36
1601676000,F,0,2,3,9,3,4,21
1601676000,M,0,1,3,4,5,2,15
1601762400,A,0,0,3,3,1,0,7
1601762400,F,0,0,1,0,1,0,2
1601762400,M,0,0,2,3,0,0,5
1601848800,A,0,0,3,2,4,1,10
1601848800,F,0,0,2,1,1,1,5
1601848800,M,0,0,1,1,3,0,5
1601935200,A,0,0,5,5,6,2,18
1601935200,F,0,0,1,3,3,1,8
1601935200,M,0,0,4,2,3,1,10
1602021600,A,1,4,11,16,10,2,44
1602021600,F,1,2,7,10,6,1,27
1602021600,M,0,2,4,6,4,1,17
1602108000,A,0,4,12,15,18,0,49
1602108000,F,0,1,5,7,6,0,19
1602108000,M,0,3,7,8,12,0,30
1602194400,A,1,3,11,16,24,5,60
1602194400,F,1,1,6,5,14,4,31
1602194400,M,0,2,5,11,10,1,29
1602280800,A,0,2,10,18,13,10,53
1602280800,F,0,2,7,11,11,6,37
1602280800,M,0,0,3,7,2,4,16
1602367200,A,0,0,1,4,2,0,7
1602367200,F,0,0,1,3,2,0,6
1602367200,M,0,0,0,1,0,0,1
1602453600,A,1,0,16,23,14,3,57
1602453600,F,0,0,8,8,8,2,26
1602453600,M,1,0,8,15,6,1,31
1602540000,A,0,0,16,21,17,6,60
1602540000,F,0,0,4,13,6,4,27
1602540000,M,0,0,12,8,11,2,33
1602626400,A,0,2,22,28,21,5,78
1602626400,F,0,0,14,18,11,3,46
1602626400,M,0,2,8,10,10,2,32
1602712800,A,0,1,16,32,21,4,74
1602712800,F,0,0,9,18,11,1,39
1602712800,M,0,1,7,14,10,3,35
1602799200,A,1,8,34,51,22,8,124
1602799200,F,1,5,17,26,9,5,63
1602799200,M,0,3,17,25,13,3,61
1602885600,A,1,2,16,25,20,5,69
1602885600,F,1,1,8,15,9,2,36
1602885600,M,0,1,8,10,11,3,33
1602972000,A,0,0,17,3,8,4,32
1602972000,F,0,0,6,1,2,2,11
1602972000,M,0,0,11,2,6,2,21
1603058400,A,1,5,17,19,15,7,64
1603058400,F,0,4,10,8,8,4,34
1603058400,M,1,1,7,11,7,3,30
1603144800,A,1,4,29,41,24,19,118
1603144800,F,0,3,9,22,11,11,56
1603144800,M,1,1,20,19,13,8,62
1603231200,A,1,8,44,63,38,9,163
1603231200,F,1,4,20,28,26,8,87
1603231200,M,0,4,24,35,12,1,76
1603317600,A,1,7,51,60,32,13,164
1603317600,F,0,3,30,28,22,8,91
1603317600,M,1,4,21,32,10,5,73
1603404000,A,5,7,43,78,47,18,198
1603404000,F,3,3,25,36,28,12,107
1603404000,M,2,4,18,42,19,6,91
1603490400,A,8,20,50,52,30,46,206
1603490400,F,5,11,25,30,16,33,120
1603490400,M,3,9,25,22,14,13,86
1603576800,A,0,2,16,26,18,9,71
1603576800,F,0,1,9,18,15,7,50
1603576800,M,0,1,7,8,3,2,21
1603666800,A,3,4,31,39,15,5,97
1603666800,F,2,4,10,19,7,3,45
1603666800,M,1,0,21,20,8,2,52
1603753200,A,3,8,56,83,56,51,257
1603753200,F,2,4,21,44,29,37,137
1603753200,M,1,4,35,39,27,14,120
1603839600,A,3,5,60,97,40,20,225
1603839600,F,1,1,31,68,21,11,133
1603839600,M,2,4,29,29,19,9,92
1603926000,A,1,10,37,109,57,15,229
1603926000,F,0,5,13,59,33,11,121
1603926000,M,1,5,24,50,24,4,108
1604012400,A,7,15,79,135,56,41,333
1604012400,F,4,5,48,69,38,23,187
1604012400,M,3,10,31,66,18,18,146
1604098800,A,3,4,38,77,37,10,169
1604098800,F,3,1,20,34,15,7,80
1604098800,M,0,3,18,43,22,3,89
1604185200,A,2,1,12,25,14,8,62
1604185200,F,0,0,6,10,5,4,25
1604185200,M,2,1,6,15,9,4,37
1604271600,A,5,10,55,74,37,24,205
1604271600,F,3,7,33,39,19,17,118
1604271600,M,2,3,22,35,18,7,87
1604358000,A,10,16,67,112,52,26,283
1604358000,F,5,8,37,49,27,14,140
1604358000,M,5,8,30,63,25,12,143
1604444400,A,5,17,73,145,69,24,333
1604444400,F,2,7,43,82,34,16,184
1604444400,M,3,10,30,63,35,8,149
1604530800,A,5,21,72,126,53,27,304
1604530800,F,4,12,38,71,25,15,165
1604530800,M,1,9,34,55,28,12,139
1604617200,A,5,20,70,117,69,22,303
1604617200,F,3,10,33,70,39,16,171
1604617200,M,2,10,37,47,30,6,132
1604703600,A,3,16,63,83,39,30,234
1604703600,F,0,9,30,41,19,21,120
1604703600,M,3,7,33,42,20,9,114
1604790000,A,1,3,23,42,12,17,98
1604790000,F,1,2,13,26,6,9,57
1604790000,M,0,1,10,16,6,8,41
1604876400,A,1,9,64,82,39,13,208
1604876400,F,1,2,27,50,21,9,110
1604876400,M,0,7,37,32,18,4,98
1604962800,A,6,24,73,118,49,29,299
1604962800,F,4,9,43,73,34,17,180
1604962800,M,2,15,30,45,15,12,119
1605049200,A,6,18,79,126,80,47,356
1605049200,F,3,6,38,74,39,34,194
1605049200,M,3,12,41,52,41,13,162
1605135600,A,8,31,85,151,77,53,405
1605135600,F,3,14,52,98,43,41,251
1605135600,M,5,17,33,53,34,12,154
1605222000,A,10,24,75,158,81,35,383
1605222000,F,7,10,48,95,44,21,225
1605222000,M,3,14,27,63,37,14,158
1605308400,A,5,10,54,96,43,40,248
1605308400,F,2,5,24,49,22,31,133
1605308400,M,3,5,30,47,21,9,115
1605394800,A,0,10,35,38,26,12,121
1605394800,F,0,6,21,21,16,6,70
1605394800,M,0,4,14,17,10,6,51
1605481200,A,3,18,50,80,45,43,239
1605481200,F,0,6,33,50,30,28,147
1605481200,M,3,12,17,30,15,15,92
1605567600,A,7,30,70,189,86,51,433
1605567600,F,2,16,36,103,49,33,239
1605567600,M,5,14,34,86,37,18,194
1605654000,A,8,31,87,156,74,63,419
1605654000,F,4,19,45,91,40,47,246
1605654000,M,4,12,42,65,34,16,173
1605740400,A,7,29,99,186,85,68,474
1605740400,F,3,13,57,125,38,47,283
1605740400,M,4,16,42,61,47,21,191
1605826800,A,12,43,126,225,133,111,650
1605826800,F,5,26,67,134,78,82,392
1605826800,M,7,17,59,91,55,29,258
1605913200,A,8,33,119,178,88,49,475
1605913200,F,4,15,62,85,36,38,240
1605913200,M,4,18,57,93,52,11,235
1605999600,A,4,19,42,80,35,12,192
1605999600,F,2,9,24,50,14,11,110
1605999600,M,2,10,18,30,21,1,82
1606086000,A,2,37,57,138,84,57,375
1606086000,F,1,23,35,85,43,43,230
1606086000,M,1,14,22,53,41,14,145
1606172400,A,5,28,119,253,101,76,582
1606172400,F,1,14,71,149,50,46,331
1606172400,M,4,14,48,104,51,30,251
1606258800,A,13,47,128,206,86,67,547
1606258800,F,6,23,59,128,52,52,320
1606258800,M,7,24,69,78,34,15,227
1606345200,A,5,61,145,202,113,52,578
1606345200,F,3,28,82,108,56,34,311
1606345200,M,2,33,63,94,57,18,267
1606431600,A,8,41,118,199,81,64,511
1606431600,F,4,15,71,104,44,45,283
1606431600,M,4,26,47,95,37,19,228
1606518000,A,5,34,73,159,65,34,370
1606518000,F,2,15,32,89,38,24,200
1606518000,M,3,19,41,70,27,10,170
1606604400,A,6,19,42,106,34,41,248
1606604400,F,3,6,20,50,19,26,124
1606604400,M,3,13,22,56,15,15,124
1606690800,A,4,24,66,143,60,55,352
1606690800,F,4,14,33,87,28,34,200
1606690800,M,0,10,33,56,32,21,152
1606777200,A,3,35,114,214,100,42,508
1606777200,F,2,18,67,123,58,25,293
1606777200,M,1,17,47,91,42,17,215
1606863600,A,11,67,151,281,117,100,727
1606863600,F,5,29,89,170,64,69,426
1606863600,M,6,38,62,111,53,31,301
1606950000,A,17,68,186,366,168,81,886
1606950000,F,6,34,108,215,82,53,498
1606950000,M,11,34,78,151,86,28,388
1607036400,A,5,47,136,299,114,93,694
1607036400,F,2,29,75,168,62,62,398
1607036400,M,3,18,61,131,52,31,296
1607122800,A,7,44,75,164,65,58,413
1607122800,F,3,26,46,95,34,39,243
1607122800,M,4,18,29,69,31,19,170
1607209200,A,12,28,65,136,73,80,394
1607209200,F,6,14,41,83,39,52,235
1607209200,M,6,14,24,53,34,28,159
1607295600,A,5,20,92,196,73,50,436
1607295600,F,3,9,53,112,36,33,246
1607295600,M,2,11,39,84,37,17,190
1607382000,A,9,42,134,306,138,87,716
1607382000,F,4,26,71,167,78,54,400
1607382000,M,5,16,63,139,60,33,316
1607468400,A,11,46,175,372,169,92,865
1607468400,F,4,24,82,209,91,66,476
1607468400,M,7,22,93,163,78,26,389
1607554800,A,13,52,237,457,188,116,1063
1607554800,F,6,25,119,279,107,73,609
1607554800,M,7,27,118,178,81,43,454
1607641200,A,13,71,201,400,187,162,1034
1607641200,F,6,36,113,240,87,107,589
1607641200,M,7,35,88,160,100,55,445
1607727600,A,15,44,188,331,155,113,846
1607727600,F,6,26,107,210,80,71,500
1607727600,M,9,18,81,121,75,42,346
1607814000,A,5,27,77,147,76,33,365
1607814000,F,3,14,36,95,42,20,210
1607814000,M,2,13,41,52,34,13,155
1607900400,A,6,35,141,282,151,122,737
1607900400,F,2,14,79,158,73,85,411
1607900400,M,4,21,62,124,78,37,326
1607986800,A,7,29,185,408,160,97,886
1607986800,F,4,17,102,243,78,62,506
1607986800,M,3,12,83,165,82,35,380
1608073200,A,18,47,232,486,243,147,1173
1608073200,F,9,24,128,286,137,102,686
1608073200,M,9,23,103,200,106,45,486
1608159600,A,18,62,236,494,247,174,1231
1608159600,F,8,31,127,298,130,110,704
1608159600,M,10,31,108,196,117,64,526
1608246000,A,18,56,226,496,263,183,1242
1608246000,F,9,34,133,315,138,130,759
1608246000,M,9,22,93,181,125,53,483
1608332400,A,17,40,143,363,185,112,860
1608332400,F,8,22,82,206,112,63,493
1608332400,M,9,18,61,157,73,49,367
1608418800,A,2,10,65,138,87,93,395
1608418800,F,1,4,38,72,51,64,230
1608418800,M,1,6,27,66,36,29,165
1608505200,A,8,29,151,377,170,131,866
1608505200,F,3,9,88,230,79,78,487
1608505200,M,5,20,63,147,91,53,379
1608591600,A,11,49,278,571,286,191,1386
1608591600,F,5,27,158,329,145,121,785
1608591600,M,6,22,120,242,141,70,601
1608678000,A,17,52,300,666,330,195,1560
1608678000,F,10,22,167,394,177,137,907
1608678000,M,7,30,133,272,153,58,653
1608764400,A,10,33,179,420,199,149,990
1608764400,F,5,12,97,249,106,105,574
1608764400,M,5,21,82,171,93,44,416
1608850800,A,5,28,152,305,191,156,837
1608850800,F,3,8,85,182,98,100,476
1608850800,M,2,20,67,123,93,56,361
1608937200,A,2,8,59,160,103,62,394
1608937200,F,1,4,29,102,50,37,223
1608937200,M,1,4,30,58,53,25,171
1609023600,A,1,0,52,91,62,62,268
1609023600,F,1,0,29,58,30,34,152
1609023600,M,0,0,22,33,32,28,115
1609110000,A,3,11,107,267,139,96,623
1609110000,F,2,6,62,165,68,64,367
1609110000,M,1,5,45,102,71,32,256
1609196400,A,11,23,190,504,252,149,1129
1609196400,F,6,9,105,286,115,102,623
1609196400,M,5,14,85,218,137,47,506
1609282800,A,12,44,266,639,360,249,1570
1609282800,F,7,18,149,362,187,172,895
1609282800,M,5,26,117,277,173,77,675
1609369200,A,13,27,198,376,209,108,931
1609369200,F,4,17,112,206,120,69,528
1609369200,M,9,10,86,170,89,39,403
1609455600,A,6,20,111,226,91,107,561
1609455600,F,1,7,63,149,54,74,348
1609455600,M,5,13,48,77,37,33,213
1609542000,A,4,8,70,149,91,87,409
1609542000,F,3,2,38,90,48,48,229
1609542000,M,1,6,32,59,43,39,180
1609628400,A,2,6,51,97,63,64,283
1609628400,F,2,2,26,64,30,48,172
1609628400,M,0,4,25,33,33,16,111
1609714800,A,4,8,120,227,99,75,533
1609714800,F,1,5,54,148,51,44,303
1609714800,M,3,3,66,79,48,31,230
1609801200,A,12,31,273,497,287,180,1280
1609801200,F,6,12,166,297,144,121,746
1609801200,M,6,19,107,199,143,59,533
1609887600,A,15,42,315,539,291,186,1388
1609887600,F,7,18,164,311,158,115,773
1609887600,M,8,24,151,228,133,71,615
1609974000,A,14,30,319,569,293,231,1456
1609974000,F,7,17,166,308,146,167,811
1609974000,M,6,13,153,260,147,64,643
1610060400,A,12,37,274,527,278,207,1335
1610060400,F,5,21,136,318,148,136,764
1610060400,M,7,16,138,209,130,71,571
1610146800,A,8,21,119,205,123,110,586
1610146800,F,4,14,65,115,60,74,332
1610146800,M,4,7,54,90,63,36,254
1610233200,A,2,10,75,119,78,40,324
1610233200,F,1,5,46,72,42,27,193
1610233200,M,1,5,29,47,36,13,131
1610319600,A,7,17,176,297,178,146,821
1610319600,F,2,9,85,167,96,92,451
1610319600,M,5,8,91,130,82,54,370
1610406000,A,20,40,251,490,229,135,1165
1610406000,F,14,23,134,285,120,89,665
1610406000,M,6,17,117,205,109,46,500
1610492400,A,12,41,268,487,221,182,1211
1610492400,F,9,25,147,275,118,137,711
1610492400,M,3,16,121,212,103,45,500
1610578800,A,14,27,208,371,212,149,981
1610578800,F,4,16,120,202,111,97,550
1610578800,M,10,11,88,169,101,52,431
1610665200,A,12,28,184,345,177,171,917
1610665200,F,7,13,97,199,87,121,524
1610665200,M,5,15,86,146,90,50,392
1610751600,A,15,23,119,269,125,98,649
1610751600,F,9,10,71,161,68,62,381
1610751600,M,6,13,48,108,57,36,268
1610838000,A,3,7,39,98,60,60,267
1610838000,F,2,3,28,59,39,41,172
1610838000,M,1,4,11,39,21,19,95
1610924400,A,12,22,73,172,100,95,474
1610924400,F,3,10,39,110,58,69,289
1610924400,M,9,12,34,62,42,26,185
1611010800,A,12,16,179,359,186,139,891
1611010800,F,6,5,95,199,94,99,498
1611010800,M,6,11,84,160,92,40,393
1611097200,A,11,26,182,381,190,115,905
1611097200,F,8,12,102,232,111,81,546
1611097200,M,3,14,80,149,79,34,359
1611183600,A,20,28,109,310,150,148,765
1611183600,F,12,15,68,171,79,104,449
1611183600,M,8,13,41,139,71,44,316
1611270000,A,5,30,132,264,132,107,670
1611270000,F,3,17,72,149,71,76,388
1611270000,M,2,13,60,115,61,31,282
1611356400,A,15,15,102,178,98,80,488
1611356400,F,7,9,54,105,56,55,286
1611356400,M,8,6,48,73,42,25,202
1611442800,A,2,3,39,97,51,34,226
1611442800,F,1,1,19,54,27,24,126
1611442800,M,1,2,20,43,24,10,100
1611529200,A,2,9,69,117,60,63,320
1611529200,F,1,5,40,65,33,31,175
1611529200,M,1,4,29,52,27,32,145
1611615600,A,13,16,130,315,130,100,704
1611615600,F,3,8,68,183,70,65,397
1611615600,M,10,8,62,132,60,35,307
1611702000,A,11,17,134,298,134,113,707
1611702000,F,3,8,66,162,71,72,382
1611702000,M,8,9,68,136,63,41,325
1611788400,A,12,40,118,281,133,95,679
1611788400,F,8,19,58,164,69,70,388
1611788400,M,4,21,60,117,64,25,291
1611874800,A,5,17,109,211,99,79,520
1611874800,F,1,8,54,116,56,53,288
1611874800,M,4,9,55,95,43,26,232
1611961200,A,3,13,84,162,76,41,379
1611961200,F,2,9,40,84,37,29,201
1611961200,M,1,4,44,78,39,12,178
1612047600,A,5,7,32,54,38,20,156
1612047600,F,3,4,20,26,18,12,83
1612047600,M,2,3,12,28,20,8,73
1612134000,A,3,14,52,102,63,58,292
1612134000,F,2,6,27,60,32,33,160
1612134000,M,1,8,25,42,31,25,132
1612220400,A,11,19,111,288,129,64,622
1612220400,F,3,13,71,158,62,38,345
1612220400,M,8,6,40,130,67,26,277
1612306800,A,10,30,122,294,147,78,681
1612306800,F,6,14,57,165,70,51,363
1612306800,M,4,16,65,129,77,27,318
1612393200,A,12,16,144,214,114,71,571
1612393200,F,6,10,77,123,52,43,311
1612393200,M,6,6,67,91,62,28,260
1612479600,A,11,23,74,189,120,66,483
1612479600,F,4,12,29,111,58,33,247
1612479600,M,7,11,45,78,62,33,236
1612566000,A,4,21,59,120,66,43,313
1612566000,F,2,12,31,63,28,26,162
1612566000,M,2,9,28,57,38,17,151
1612652400,A,4,4,25,35,22,11,101
1612652400,F,2,1,9,17,13,8,50
1612652400,M,2,3,16,18,9,3,51
1612738800,A,5,7,46,100,50,32,240
1612738800,F,1,2,25,50,22,21,121
1612738800,M,4,5,21,50,28,11,119
1612825200,A,1,8,52,109,56,44,270
1612825200,F,1,4,32,61,27,29,154
1612825200,M,0,4,20,48,29,15,116
1612911600,A,1,18,61,139,77,37,333
1612911600,F,0,11,32,75,41,23,182
1612911600,M,1,7,29,64,36,14,151
1612998000,A,7,22,135,220,92,63,539
1612998000,F,3,13,72,108,47,40,283
1612998000,M,4,9,63,112,44,23,255
1613084400,A,8,17,93,181,73,56,428
1613084400,F,6,7,51,94,26,40,224
1613084400,M,2,10,42,87,47,16,204
1613170800,A,5,12,59,105,60,38,279
1613170800,F,3,7,26,58,27,20,141
1613170800,M,2,5,33,47,33,18,138
1613257200,A,4,12,30,54,33,17,150
1613257200,F,1,8,13,28,17,12,79
1613257200,M,3,4,17,26,16,5,71
1613343600,A,4,8,48,88,65,49,262
1613343600,F,2,6,24,46,37,35,150
1613343600,M,2,2,24,42,28,14,112
1613430000,A,10,16,93,211,119,63,512
1613430000,F,3,10,54,123,56,36,282
1613430000,M,7,6,39,88,63,27,230
1613516400,A,12,14,113,208,127,89,563
1613516400,F,8,5,62,122,65,62,324
1613516400,M,4,9,51,86,62,27,239
1613602800,A,12,23,98,201,109,56,499
1613602800,F,5,14,52,94,51,34,250
1613602800,M,7,9,46,107,58,22,249
1613689200,A,5,22,93,170,76,59,425
1613689200,F,2,9,47,87,38,43,226
1613689200,M,3,13,46,83,38,16,199
1613775600,A,10,11,87,129,52,40,329
1613775600,F,5,5,42,64,29,25,170
1613775600,M,5,6,45,65,23,15,159
1613862000,A,1,2,33,73,32,20,161
1613862000,F,1,1,18,41,17,8,86
1613862000,M,0,1,15,32,15,12,75
1613948400,A,4,10,53,86,35,28,216
1613948400,F,1,4,37,42,20,22,126
1613948400,M,3,6,16,44,15,6,90
1614034800,A,16,14,81,218,108,60,497
1614034800,F,11,8,45,126,67,36,293
1614034800,M,5,6,36,92,41,24,204
1614121200,A,15,25,121,228,137,96,622
1614121200,F,10,17,59,148,58,69,361
1614121200,M,5,8,62,80,79,27,261
1614207600,A,11,32,112,186,100,54,495
1614207600,F,6,16,60,102,49,30,263
1614207600,M,5,16,52,84,51,24,232
1614294000,A,9,23,96,165,129,49,471
1614294000,F,7,12,57,100,59,28,263
1614294000,M,2,11,39,65,70,21,208
1614380400,A,11,24,59,142,74,27,337
1614380400,F,8,16,27,77,34,20,182
1614380400,M,3,8,32,65,40,7,155
1614466800,A,7,11,30,50,21,8,127
1614466800,F,2,6,16,25,11,5,65
1614466800,M,5,5,14,25,10,3,62
1614553200,A,8,16,47,75,50,32,228
1614553200,F,3,8,21,42,25,20,119
1614553200,M,5,8,26,33,25,12,109
1614639600,A,19,48,95,210,87,39,498
1614639600,F,6,21,50,116,38,27,258
1614639600,M,13,27,45,94,49,12,240
1614726000,A,28,83,151,251,131,41,685
1614726000,F,16,34,84,136,66,28,364
1614726000,M,12,49,67,115,65,13,321
1614812400,A,35,45,95,219,84,35,513
1614812400,F,19,22,50,129,47,26,293
1614812400,M,16,23,45,89,37,9,219
1614898800,A,32,38,87,172,91,40,460
1614898800,F,16,15,48,92,49,27,247
1614898800,M,16,23,39,80,42,13,213
1614985200,A,25,54,83,159,70,27,418
1614985200,F,13,30,40,86,44,18,231
1614985200,M,12,24,43,73,26,9,187
1615071600,A,13,15,31,55,27,17,158
1615071600,F,5,8,17,29,12,11,82
1615071600,M,8,7,14,26,15,6,76
1615158000,A,5,17,51,103,39,36,251
1615158000,F,1,3,32,50,22,17,125
1615158000,M,4,14,19,53,17,19,126
1615244400,A,28,52,110,219,106,42,557
1615244400,F,16,24,60,121,58,28,307
1615244400,M,12,28,50,98,48,14,250
1615330800,A,34,63,155,316,128,61,757
1615330800,F,15,34,82,170,68,43,412
1615330800,M,19,29,73,146,60,18,345
1615417200,A,48,82,146,265,106,55,702
1615417200,F,28,44,82,161,54,40,409
1615417200,M,20,38,64,104,52,15,293
1615503600,A,20,60,130,229,94,35,568
1615503600,F,10,22,71,123,48,23,297
1615503600,M,10,38,59,106,46,12,271
1615590000,A,25,44,131,224,101,34,559
1615590000,F,15,22,70,114,52,18,291
1615590000,M,10,22,61,110,49,16,268
1615676400,A,14,22,57,100,51,18,262
1615676400,F,8,10,36,53,28,11,146
1615676400,M,6,12,21,47,23,7,116
1615762800,A,5,25,56,149,70,34,339
1615762800,F,2,9,27,67,37,17,159
1615762800,M,3,16,29,82,33,17,180
1615849200,A,38,60,187,315,145,48,793
1615849200,F,23,32,103,165,81,26,430
1615849200,M,15,28,84,150,64,22,363
1615935600,A,22,61,163,360,154,54,814
1615935600,F,11,32,88,182,86,37,436
1615935600,M,11,29,75,178,68,17,378
1616022000,A,30,71,204,358,129,48,840
1616022000,F,14,36,114,183,70,28,445
1616022000,M,16,35,90,175,59,20,395
1616108400,A,40,72,197,315,154,67,845
1616108400,F,16,27,95,174,73,47,432
1616108400,M,24,45,102,140,81,20,412
1616194800,A,21,68,132,234,142,28,625
1616194800,F,9,28,65,122,68,18,310
1616194800,M,12,40,67,112,74,10,315
1616281200,A,9,22,53,127,56,19,286
1616281200,F,6,7,24,58,28,7,130
1616281200,M,3,15,29,69,28,12,156
1616367600,A,12,48,90,156,65,31,402
1616367600,F,6,19,47,88,24,14,198
1616367600,M,6,29,43,68,41,17,204
1616454000,A,27,72,174,349,190,52,864
1616454000,F,11,39,86,190,100,31,457
1616454000,M,16,33,88,159,90,21,407
1616540400,A,31,90,246,448,168,50,1033
1616540400,F,19,41,116,229,91,32,528
1616540400,M,12,49,130,219,77,18,505
1616626800,A,17,73,207,376,170,42,885
1616626800,F,8,31,108,182,78,25,432
1616626800,M,9,42,99,193,92,17,452
1616713200,A,23,77,225,382,196,43,946
1616713200,F,10,33,98,188,100,26,455
1616713200,M,13,44,127,194,96,17,491
1616799600,A,24,57,155,294,154,32,716
1616799600,F,8,27,73,149,61,22,340
1616799600,M,16,30,82,145,93,10,376
1616886000,A,5,18,68,165,81,24,361
1616886000,F,3,7,34,85,49,16,194
1616886000,M,2,11,34,80,32,8,167
1616968800,A,14,38,122,218,118,39,549
1616968800,F,6,17,49,108,71,26,277
1616968800,M,8,21,73,110,47,13,272
1617055200,A,31,59,198,407,188,41,924
1617055200,F,13,23,108,206,83,27,460
1617055200,M,18,36,90,201,105,14,464
1617141600,A,30,98,264,488,234,73,1187
1617141600,F,17,46,127,252,112,46,600
1617141600,M,13,52,137,236,122,27,587
1617228000,A,22,69,188,397,225,45,946
1617228000,F,7,32,96,193,105,30,463
1617228000,M,15,37,92,204,120,15,483
1617314400,A,13,40,144,288,151,40,676
1617314400,F,5,20,69,151,70,33,348
1617314400,M,8,20,75,137,81,7,328
1617400800,A,18,37,113,189,100,21,478
1617400800,F,6,18,57,77,47,12,217
1617400800,M,12,19,56,112,53,9,261
1617487200,A,9,16,53,101,40,9,228
1617487200,F,2,7,33,55,21,6,124
1617487200,M,7,9,20,46,19,3,104
1617573600,A,7,14,47,109,59,18,254
1617573600,F,4,6,20,56,26,12,124
1617573600,M,3,8,27,53,33,6,130
1617660000,A,17,22,90,223,100,33,485
1617660000,F,8,11,43,115,49,18,244
1617660000,M,9,11,47,108,51,15,241
1617746400,A,26,67,253,468,237,45,1096
1617746400,F,15,38,119,229,121,26,548
1617746400,M,11,29,134,239,116,19,548
1617832800,A,26,70,254,467,260,48,1125
1617832800,F,15,38,127,247,133,31,591
1617832800,M,11,32,127,220,127,17,534
1617919200,A,23,49,242,409,228,54,1005
1617919200,F,9,26,123,206,113,29,506
1617919200,M,14,23,119,203,115,25,499
1618005600,A,30,43,167,278,137,29,684
1618005600,F,10,24,75,139,74,21,343
1618005600,M,20,19,92,139,63,8,341
1618092000,A,4,15,72,134,53,20,298
1618092000,F,3,6,37,87,30,13,176
1618092000,M,1,9,35,47,23,7,122
1618178400,A,9,31,112,173,101,37,463
1618178400,F,4,10,60,88,49,23,234
1618178400,M,5,21,52,85,52,14,229
1618264800,A,28,84,229,420,202,46,1009
1618264800,F,17,42,126,206,93,27,511
1618264800,M,11,42,103,214,109,19,498
1618351200,A,25,69,303,515,262,67,1241
1618351200,F,12,35,145,289,134,36,651
1618351200,M,13,34,158,226,128,31,590
1618437600,A,26,83,266,378,186,64,1003
1618437600,F,14,44,126,202,101,39,526
1618437600,M,12,39,140,176,85,25,477
1618524000,A,35,55,205,344,156,40,835
1618524000,F,21,29,96,168,74,27,415
1618524000,M,14,26,109,176,82,13,420
1618610400,A,14,50,142,200,108,24,538
1618610400,F,6,21,70,108,55,15,275
1618610400,M,8,29,72,92,53,9,263
1618696800,A,6,27,68,120,54,9,284
1618696800,F,5,15,29,55,31,5,140
1618696800,M,1,12,39,65,23,4,144
1618783200,A,17,38,111,176,97,38,477
1618783200,F,6,19,57,97,54,24,257
1618783200,M,11,19,54,79,43,14,220
1618869600,A,27,68,242,399,214,34,984
1618869600,F,14,30,111,199,107,20,481
1618869600,M,13,38,130,200,107,14,502
1618956000,A,14,73,261,418,200,39,1005
1618956000,F,10,40,135,210,91,25,511
1618956000,M,4,33,126,208,109,14,494
1619042400,A,24,71,224,365,151,40,875
1619042400,F,8,33,118,178,78,25,440
1619042400,M,16,38,106,187,73,15,435
1619128800,A,20,69,174,323,148,35,769
1619128800,F,10,38,96,162,77,24,407
1619128800,M,10,31,78,161,71,11,362
1619215200,A,32,71,137,252,120,34,646
1619215200,F,19,33,74,135,64,17,342
1619215200,M,12,38,63,117,56,17,303
1619301600,A,18,21,77,106,54,14,290
1619301600,F,11,4,42,63,30,9,159
1619301600,M,7,17,35,43,24,5,131
1619388000,A,13,44,112,151,84,17,421
1619388000,F,5,15,48,76,44,14,202
1619388000,M,8,29,64,75,40,3,219
1619474400,A,35,82,194,399,180,24,914
1619474400,F,15,44,103,192,88,15,457
1619474400,M,20,38,91,207,92,9,457
1619560800,A,21,60,219,388,163,24,875
1619560800,F,13,30,95,199,78,17,432
1619560800,M,8,30,124,189,85,7,443
1619647200,A,20,66,195,348,166,44,839
1619647200,F,10,29,94,178,87,25,423
1619647200,M,10,37,101,170,79,19,416
1619733600,A,37,69,211,362,143,32,854
1619733600,F,18,31,110,189,71,16,435
1619733600,M,19,38,101,173,72,16,419
1619820000,A,17,57,137,190,98,25,524
1619820000,F,3,24,83,89,51,18,268
1619820000,M,14,33,53,101,47,7,255
1619906400,A,9,29,71,114,54,12,289
1619906400,F,4,17,38,54,22,8,143
1619906400,M,5,12,33,60,32,4,146
1619992800,A,7,28,84,161,85,23,388
1619992800,F,4,14,39,82,38,13,190
1619992800,M,3,13,45,79,47,10,197
1620079200,A,24,57,202,355,144,26,808
1620079200,F,12,26,88,184,78,16,404
1620079200,M,12,31,114,171,66,10,404
1620165600,A,20,69,194,321,144,37,785
1620165600,F,10,29,95,153,81,23,391
1620165600,M,10,40,99,168,63,14,394
1620252000,A,13,56,157,276,131,38,671
1620252000,F,6,27,73,142,64,27,339
1620252000,M,7,29,83,134,67,11,331
1620338400,A,17,63,156,227,118,30,611
1620338400,F,9,36,81,129,60,20,335
1620338400,M,8,27,75,98,58,10,276
1620424800,A,17,50,92,202,82,18,461
1620424800,F,7,22,41,116,36,11,233
1620424800,M,10,28,51,86,46,7,228
1620511200,A,6,18,60,87,35,13,219
1620511200,F,3,10,25,41,17,5,101
1620511200,M,3,8,35,46,18,8,118
1620597600,A,10,48,63,125,68,15,329
1620597600,F,3,24,32,55,28,10,152
1620597600,M,7,24,31,70,40,5,177
1620684000,A,31,58,134,256,122,29,630
1620684000,F,14,29,69,140,63,20,335
1620684000,M,17,29,65,116,59,9,295
1620770400,A,17,64,162,282,123,27,675
1620770400,F,11,29,71,128,67,17,323
1620770400,M,6,35,91,154,56,10,352
1620856800,A,13,24,85,125,63,13,323
1620856800,F,3,14,42,60,31,6,156
1620856800,M,10,10,43,65,32,7,167
1620943200,A,6,45,64,124,52,16,307
1620943200,F,6,22,30,66,24,10,158
1620943200,M,0,23,34,58,28,6,149
1621029600,A,5,21,60,128,64,10,288
1621029600,F,1,10,29,67,36,9,152
1621029600,M,4,11,31,61,28,1,136
1621116000,A,10,19,41,54,24,6,154
1621116000,F,6,12,14,27,9,5,73
1621116000,M,4,7,27,27,15,1,81
1621202400,A,9,20,53,114,51,15,262
1621202400,F,5,10,21,52,29,9,126
1621202400,M,4,10,32,62,22,6,136
1621288800,A,20,57,114,205,100,23,519
1621288800,F,12,35,55,100,51,16,269
1621288800,M,8,22,59,105,49,7,250
1621375200,A,18,44,102,210,94,24,492
1621375200,F,8,23,45,93,47,14,230
1621375200,M,10,21,57,117,47,10,262
1621461600,A,14,25,74,115,57,8,293
1621461600,F,7,16,40,62,24,5,154
1621461600,M,7,9,34,53,33,3,139
1621548000,A,8,32,70,101,59,12,282
1621548000,F,4,15,29,50,30,8,136
1621548000,M,4,17,41,51,29,4,146
1621634400,A,11,12,55,69,42,6,195
1621634400,F,9,6,31,37,15,5,103
1621634400,M,2,6,24,32,27,1,92
1621720800,A,5,12,9,23,10,4,63
1621720800,F,2,9,5,10,5,2,33
1621720800,M,3,3,4,13,5,2,30
1621807200,A,2,4,14,19,12,3,54
1621807200,F,0,1,7,8,4,3,23
1621807200,M,2,3,7,11,8,0,31
1621893600,A,9,13,42,68,38,7,177
1621893600,F,5,6,24,31,21,3,90
1621893600,M,4,7,18,37,17,4,87
1621980000,A,6,15,77,99,61,13,271
1621980000,F,4,4,37,48,26,7,126
1621980000,M,2,11,40,51,35,6,145
1622066400,A,11,15,44,73,42,19,204
1622066400,F,4,7,18,39,20,13,101
1622066400,M,7,8,26,34,22,6,103
1622152800,A,5,24,49,52,28,2,160
1622152800,F,2,8,31,23,12,0,76
1622152800,M,3,16,18,29,16,2,84
1622239200,A,0,12,27,39,26,5,109
1622239200,F,0,8,13,18,13,3,55
1622239200,M,0,4,14,21,13,2,54
1622325600,A,1,3,7,15,6,0,32
1622325600,F,0,2,3,11,2,0,18
1622325600,M,1,1,4,4,4,0,14
1622412000,A,0,4,39,21,23,3,90
1622412000,F,0,2,20,12,13,2,49
1622412000,M,0,2,19,9,10,1,41
1622498400,A,4,16,41,45,38,6,150
1622498400,F,3,10,19,24,21,4,81
1622498400,M,1,6,22,21,17,2,69
1622584800,A,4,8,18,45,16,9,100
1622584800,F,0,3,9,33,11,6,62
1622584800,M,4,5,9,12,5,3,38
1622671200,A,3,11,22,31,14,6,87
1622671200,F,1,4,11,20,9,3,48
1622671200,M,2,7,11,11,5,3,39
1622757600,A,5,12,23,42,14,8,104
1622757600,F,1,8,14,22,9,5,59
1622757600,M,4,4,9,19,5,3,44
1622844000,A,2,11,18,33,11,8,83
1622844000,F,1,4,11,16,8,5,45
1622844000,M,1,7,7,17,3,3,38
1622930400,A,1,0,3,7,2,1,14
1622930400,F,1,0,1,5,1,1,9
1622930400,M,0,0,2,2,1,0,5
1623016800,A,2,7,13,19,8,7,56
1623016800,F,1,3,9,11,3,5,32
1623016800,M,1,4,4,8,5,2,24
1623103200,A,6,4,12,28,12,13,75
1623103200,F,5,2,5,12,6,9,39
1623103200,M,1,2,7,16,6,4,36
1623189600,A,3,8,15,24,15,3,68
1623189600,F,1,3,7,11,10,2,34
1623189600,M,2,5,8,13,5,1,34
1623276000,A,2,5,16,16,7,1,47
1623276000,F,1,2,9,11,3,0,26
1623276000,M,1,3,7,5,4,1,21
1623362400,A,1,9,18,14,9,7,58
1623362400,F,1,2,12,6,5,5,31
1623362400,M,0,7,6,8,4,2,27
1623448800,A,1,4,8,12,5,0,30
1623448800,F,1,2,2,4,4,0,13
1623448800,M,0,2,6,8,1,0,17
1623535200,A,0,0,0,1,2,0,3
1623535200,F,0,0,0,1,1,0,2
1623535200,M,0,0,0,0,1,0,1
1623621600,A,1,2,8,8,1,0,20
1623621600,F,1,0,5,3,0,0,9
1623621600,M,0,2,3,5,1,0,11
1623708000,A,3,2,10,18,8,2,43
1623708000,F,1,2,7,11,3,1,25
1623708000,M,2,0,3,7,5,1,18
1623794400,A,2,4,8,16,5,4,39
1623794400,F,2,3,2,8,4,2,21
1623794400,M,0,1,6,8,1,2,18
1623880800,A,0,3,4,5,4,0,16
1623880800,F,0,2,3,5,3,0,13
1623880800,M,0,1,1,0,1,0,3
1623967200,A,3,5,5,9,3,0,25
1623967200,F,3,3,3,3,1,0,13
1623967200,M,0,2,2,6,2,0,12
1624053600,A,1,4,2,4,3,0,14
1624053600,F,0,2,2,2,2,0,8
1624053600,M,1,2,0,2,1,0,6
1624140000,A,0,0,2,2,0,0,4
1624140000,F,0,0,1,1,0,0,2
1624140000,M,0,0,1,1,0,0,2
1624226400,A,1,4,5,6,4,0,20
1624226400,F,0,1,3,3,4,0,11
1624226400,M,1,3,2,3,0,0,9
1624312800,A,1,3,2,8,4,2,20
1624312800,F,1,2,1,3,2,0,9
1624312800,M,0,1,1,5,2,2,11
1624399200,A,1,1,6,4,2,1,15
1624399200,F,1,1,4,3,0,1,10
1624399200,M,0,0,2,1,2,0,5
1624485600,A,0,2,2,6,3,0,13
1624485600,F,0,1,1,5,0,0,7
1624485600,M,0,1,1,1,3,0,6
1624572000,A,0,3,1,3,0,2,9
1624572000,F,0,0,0,0,0,1,1
1624572000,M,0,3,1,3,0,1,8
1624658400,A,0,1,0,0,2,0,3
1624658400,F,0,1,0,0,0,0,1
1624658400,M,0,0,0,0,2,0,2
1624744800,A,0,0,0,1,0,0,1
1624744800,F,0,0,0,0,0,0,0
1624744800,M,0,0,0,1,0,0,1
1624831200,A,0,0,6,3,1,0,10
1624831200,F,0,0,1,1,0,0,2
1624831200,M,0,0,5,2,1,0,8
1624917600,A,0,5,4,12,1,1,23
1624917600,F,0,1,2,5,0,0,8
1624917600,M,0,4,2,7,1,1,15
1625004000,A,2,1,9,4,2,0,18
1625004000,F,1,0,3,1,2,0,7
1625004000,M,1,1,6,3,0,0,11
1625090400,A,0,1,9,6,0,2,18
1625090400,F,0,1,2,0,0,1,4
1625090400,M,0,0,7,6,0,1,14
1625176800,A,0,4,2,1,2,0,9
1625176800,F,0,2,0,1,2,0,5
1625176800,M,0,2,2,0,0,0,4
1625263200,A,0,1,1,1,0,0,3
1625263200,F,0,0,0,0,0,0,0
1625263200,M,0,1,1,1,0,0,3
1625349600,A,0,1,1,0,0,0,2
1625349600,F,0,1,0,0,0,0,1
1625349600,M,0,0,1,0,0,0,1
1625436000,A,0,0,4,2,0,2,8
1625436000,F,0,0,3,0,0,2,5
1625436000,M,0,0,1,2,0,0,3
1625522400,A,0,3,5,6,0,1,15
1625522400,F,0,0,4,2,0,0,6
1625522400,M,0,3,1,4,0,1,9
1625608800,A,0,1,0,2,1,0,4
1625608800,F,0,1,0,1,0,0,2
1625608800,M,0,0,0,1,1,0,2
1625695200,A,0,6,1,5,2,1,15
1625695200,F,0,4,0,1,1,1,7
1625695200,M,0,2,1,4,1,0,8
1625781600,A,0,0,0,3,0,0,3
1625781600,F,0,0,0,2,0,0,2
1625781600,M,0,0,0,1,0,0,1
1625868000,A,0,2,1,1,0,0,4
1625868000,F,0,0,1,1,0,0,2
1625868000,M,0,2,0,0,0,0,2
1625954400,A,0,1,0,2,1,0,4
1625954400,F,0,0,0,1,1,0,2
1625954400,M,0,1,0,1,0,0,2
1626040800,A,1,2,2,4,1,1,11
1626040800,F,0,1,1,1,1,0,4
1626040800,M,1,1,1,3,0,1,7
1626127200,A,1,9,4,11,0,0,25
1626127200,F,1,4,2,5,0,0,12
1626127200,M,0,5,2,6,0,0,13
1626213600,A,1,3,3,6,1,1,15
1626213600,F,0,2,0,4,1,0,7
1626213600,M,1,1,3,2,0,1,8
1626300000,A,0,2,7,4,1,0,14
1626300000,F,0,1,4,2,1,0,8
1626300000,M,0,1,3,2,0,0,6
1626386400,A,1,2,5,6,2,1,17
1626386400,F,1,2,2,2,0,1,8
1626386400,M,0,0,3,4,2,0,9
1626472800,A,0,3,0,0,2,0,5
1626472800,F,0,2,0,0,1,0,3
1626472800,M,0,1,0,0,1,0,2
1626559200,A,0,0,0,3,0,0,3
1626559200,F,0,0,0,2,0,0,2
1626559200,M,0,0,0,1,0,0,1
1626645600,A,0,6,8,5,4,0,23
1626645600,F,0,4,5,2,4,0,15
1626645600,M,0,2,3,3,0,0,8
1626732000,A,0,12,8,7,3,0,30
1626732000,F,0,5,2,3,2,0,12
1626732000,M,0,7,6,4,1,0,18
1626818400,A,2,2,2,3,3,3,15
1626818400,F,1,0,0,3,0,3,7
1626818400,M,1,2,2,0,3,0,8
1626904800,A,0,6,3,5,4,1,19
1626904800,F,0,3,1,4,0,1,9
1626904800,M,0,3,2,1,4,0,10
1626991200,A,0,6,11,7,3,2,29
1626991200,F,0,4,5,4,1,1,15
1626991200,M,0,2,6,3,2,1,14
1627077600,A,0,1,4,8,1,0,14
1627077600,F,0,0,1,4,1,0,6
1627077600,M,0,1,3,4,0,0,8
1627164000,A,0,0,0,1,0,0,1
1627164000,F,0,0,0,1,0,0,1
1627164000,M,0,0,0,0,0,0,0
1627250400,A,1,1,8,6,2,1,19
1627250400,F,1,0,5,5,2,0,13
1627250400,M,0,1,3,1,0,1,6
1627336800,A,1,2,10,8,0,1,22
1627336800,F,0,2,6,4,0,1,13
1627336800,M,1,0,4,4,0,0,9
1627423200,A,0,6,3,7,1,0,17
1627423200,F,0,3,2,4,1,0,10
1627423200,M,0,3,1,3,0,0,7
1627509600,A,2,6,5,9,1,1,24
1627509600,F,2,3,3,4,0,1,13
1627509600,M,0,3,2,5,1,0,11
1627596000,A,1,5,5,3,3,0,17
1627596000,F,0,4,4,1,2,0,11
1627596000,M,1,1,1,2,1,0,6
1627682400,A,0,7,11,5,0,0,23
1627682400,F,0,3,8,4,0,0,15
1627682400,M,0,4,3,1,0,0,8
1627768800,A,0,1,3,0,0,0,4
1627768800,F,0,0,2,0,0,0,2
1627768800,M,0,1,1,0,0,0,2
1627855200,A,0,7,11,8,2,3,31
1627855200,F,0,1,5,3,2,3,14
1627855200,M,0,6,6,5,0,0,17
1627941600,A,0,4,17,9,0,0,30
1627941600,F,0,1,8,4,0,0,13
1627941600,M,0,3,9,5,0,0,17
1628028000,A,0,0,15,4,2,1,22
1628028000,F,0,0,7,2,1,0,10
1628028000,M,0,0,8,2,1,1,12
1628114400,A,0,1,9,5,2,1,18
1628114400,F,0,1,4,5,2,1,13
1628114400,M,0,0,5,0,0,0,5
1628200800,A,2,7,11,7,2,2,31
1628200800,F,1,3,5,5,1,1,16
1628200800,M,1,4,6,2,1,1,15
1628287200,A,0,0,5,1,2,1,9
1628287200,F,0,0,2,1,2,1,6
1628287200,M,0,0,3,0,0,0,3
1628373600,A,0,1,3,1,3,0,8
1628373600,F,0,0,1,0,1,0,2
1628373600,M,0,1,2,1,2,0,6
1628460000,A,3,5,7,4,4,0,23
1628460000,F,2,2,3,1,2,0,10
1628460000,M,1,3,4,3,2,0,13
1628546400,A,0,4,14,12,5,1,36
1628546400,F,0,2,9,5,4,0,20
1628546400,M,0,2,5,7,1,1,16
1628632800,A,0,1,12,13,5,1,32
1628632800,F,0,1,4,3,1,1,10
1628632800,M,0,0,8,10,4,0,22
1628719200,A,0,4,16,7,3,2,32
1628719200,F,0,3,7,5,2,1,18
1628719200,M,0,1,9,2,1,1,14
1628805600,A,1,4,19,9,2,0,35
1628805600,F,1,1,12,6,1,0,21
1628805600,M,0,3,7,3,1,0,14
1628892000,A,1,1,4,5,1,1,13
1628892000,F,0,1,2,3,1,1,8
1628892000,M,1,0,2,2,0,0,5
1628978400,A,0,0,1,1,3,0,5
1628978400,F,0,0,1,0,1,0,2
1628978400,M,0,0,0,1,2,0,3
1629064800,A,3,11,16,11,1,1,43
1629064800,F,1,5,9,1,1,0,17
1629064800,M,2,6,7,10,0,1,26
1629151200,A,2,10,33,35,8,0,88
1629151200,F,0,3,19,21,3,0,46
1629151200,M,2,7,14,14,5,0,42
1629237600,A,1,10,17,16,4,2,50
1629237600,F,0,7,8,6,2,0,23
1629237600,M,1,3,9,10,2,2,27
1629324000,A,2,4,21,16,10,1,54
1629324000,F,1,1,12,5,5,1,25
1629324000,M,1,3,9,11,5,0,29
1629410400,A,3,4,12,16,4,0,39
1629410400,F,1,0,6,9,2,0,18
1629410400,M,2,4,6,7,2,0,21
1629496800,A,1,6,13,11,2,0,33
1629496800,F,0,1,6,3,0,0,10
1629496800,M,1,5,7,8,2,0,23
1629583200,A,0,4,3,3,0,0,10
1629583200,F,0,1,2,2,0,0,5
1629583200,M,0,3,1,1,0,0,5
1629669600,A,1,5,17,12,6,0,41
1629669600,F,1,3,10,7,2,0,23
1629669600,M,0,2,7,5,4,0,18
1629756000,A,3,16,46,37,5,3,110
1629756000,F,1,7,23,15,3,2,51
1629756000,M,2,9,23,22,2,1,59
1629842400,A,3,14,43,29,6,0,95
1629842400,F,2,8,16,18,3,0,47
1629842400,M,1,6,27,11,3,0,48
1629928800,A,12,12,24,29,9,4,90
1629928800,F,5,9,16,16,6,4,56
1629928800,M,7,3,8,13,3,0,34
1630015200,A,7,19,31,34,9,0,100
1630015200,F,6,9,13,18,6,0,52
1630015200,M,1,10,18,16,3,0,48
1630101600,A,1,6,15,15,9,1,47
1630101600,F,0,2,7,7,5,1,22
1630101600,M,1,4,8,8,4,0,25
1630188000,A,0,0,2,4,0,0,6
1630188000,F,0,0,0,2,0,0,2
1630188000,M,0,0,2,2,0,0,4
1630274400,A,3,11,21,33,8,3,79
1630274400,F,0,7,12,18,4,1,42
1630274400,M,3,4,9,15,4,2,37
1630360800,A,10,17,39,50,8,4,128
1630360800,F,2,9,17,26,4,2,60
1630360800,M,8,8,22,24,4,2,68
1630447200,A,7,16,39,49,22,6,139
1630447200,F,3,7,19,24,14,3,70
1630447200,M,4,9,20,25,8,3,69
1630533600,A,5,21,32,30,13,4,105
1630533600,F,1,8,15,13,8,3,48
1630533600,M,4,13,17,17,5,1,57
1630620000,A,7,18,47,63,11,6,152
1630620000,F,5,6,26,34,5,4,80
1630620000,M,2,12,21,29,6,2,72
1630706400,A,9,11,22,29,8,2,81
1630706400,F,6,4,13,14,3,1,41
1630706400,M,3,7,9,15,5,1,40
1630792800,A,0,5,13,12,8,0,38
1630792800,F,0,3,6,6,5,0,20
1630792800,M,0,2,7,6,3,0,18
1630879200,A,3,13,43,45,10,3,117
1630879200,F,2,5,20,26,7,3,63
1630879200,M,1,8,23,19,3,0,54
1630965600,A,10,32,72,92,22,6,234
1630965600,F,4,10,35,50,12,3,114
1630965600,M,6,22,37,42,10,3,120
1631052000,A,8,29,60,79,22,6,204
1631052000,F,4,14,19,43,10,6,96
1631052000,M,4,15,41,35,12,0,107
1631138400,A,9,25,58,57,15,3,167
1631138400,F,7,10,28,24,9,2,80
1631138400,M,2,14,30,33,6,1,86
1631224800,A,4,22,46,65,24,2,163
1631224800,F,4,8,24,28,18,2,84
1631224800,M,0,14,22,37,6,0,79
1631311200,A,4,16,30,29,15,0,94
1631311200,F,1,8,18,17,10,0,54
1631311200,M,3,8,12,12,5,0,40
1631397600,A,0,7,3,16,4,2,32
1631397600,F,0,4,1,8,2,1,16
1631397600,M,0,3,2,8,2,1,16
1631484000,A,11,21,44,55,14,7,152
1631484000,F,6,9,20,30,9,6,80
1631484000,M,5,12,24,25,5,1,72
1631570400,A,13,50,63,91,34,4,255
1631570400,F,8,26,30,48,17,2,131
1631570400,M,5,24,33,43,17,2,124
1631656800,A,12,34,65,60,18,5,194
1631656800,F,4,17,31,30,10,3,95
1631656800,M,8,17,34,30,8,2,99
1631743200,A,13,51,63,75,27,4,233
1631743200,F,5,24,21,32,14,3,99
1631743200,M,8,27,42,43,13,1,134
1631829600,A,11,54,50,46,7,2,170
1631829600,F,2,19,30,24,5,1,81
1631829600,M,9,35,20,22,2,1,89
1631916000,A,10,47,49,52,15,2,175
1631916000,F,6,24,25,28,7,2,92
1631916000,M,4,23,24,24,8,0,83
1632002400,A,4,13,10,12,0,3,42
1632002400,F,1,7,5,7,0,0,20
1632002400,M,3,6,5,5,0,3,22
1632088800,A,1,7,3,5,3,2,21
1632088800,F,1,3,0,1,2,2,9
1632088800,M,0,4,3,4,1,0,12
1632175200,A,1,25,33,53,11,3,126
1632175200,F,0,11,15,27,7,2,62
1632175200,M,1,14,18,26,4,1,64
1632261600,A,12,81,71,109,30,11,314
1632261600,F,7,37,39,61,21,8,173
1632261600,M,5,44,32,48,9,3,141
1632348000,A,11,70,69,109,32,10,301
1632348000,F,2,33,36,62,15,6,154
1632348000,M,9,37,33,47,17,4,147
1632434400,A,10,47,76,71,17,3,224
1632434400,F,4,24,40,42,6,1,117
1632434400,M,6,23,36,29,11,2,107
1632520800,A,7,44,38,65,14,7,175
1632520800,F,2,18,18,30,7,6,81
1632520800,M,5,26,20,35,7,1,94
1632607200,A,0,8,13,15,2,3,41
1632607200,F,0,3,5,9,2,1,20
1632607200,M,0,5,8,6,0,2,21
1632693600,A,7,35,51,70,21,5,189
1632693600,F,6,12,28,35,12,1,94
1632693600,M,1,23,23,35,9,4,95
1632780000,A,3,60,84,121,32,18,318
1632780000,F,1,28,42,64,16,13,164
1632780000,M,2,32,42,57,16,5,154
1632866400,A,14,88,91,121,35,26,375
1632866400,F,3,45,52,72,21,18,211
1632866400,M,11,43,39,49,14,8,164
1632952800,A,9,73,80,108,22,9,301
1632952800,F,5,37,41,65,9,4,161
1632952800,M,4,36,39,43,13,5,140
1633039200,A,5,51,59,76,28,28,247
1633039200,F,1,25,30,45,21,23,145
1633039200,M,4,26,29,31,7,5,102
1633125600,A,6,40,41,63,18,4,172
1633125600,F,2,20,21,35,11,2,91
1633125600,M,4,20,20,28,7,2,81
1633212000,A,2,17,12,29,7,6,73
1633212000,F,1,8,6,18,2,2,37
1633212000,M,1,8,6,11,5,4,35
1633298400,A,10,56,55,75,22,9,227
1633298400,F,5,28,29,45,14,6,127
1633298400,M,5,28,26,30,8,3,100
1633384800,A,8,94,83,138,45,14,382
1633384800,F,6,48,44,82,21,8,209
1633384800,M,2,46,39,56,24,6,173
1633471200,A,11,114,106,134,31,18,414
1633471200,F,3,50,46,63,15,10,187
1633471200,M,8,64,60,71,16,8,227
1633557600,A,13,129,99,124,40,19,424
1633557600,F,4,67,46,62,12,12,203
1633557600,M,9,62,53,62,28,7,221
1633644000,A,14,76,95,114,34,18,351
1633644000,F,6,41,54,67,17,8,193
1633644000,M,8,35,41,47,17,10,158
1633730400,A,4,73,62,85,26,7,257
1633730400,F,2,43,34,45,18,4,146
1633730400,M,2,30,28,40,8,3,111
1633816800,A,4,13,10,20,12,6,65
1633816800,F,3,9,8,11,4,3,38
1633816800,M,1,4,2,9,8,3,27
1633903200,A,4,66,51,88,27,15,251
1633903200,F,0,40,32,38,14,9,133
1633903200,M,4,26,19,50,13,6,118
1633989600,A,17,120,130,175,70,38,550
1633989600,F,8,70,67,105,38,28,316
1633989600,M,9,50,63,70,32,10,234
1634076000,A,10,138,133,212,64,34,591
1634076000,F,6,74,63,117,35,24,319
1634076000,M,4,64,69,95,29,10,271
1634162400,A,16,137,164,190,57,33,597
1634162400,F,12,74,82,115,27,22,332
1634162400,M,4,63,81,75,30,11,264
1634248800,A,10,106,142,165,57,28,508
1634248800,F,4,50,70,98,34,17,273
1634248800,M,6,56,72,67,23,11,235
1634335200,A,7,88,88,117,50,30,380
1634335200,F,4,48,48,64,25,20,209
1634335200,M,3,40,40,53,25,10,171
1634421600,A,5,42,32,50,19,7,155
1634421600,F,3,27,17,32,11,3,93
1634421600,M,2,15,15,18,8,4,62
1634508000,A,9,109,110,152,57,51,488
1634508000,F,4,56,59,86,30,39,274
1634508000,M,5,53,51,66,27,12,214
1634594400,A,19,198,211,310,83,54,875
1634594400,F,12,104,110,172,45,41,484
1634594400,M,7,94,101,138,38,13,391
1634680800,A,23,178,227,305,79,49,861
1634680800,F,11,79,109,167,43,31,440
1634680800,M,12,99,118,138,36,17,420
1634767200,A,21,205,229,314,103,82,954
1634767200,F,11,101,123,166,57,63,521
1634767200,M,9,104,106,148,46,19,432
1634853600,A,20,176,208,296,102,43,845
1634853600,F,9,81,105,162,59,23,439
1634853600,M,10,93,103,134,43,20,403
1634940000,A,14,130,166,233,73,28,644
1634940000,F,5,69,82,116,44,12,328
1634940000,M,9,60,84,117,29,16,315
1635026400,A,4,56,53,83,32,11,239
1635026400,F,4,26,26,52,16,8,132
1635026400,M,0,28,26,31,16,3,104
1635112800,A,9,161,183,321,80,54,808
1635112800,F,6,73,98,180,42,39,438
1635112800,M,3,88,85,141,38,15,370
1635199200,A,20,161,263,381,121,56,1002
1635199200,F,11,68,127,222,61,34,523
1635199200,M,9,93,136,159,60,22,479
1635285600,A,38,252,348,531,201,80,1450
1635285600,F,14,133,174,288,105,54,768
1635285600,M,23,119,173,243,96,26,680
1635372000,A,26,238,318,497,163,73,1315
1635372000,F,13,124,160,270,79,48,694
1635372000,M,13,114,158,226,84,25,620
1635458400,A,27,157,261,420,140,59,1064
1635458400,F,14,80,121,230,67,41,553
1635458400,M,13,76,140,190,73,18,510
1635544800,A,13,123,167,299,96,49,747
1635544800,F,4,61,93,163,56,26,403
1635544800,M,9,61,74,136,39,23,342
1635631200,A,4,55,66,106,39,25,295
1635631200,F,1,30,35,59,24,13,162
1635631200,M,3,24,31,47,15,12,132
1635721200,A,18,133,202,378,135,64,930
1635721200,F,11,69,112,197,73,45,507
1635721200,M,7,60,90,180,61,19,417
1635807600,A,35,224,352,741,249,87,1688
1635807600,F,13,103,183,416,133,55,903
1635807600,M,22,119,169,325,116,32,783
1635894000,A,36,255,414,808,304,123,1940
1635894000,F,18,118,223,445,161,88,1053
1635894000,M,18,135,191,363,143,35,885
1635980400,A,56,210,399,759,278,129,1831
1635980400,F,34,107,228,413,149,87,1018
1635980400,M,21,101,171,345,129,42,809
1636066800,A,28,168,306,528,245,105,1380
1636066800,F,15,79,144,283,119,71,711
1636066800,M,12,85,161,245,125,34,662
1636153200,A,30,136,239,405,170,71,1051
1636153200,F,14,62,125,214,83,49,547
1636153200,M,16,72,114,191,87,22,502
1636239600,A,13,55,98,176,88,44,474
1636239600,F,8,31,47,95,54,28,263
1636239600,M,5,24,51,81,34,16,211
1636326000,A,34,153,332,503,179,92,1293
1636326000,F,19,75,190,269,88,58,699
1636326000,M,14,77,141,234,91,34,591
1636412400,A,62,255,462,796,304,88,1967
1636412400,F,26,126,249,430,157,57,1045
1636412400,M,35,129,212,366,147,30,919
1636498800,A,75,300,531,920,374,145,2345
1636498800,F,30,153,265,468,185,94,1195
1636498800,M,45,144,265,452,189,51,1146
1636585200,A,65,288,558,947,408,153,2419
1636585200,F,28,146,283,474,219,88,1238
1636585200,M,35,140,275,471,189,65,1175
1636671600,A,49,199,431,720,334,124,1857
1636671600,F,25,87,226,393,181,82,994
1636671600,M,22,112,204,326,153,41,858
1636758000,A,24,141,285,492,204,78,1224
1636758000,F,9,69,158,259,105,56,656
1636758000,M,15,71,127,232,98,22,565
1636844400,A,21,71,163,263,126,38,682
1636844400,F,7,40,78,138,71,24,358
1636844400,M,14,30,83,125,53,14,319
1636930800,A,42,188,411,636,239,107,1623
1636930800,F,19,72,202,325,131,61,810
1636930800,M,23,112,209,309,108,46,807
1637017200,A,63,329,562,983,377,154,2468
1637017200,F,30,153,293,546,194,104,1320
1637017200,M,30,171,269,435,180,49,1134
1637103600,A,70,311,538,950,456,153,2478
1637103600,F,33,158,281,485,247,94,1298
1637103600,M,36,147,256,464,209,59,1171
1637190000,A,73,395,635,1145,468,166,2882
1637190000,F,36,177,315,584,253,99,1464
1637190000,M,36,212,318,560,215,67,1408
1637276400,A,54,371,559,895,343,165,2387
1637276400,F,14,167,291,465,168,116,1221
1637276400,M,36,193,264,423,173,47,1136
1637362800,A,45,238,407,635,234,95,1654
1637362800,F,23,119,202,319,125,69,857
1637362800,M,22,113,204,315,109,26,789
1637449200,A,25,151,260,445,161,63,1105
1637449200,F,13,79,133,238,85,41,589
1637449200,M,12,69,126,207,76,21,511
1637535600,A,75,366,614,1009,414,159,2637
1637535600,F,39,175,322,561,207,113,1417
1637535600,M,36,188,291,448,206,46,1215
1637622000,A,70,526,750,1317,486,179,3328
1637622000,F,30,256,414,687,249,118,1754
1637622000,M,38,260,333,615,236,60,1542
1637708400,A,107,626,862,1461,549,172,3777
1637708400,F,40,281,443,788,269,109,1930
1637708400,M,64,334,415,668,280,63,1824
1637794800,A,110,585,753,1364,490,155,3457
1637794800,F,55,291,406,752,240,97,1841
1637794800,M,54,284,344,612,248,57,1599
1637881200,A,95,553,745,1302,484,144,3323
1637881200,F,41,277,395,655,274,87,1729
1637881200,M,51,270,348,643,210,57,1579
1637967600,A,39,333,426,777,242,92,1909
1637967600,F,15,164,218,404,119,59,979
1637967600,M,22,162,207,371,123,33,918
1638054000,A,38,211,345,623,185,50,1452
1638054000,F,16,107,178,329,98,33,761
1638054000,M,21,99,166,293,87,17,683
1638140400,A,79,599,790,1394,513,159,3534
1638140400,F,36,277,411,680,266,104,1774
1638140400,M,42,320,376,710,247,55,1750
1638226800,A,115,720,866,1621,536,162,4020
1638226800,F,54,351,460,846,277,100,2088
1638226800,M,56,363,399,771,258,62,1909
1638313200,A,123,759,916,1635,509,188,4130
1638313200,F,56,373,456,845,259,126,2115
1638313200,M,64,381,458,787,248,61,1999
1638399600,A,108,699,953,1543,533,157,3993
1638399600,F,51,357,508,786,253,90,2045
1638399600,M,54,330,440,752,279,66,1921
1638486000,A,99,619,816,1306,428,102,3370
1638486000,F,47,319,397,689,218,59,1729
1638486000,M,51,291,416,615,209,43,1625
1638572400,A,66,399,463,863,292,61,2144
1638572400,F,36,179,212,407,156,38,1028
1638572400,M,29,216,251,456,136,23,1111
1638658800,A,40,225,286,533,194,43,1321
1638658800,F,20,124,141,269,94,27,675
1638658800,M,20,100,143,264,99,16,642
1638745200,A,69,560,681,1275,432,132,3149
1638745200,F,36,280,370,670,226,83,1665
1638745200,M,31,273,309,602,205,49,1469
1638831600,A,119,728,902,1693,502,151,4095
1638831600,F,46,349,467,892,250,103,2107
1638831600,M,72,373,434,799,248,48,1974
1638918000,A,146,771,1060,1762,602,157,4498
1638918000,F,76,405,561,925,316,100,2383
1638918000,M,68,362,496,831,286,57,2100
1639004400,A,146,747,824,1442,504,133,3796
1639004400,F,76,370,431,758,255,96,1986
1639004400,M,70,369,391,677,247,37,1791
1639090800,A,110,574,717,1224,434,122,3181
1639090800,F,51,298,365,620,230,83,1647
1639090800,M,58,271,348,604,203,39,1523
1639177200,A,77,412,485,874,291,99,2238
1639177200,F,43,184,269,429,152,64,1141
1639177200,M,34,222,215,443,139,35,1088
1639263600,A,40,201,323,514,190,49,1317
1639263600,F,20,89,171,268,101,34,683
1639263600,M,19,111,149,245,88,15,627
1639350000,A,80,454,576,988,336,135,2569
1639350000,F,39,218,316,525,178,86,1362
1639350000,M,41,233,258,462,157,47,1198
1639436400,A,138,691,800,1436,443,122,3630
1639436400,F,65,330,442,733,229,93,1892
1639436400,M,72,354,356,703,214,29,1728
1639522800,A,109,610,726,1323,430,145,3343
1639522800,F,59,294,371,681,240,91,1736
1639522800,M,48,310,354,638,190,54,1594
1639609200,A,118,550,680,1268,397,111,3124
1639609200,F,60,285,358,666,209,70,1648
1639609200,M,58,262,319,599,187,41,1466
1639695600,A,89,449,583,973,334,124,2552
1639695600,F,43,211,298,502,162,80,1296
1639695600,M,46,237,285,469,172,43,1252
1639782000,A,72,313,406,671,223,68,1753
1639782000,F,38,145,217,361,108,43,912
1639782000,M,34,166,186,309,114,25,834
1639868400,A,22,123,156,259,97,33,690
1639868400,F,10,56,92,138,52,22,370
1639868400,M,12,64,63,121,45,11,316
1639954800,A,70,315,441,747,273,88,1934
1639954800,F,44,162,239,380,131,58,1014
1639954800,M,26,150,201,367,142,30,916
1640041200,A,122,557,662,1196,385,113,3035
1640041200,F,71,279,384,594,192,72,1592
1640041200,M,50,269,276,601,193,41,1430
1640127600,A,119,457,592,1089,365,100,2722
1640127600,F,60,221,296,550,201,60,1388
1640127600,M,58,234,293,531,164,40,1320
1640214000,A,80,335,496,758,243,82,1994
1640214000,F,40,156,272,406,114,59,1047
1640214000,M,40,176,220,347,129,21,933
1640300400,A,40,212,283,499,171,53,1258
1640300400,F,18,87,147,252,88,32,624
1640300400,M,21,118,132,247,82,21,621
1640386800,A,15,75,120,147,42,14,413
1640386800,F,5,42,67,68,25,14,221
1640386800,M,9,32,53,79,17,0,190
1640473200,A,8,59,102,159,57,27,412
1640473200,F,4,28,45,69,30,20,196
1640473200,M,4,31,57,90,26,7,215
1640559600,A,25,158,236,427,132,37,1015
1640559600,F,13,80,128,224,67,24,536
1640559600,M,12,76,106,201,60,13,468
1640646000,A,65,352,504,878,245,89,2133
1640646000,F,27,184,271,442,124,60,1108
1640646000,M,37,162,231,433,121,29,1013
1640732400,A,85,321,498,904,268,92,2168
1640732400,F,44,154,267,476,159,56,1156
1640732400,M,41,163,227,427,108,35,1001
1640818800,A,59,272,391,732,214,57,1725
1640818800,F,29,127,196,372,117,43,884
1640818800,M,29,144,193,359,96,14,835
1640905200,A,29,160,268,416,153,30,1056
1640905200,F,12,84,151,228,90,23,588
1640905200,M,17,74,117,187,63,7,465
1640991600,A,10,33,84,140,42,20,329
1640991600,F,5,15,43,69,19,13,164
1640991600,M,5,18,40,71,23,7,164
1641078000,A,7,38,82,116,39,16,298
1641078000,F,4,21,32,55,23,14,149
1641078000,M,2,17,47,59,14,2,141
1641164400,A,38,168,337,534,155,42,1274
1641164400,F,20,78,187,258,75,25,643
1641164400,M,18,90,149,276,80,17,630
1641250800,A,57,231,587,815,269,64,2023
1641250800,F,26,111,285,430,153,44,1049
1641250800,M,31,113,300,385,115,20,964
1641337200,A,37,179,428,609,220,57,1530
1641337200,F,17,88,226,307,108,37,783
1641337200,M,20,87,197,301,112,20,737
1641423600,A,39,126,368,436,171,55,1195
1641423600,F,22,64,175,218,87,35,601
1641423600,M,17,61,190,218,84,20,590
1641510000,A,41,98,245,306,116,29,835
1641510000,F,21,52,118,152,67,18,428
1641510000,M,20,46,125,154,49,11,405
1641596400,A,15,72,206,224,88,24,629
1641596400,F,8,44,89,118,42,18,319
1641596400,M,7,26,116,105,46,6,306
1641682800,A,10,25,82,129,48,10,304
1641682800,F,7,12,42,66,25,5,157
1641682800,M,3,11,38,63,23,5,143
1641769200,A,16,61,165,193,65,24,524
1641769200,F,7,28,90,94,30,15,264
1641769200,M,8,33,73,97,35,9,255
1641855600,A,31,141,302,418,131,36,1059
1641855600,F,20,61,155,202,70,27,535
1641855600,M,10,77,146,215,60,9,517
1641942000,A,26,98,268,315,90,25,822
1641942000,F,15,58,123,157,56,15,424
1641942000,M,11,39,145,157,33,10,395
1642028400,A,29,95,218,282,92,24,740
1642028400,F,12,45,103,129,41,17,347
1642028400,M,17,48,113,153,51,7,389
1642114800,A,31,92,195,243,68,15,644
1642114800,F,20,43,99,125,36,12,335
1642114800,M,11,49,95,118,32,3,308
1642201200,A,17,63,116,144,37,8,385
1642201200,F,10,20,50,76,16,4,176
1642201200,M,7,39,66,65,21,4,202
1642287600,A,8,31,63,62,22,5,191
1642287600,F,5,14,37,39,9,3,107
1642287600,M,3,17,26,23,13,2,84
1642374000,A,33,92,180,255,56,28,644
1642374000,F,18,39,83,140,28,14,322
1642374000,M,14,52,97,115,28,14,320
1642460400,A,63,251,378,487,120,33,1332
1642460400,F,29,118,193,255,62,18,675
1642460400,M,32,130,181,232,58,15,648
1642546800,A,51,238,386,484,85,25,1269
1642546800,F,29,115,218,245,42,14,663
1642546800,M,22,122,168,237,43,11,603
1642633200,A,67,202,365,460,97,41,1232
1642633200,F,26,86,180,235,49,29,605
1642633200,M,41,110,183,223,47,12,616
1642719600,A,43,214,289,406,107,37,1096
1642719600,F,16,107,145,219,58,26,571
1642719600,M,27,106,140,187,48,11,519
1642806000,A,40,157,197,289,66,26,775
1642806000,F,23,68,97,150,38,16,392
1642806000,M,17,88,94,137,27,10,373
1642892400,A,3,33,58,55,17,9,175
1642892400,F,1,14,30,30,11,6,92
1642892400,M,2,19,27,25,6,3,82
1642978800,A,49,203,287,348,69,15,971
1642978800,F,19,94,159,191,36,9,508
1642978800,M,29,107,125,157,33,6,457
1643065200,A,83,414,496,758,177,37,1965
1643065200,F,50,199,263,384,83,25,1004
1643065200,M,32,206,226,372,94,12,942
1643151600,A,60,400,505,747,168,30,1910
1643151600,F,35,189,268,377,86,20,975
1643151600,M,23,205,236,367,81,10,922
1643238000,A,80,358,523,718,145,28,1852
1643238000,F,39,161,279,366,76,17,938
1643238000,M,39,194,240,349,68,11,901
1643324400,A,65,306,420,573,132,31,1527
1643324400,F,24,144,214,278,73,21,754
1643324400,M,40,158,206,295,59,10,768
1643410800,A,51,303,344,468,113,27,1306
1643410800,F,21,139,189,225,54,19,647
1643410800,M,30,162,155,243,57,8,655
1643497200,A,20,108,134,235,65,11,573
1643497200,F,10,53,64,123,32,8,290
1643497200,M,9,51,68,112,33,3,276
1643583600,A,38,297,332,449,86,17,1219
1643583600,F,20,132,166,242,44,10,614
1643583600,M,18,164,165,205,42,7,601
1643670000,A,121,748,759,1117,242,35,3022
1643670000,F,63,344,405,603,124,19,1558
1643670000,M,58,386,352,513,118,16,1443
1643756400,A,127,760,875,1241,269,62,3334
1643756400,F,73,356,462,646,152,40,1729
1643756400,M,53,397,410,590,117,22,1589
1643842800,A,107,615,827,1156,221,59,2985
1643842800,F,57,304,425,609,109,38,1542
1643842800,M,46,306,400,544,111,20,1427
1643929200,A,100,542,793,1009,213,38,2695
1643929200,F,55,254,425,551,107,21,1413
1643929200,M,44,281,361,455,106,17,1264
1644015600,A,88,452,595,876,183,44,2238
1644015600,F,38,230,317,478,88,31,1182
1644015600,M,47,215,276,393,95,13,1039
1644102000,A,36,208,265,358,86,20,973
1644102000,F,22,107,128,181,43,9,490
1644102000,M,14,100,135,176,42,11,478
1644188400,A,73,386,500,727,150,29,1865
1644188400,F,33,176,244,414,91,16,974
1644188400,M,38,207,252,311,59,13,880
1644274800,A,160,810,1078,1587,301,54,3990
1644274800,F,77,387,562,877,153,33,2089
1644274800,M,81,408,509,708,148,20,1874
1644361200,A,187,891,1222,1610,366,94,4370
1644361200,F,89,434,627,871,194,54,2269
1644361200,M,92,444,589,726,171,40,2062
1644447600,A,158,789,1333,1613,373,94,4360
1644447600,F,82,381,697,863,176,57,2256
1644447600,M,73,389,628,740,195,36,2061
1644534000,A,141,543,992,1287,278,90,3331
1644534000,F,69,282,526,705,143,57,1782
1644534000,M,70,246,460,577,134,32,1519
1644620400,A,91,454,693,1045,247,51,2581
1644620400,F,48,221,363,565,116,37,1350
1644620400,M,42,230,329,478,129,14,1222
1644706800,A,44,186,293,410,87,20,1040
1644706800,F,14,90,141,210,40,13,508
1644706800,M,30,92,150,197,47,6,522
1644793200,A,97,408,575,858,183,38,2159
1644793200,F,49,210,308,449,91,24,1131
1644793200,M,46,190,262,405,91,14,1008
1644879600,A,218,794,1186,1739,387,106,4430
1644879600,F,91,378,641,925,200,71,2306
1644879600,M,124,401,540,813,187,35,2100
1644966000,A,175,767,1250,1807,413,86,4498
1644966000,F,83,356,669,965,225,51,2349
1644966000,M,90,397,580,840,188,34,2129
1645052400,A,157,746,1377,1921,488,118,4807
1645052400,F,72,367,722,1054,262,67,2544
1645052400,M,83,370,650,860,226,51,2240
1645138800,A,149,538,1075,1467,303,79,3611
1645138800,F,70,264,554,789,138,58,1873
1645138800,M,77,270,519,677,165,21,1729
1645225200,A,105,403,809,1258,282,75,2932
1645225200,F,55,195,418,666,165,47,1546
1645225200,M,50,205,388,589,117,27,1376
1645311600,A,56,216,363,525,117,29,1306
1645311600,F,23,101,200,274,62,16,676
1645311600,M,33,114,160,249,55,13,624
1645398000,A,99,438,760,1064,295,42,2698
1645398000,F,51,208,397,577,140,30,1403
1645398000,M,48,227,361,484,154,12,1286
1645484400,A,182,792,1386,2367,519,131,5377
1645484400,F,92,371,725,1252,274,86,2800
1645484400,M,89,421,661,1113,244,45,2573
1645570800,A,194,713,1450,2230,583,131,5301
1645570800,F,97,327,773,1197,295,83,2772
1645570800,M,97,384,673,1032,288,48,2522
1645657200,A,210,671,1531,2140,574,146,5272
1645657200,F,97,350,824,1108,298,101,2778
1645657200,M,113,320,698,1025,276,44,2476
1645743600,A,216,645,1219,1725,492,155,4452
1645743600,F,95,324,640,917,271,99,2346
1645743600,M,121,318,570,804,221,56,2090
1645830000,A,159,507,1036,1400,437,134,3673
1645830000,F,79,235,591,754,228,90,1977
1645830000,M,79,266,435,642,209,44,1675
1645916400,A,51,181,324,503,130,53,1242
1645916400,F,23,79,178,280,63,27,650
1645916400,M,27,98,145,223,67,26,586
1646002800,A,107,467,767,1127,331,78,2877
1646002800,F,53,221,406,605,181,48,1514
1646002800,M,54,245,361,518,149,30,1357
1646089200,A,260,930,1427,2106,522,159,5404
1646089200,F,130,458,787,1138,271,106,2890
1646089200,M,129,470,638,964,249,53,2503
1646175600,A,220,894,1491,2123,544,177,5449
1646175600,F,102,411,801,1147,286,117,2864
1646175600,M,118,478,686,974,258,60,2574
1646262000,A,296,985,1704,2412,647,241,6285
1646262000,F,157,477,944,1310,356,161,3405
1646262000,M,136,506,756,1098,290,80,2866
1646348400,A,196,808,1440,1979,617,209,5249
1646348400,F,98,392,768,1056,313,121,2748
1646348400,M,96,413,671,917,302,87,2486
1646434800,A,189,723,1167,1668,508,137,4392
1646434800,F,79,375,627,898,250,93,2322
1646434800,M,110,344,538,766,257,44,2059
1646521200,A,77,338,491,714,228,74,1922
1646521200,F,40,173,268,393,126,57,1057
1646521200,M,36,164,221,321,102,17,861
1646607600,A,206,876,1299,1888,482,159,4910
1646607600,F,105,428,692,1078,241,92,2636
1646607600,M,100,446,603,806,241,66,2262
1646694000,A,309,1290,1802,2741,747,218,7107
1646694000,F,176,651,987,1513,400,140,3867
1646694000,M,133,631,809,1225,346,78,3222
1646780400,A,344,1508,2149,3273,876,233,8383
1646780400,F,167,750,1147,1782,453,146,4445
1646780400,M,174,751,997,1487,422,87,3918
1646866800,A,343,1492,2045,3053,802,281,8016
1646866800,F,166,727,1086,1630,411,182,4202
1646866800,M,177,757,950,1419,391,98,3792
1646953200,A,284,1197,1963,2726,774,207,7151
1646953200,F,123,576,1070,1441,423,138,3771
1646953200,M,161,613,889,1277,350,67,3357
1647039600,A,182,833,1378,1804,504,149,4850
1647039600,F,93,404,719,969,255,94,2534
1647039600,M,89,428,653,830,248,54,2302
1647126000,A,107,442,702,1012,317,101,2681
1647126000,F,51,197,378,568,174,67,1435
1647126000,M,54,244,321,440,140,34,1233
1647212400,A,225,972,1616,2395,742,217,6167
1647212400,F,112,467,865,1291,399,125,3259
1647212400,M,113,502,740,1094,338,92,2879
1647298800,A,258,1231,2075,3302,948,236,8050
1647298800,F,126,584,1066,1839,513,154,4282
1647298800,M,129,642,997,1453,434,81,3736
1647385200,A,318,1366,2381,3719,1115,420,9319
1647385200,F,151,654,1249,2011,604,257,4926
1647385200,M,166,706,1126,1701,507,159,4365
1647471600,A,303,1327,2258,3460,1065,270,8683
1647471600,F,136,660,1161,1841,578,163,4539
1647471600,M,165,661,1090,1608,481,107,4112
1647558000,A,261,1026,1968,3073,1002,246,7576
1647558000,F,123,511,1009,1655,533,158,3989
1647558000,M,137,511,950,1411,466,84,3559
1647644400,A,167,591,1204,1874,607,143,4586
1647644400,F,80,275,621,989,304,92,2361
1647644400,M,86,309,574,876,302,49,2196
1647730800,A,127,500,974,1477,478,129,3685
1647730800,F,57,220,510,786,234,89,1896
1647730800,M,69,277,456,682,243,40,1767
1647817200,A,220,912,1764,2707,933,299,6835
1647817200,F,99,430,886,1444,495,192,3546
1647817200,M,119,476,872,1255,437,106,3265
1647903600,A,337,1327,2286,3667,1194,336,9147
1647903600,F,153,636,1211,2035,657,196,4888
1647903600,M,181,684,1063,1618,535,137,4218
1647990000,A,299,1256,2155,3577,1221,386,8894
1647990000,F,135,626,1102,1907,633,257,4660
1647990000,M,162,624,1045,1659,581,129,4200
1648076400,A,298,1173,2098,3459,1189,370,8587
1648076400,F,142,586,1095,1856,627,226,4532
1648076400,M,155,575,993,1595,558,136,4012
1648162800,A,234,986,1767,2972,957,297,7213
1648162800,F,110,500,937,1600,499,187,3833
1648162800,M,123,482,827,1366,453,106,3357
1648249200,A,157,591,1163,1843,594,160,4508
1648249200,F,66,268,564,992,299,109,2298
1648249200,M,89,316,581,825,286,48,2145
1648335600,A,87,291,634,969,375,114,2470
1648335600,F,44,143,333,520,207,58,1305
1648335600,M,42,145,294,444,167,52,1144
1648418400,A,175,719,1433,2327,782,241,5677
1648418400,F,78,358,757,1260,423,160,3036
1648418400,M,96,356,666,1047,354,81,2600
1648504800,A,239,970,1739,3036,1018,287,7289
1648504800,F,110,481,921,1625,549,170,3856
1648504800,M,127,484,806,1399,465,115,3396
1648591200,A,255,1011,2108,3352,1061,286,8073
1648591200,F,125,519,1075,1832,591,169,4311
1648591200,M,130,484,1024,1506,467,116,3727
1648677600,A,272,1037,2287,3349,1121,287,8353
1648677600,F,138,503,1188,1804,585,197,4415
1648677600,M,131,525,1081,1531,531,88,3887
1648764000,A,200,850,1755,2649,900,241,6595
1648764000,F,99,427,892,1410,506,151,3485
1648764000,M,99,417,856,1230,392,85,3079
1648850400,A,118,449,890,1330,425,105,3317
1648850400,F,51,217,452,726,212,70,1728
1648850400,M,66,229,436,603,212,34,1580
1648936800,A,35,190,416,662,264,69,1636
1648936800,F,14,89,212,346,126,40,827
1648936800,M,20,100,200,311,137,27,795
1649023200,A,170,643,1530,2306,711,218,5578
1649023200,F,83,339,826,1211,365,130,2954
1649023200,M,84,298,687,1080,344,87,2580
1649109600,A,210,715,1581,2455,779,200,5940
1649109600,F,115,357,839,1313,409,128,3161
1649109600,M,92,353,728,1133,366,72,2744
1649196000,A,187,730,1806,2674,776,264,6437
1649196000,F,92,340,923,1478,412,175,3420
1649196000,M,91,376,872,1189,362,85,2975
1649282400,A,182,596,1625,2473,742,226,5844
1649282400,F,100,292,871,1391,398,139,3191
1649282400,M,80,295,740,1077,339,84,2615
1649368800,A,135,468,1131,1572,465,155,3926
1649368800,F,54,250,610,848,250,105,2117
1649368800,M,78,215,515,714,214,49,1785
1649455200,A,64,247,500,813,254,74,1952
1649455200,F,32,117,263,428,129,45,1014
1649455200,M,32,130,236,383,124,27,932
1649541600,A,22,88,174,288,130,36,738
1649541600,F,12,40,92,143,67,20,374
1649541600,M,10,47,80,137,63,15,352
1649628000,A,134,421,1234,1686,585,222,4282
1649628000,F,73,218,641,899,296,132,2259
1649628000,M,61,201,587,782,283,83,1997
1649714400,A,151,416,1127,1756,546,130,4126
1649714400,F,63,194,609,950,270,82,2168
1649714400,M,86,220,513,795,274,48,1936
1649800800,A,144,430,1181,1771,604,163,4293
1649800800,F,73,210,607,973,314,84,2261
1649800800,M,69,212,564,790,287,76,1998
1649887200,A,89,286,918,1389,459,148,3289
1649887200,F,41,139,483,753,263,88,1767
1649887200,M,48,144,432,630,196,58,1508
1649973600,A,17,56,211,363,150,36,833
1649973600,F,9,25,110,200,87,21,452
1649973600,M,8,29,99,157,62,15,370
1650060000,A,16,80,252,437,155,51,991
1650060000,F,8,35,130,244,73,35,525
1650060000,M,8,43,115,182,77,12,437
1650146400,A,2,14,24,62,42,14,158
1650146400,F,1,7,13,41,24,11,97
1650146400,M,1,7,10,21,18,3,60
1650232800,A,16,33,104,173,74,27,427
1650232800,F,8,16,47,83,36,14,204
1650232800,M,7,16,56,82,36,11,208
1650319200,A,134,368,1117,1715,638,143,4115
1650319200,F,63,174,603,917,346,85,2188
1650319200,M,70,192,507,780,289,56,1894
1650405600,A,70,183,844,1396,508,138,3139
1650405600,F,35,92,446,749,262,80,1664
1650405600,M,35,90,388,637,245,58,1453
1650492000,A,69,170,924,1555,533,153,3404
1650492000,F,35,89,494,869,290,86,1863
1650492000,M,32,78,425,677,240,64,1516
1650578400,A,45,93,543,849,321,65,1916
1650578400,F,23,38,285,459,188,36,1029
1650578400,M,22,53,255,388,133,29,880
1650664800,A,3,31,112,224,90,28,488
1650664800,F,0,16,64,123,47,18,268
1650664800,M,3,15,48,101,43,9,219
1650751200,A,1,13,30,65,24,5,138
1650751200,F,1,6,15,37,14,4,77
1650751200,M,0,7,15,28,10,1,61
1650837600,A,45,147,641,1004,413,129,2379
1650837600,F,21,68,366,537,214,74,1280
1650837600,M,24,78,275,461,198,54,1090
1650924000,A,38,134,471,787,343,97,1870
1650924000,F,19,61,256,448,180,61,1025
1650924000,M,19,73,211,337,160,36,836
1651010400,A,39,138,478,820,320,74,1869
1651010400,F,18,70,236,432,175,43,974
1651010400,M,21,66,240,385,143,30,885
1651096800,A,29,98,438,634,268,83,1550
1651096800,F,11,50,231,367,135,55,849
1651096800,M,18,47,206,263,132,28,694
1651183200,A,16,70,296,399,212,49,1042
1651183200,F,9,31,162,229,107,38,576
1651183200,M,7,39,133,170,105,11,465
1651269600,A,3,21,49,90,66,7,236
1651269600,F,2,10,26,50,42,4,134
1651269600,M,1,11,23,40,24,3,102
1651356000,A,3,5,23,38,22,8,99
1651356000,F,2,2,10,19,10,4,47
1651356000,M,1,3,13,19,11,4,51
1651442400,A,31,110,367,558,270,106,1442
1651442400,F,16,52,186,316,139,59,768
1651442400,M,15,57,178,239,128,45,662
1651528800,A,25,113,301,561,247,58,1305
1651528800,F,14,54,148,326,134,33,709
1651528800,M,11,59,151,234,113,25,593
1651615200,A,37,115,317,497,194,65,1225
1651615200,F,18,61,179,247,100,44,649
1651615200,M,17,51,137,249,94,21,569
1651701600,A,14,71,270,338,175,54,922
1651701600,F,6,40,141,202,105,39,533
1651701600,M,8,31,129,136,70,15,389
1651788000,A,10,57,208,285,130,41,731
1651788000,F,2,29,115,172,55,27,400
1651788000,M,8,28,93,113,75,14,331
1651874400,A,2,7,18,35,18,4,84
1651874400,F,2,2,15,25,9,2,55
1651874400,M,0,5,3,10,9,2,29
1651960800,A,3,4,9,21,5,3,45
1651960800,F,1,1,6,9,2,2,21
1651960800,M,2,3,3,12,3,1,24
1652047200,A,23,93,296,503,220,91,1226
1652047200,F,8,46,163,312,108,50,687
1652047200,M,14,46,133,189,111,39,532
1652133600,A,15,84,208,407,162,50,926
1652133600,F,8,42,112,225,89,28,504
1652133600,M,7,42,94,181,72,21,417
1652220000,A,16,85,209,404,174,40,928
1652220000,F,8,48,119,222,102,25,524
1652220000,M,8,36,88,179,69,15,395
